point_type,station_name,lat,lng,member_casual,total_rides
end,Public Rack - Oak Park Ave & Foster Ave,41.975,-87.812,casual,8
end,Public Rack - Touhy Ave & Oconto Ave,42.012,-87.808,casual,20
end,Public Rack - Mont Clare Ave & Higgins Ave,41.981,-87.805,casual,10
end,Milwaukee Ave & Highland Ave,41.996,-87.787,casual,148
end,Harlem Ave & Irving Park Rd,41.953,-87.807,casual,105
end,Public Rack - Sayer & Northwest Hwy,41.994,-87.803,casual,5
end,Harlem Ave & Grace St,41.949,-87.807,casual,27
end,Kilbourn Ave & Diversey Ave,41.932,-87.739,casual,187
end,Edgebrook Metra,41.998,-87.765,casual,134
end,Narragansett Ave & McLean Ave,41.916,-87.785,casual,115
end,Lockwood Ave & Grand Ave,41.918,-87.758,casual,105
end,Narragansett Ave & Wrightwood Ave,41.927,-87.785,casual,225
end,Meade Ave & Diversey Ave,41.931,-87.778,casual,56
end,Menard Ave & North Ave,41.91,-87.77,casual,42
end,Midway Orange Line,41.787,-87.739,casual,207
end,Kilbourn Ave & Milwaukee Ave,41.949,-87.74,casual,139
end,Paulina Ave & North Ave,41.91,-87.67,casual,5088
end,Clark St & Montrose Ave,41.962,-87.666,casual,2144
end,Pine Ave & Division St,41.902,-87.764,casual,145
end,California & 16th St,41.859,-87.696,casual,99
end,Archer Ave & Wentworth Ave,41.855,-87.631,casual,1365
end,Marmora Ave & Irving Park Rd,41.953,-87.775,casual,131
end,Lawler Ave & North Ave,41.909,-87.752,casual,84
end,Austin Blvd & Chicago Ave,41.895,-87.775,casual,63
end,Central Park Ave & Elbridge Ave,41.935,-87.717,casual,1194
end,Parkside Ave & Armitage Ave,41.917,-87.767,casual,20
end,Monticello Ave & Lawrence Ave,41.968,-87.72,casual,116
end,Laramie Ave & Kinzie St,41.888,-87.756,casual,90
end,Clinton St & Lake St,41.886,-87.642,casual,3902
end,Public Rack - Minuteman Park,41.785,-87.763,casual,21
end,Hamlin Ave & Grand Ave,41.904,-87.722,casual,71
end,Knox Ave & Montrose Ave,41.961,-87.745,casual,371
end,Kilbourn Ave & Belden Ave,41.922,-87.739,casual,166
end,Public Rack - Parkside & Elston,41.985,-87.77,casual,2
end,Public Rack - Milwaukee Ave & Culyer Ave,41.955,-87.749,casual,25
end,Kostner Ave & Devon Ave,41.997,-87.738,casual,138
end,Public Rack - Bernard St & Foster Ave,41.976,-87.713,casual,15
end,Public Rack - Spaulding Ave & Bryn Mawr Ave,41.983,-87.711,casual,15
end,Southport Ave & Waveland Ave,41.948,-87.664,casual,5427
end,Damen Ave & Pierce Ave,41.909,-87.678,casual,4689
end,Spaulding Ave & Milwaukee Ave,41.931,-87.711,casual,272
end,California Ave & Milwaukee Ave,41.923,-87.697,casual,3567
end,Lowell Ave & Armitage Ave,41.917,-87.735,casual,257
end,Kedzie Ave & Palmer Ct,41.922,-87.707,casual,1308
end,Lavergne Ave & 46th St,41.809,-87.748,casual,39
end,2112 W Peterson Ave,41.991,-87.684,casual,239
end,Clark St & Lake St,41.886,-87.631,casual,5086
end,Lamon Ave & 47th St,41.808,-87.746,casual,35
end,Public Rack - Cicero Ave & Belle Plaine Ave,41.956,-87.748,casual,57
end,Damen Ave & Sunnyside Ave,41.963,-87.679,casual,1164
end,Karlov Ave & Lawrence Ave,41.968,-87.73,casual,184
end,Elston Ave & George St,41.934,-87.691,casual,586
end,Central Park Ave & North Ave,41.91,-87.717,casual,529
end,Sacramento Ave & Linden Pl,41.926,-87.703,casual,453
end,Columbus Ave & 79th St,41.749,-87.704,casual,101
end,Humboldt Blvd & Armitage Ave,41.918,-87.702,casual,1938
end,N Shore Channel Trail & Argyle St,41.972,-87.703,casual,173
end,Central Ave & Roscoe St,41.942,-87.767,casual,51
end,Public Rack - Springfield Ave & Lawrence Ave,41.968,-87.726,casual,58
end,Talman Ave & Addison St,41.947,-87.695,casual,931
end,Leavitt St & Addison St,41.947,-87.683,casual,1039
end,Cicero Ave & Roscoe Ave,41.942,-87.747,casual,109
end,St Louis Ave & Foster Ave,41.976,-87.716,casual,130
end,Damen Ave & Cortland St,41.916,-87.677,casual,3696
end,Cicero Ave & Wrightwood Ave,41.928,-87.747,casual,112
end,Kedzie Ave & Bryn Mawr Ave,41.982,-87.709,casual,332
end,Public Rack - Pulaski & Rosemont,41.995,-87.729,casual,3
end,Milwaukee Ave & Diversey Ave,41.933,-87.712,casual,128
end,Dayton St & North Ave,41.91,-87.65,casual,4141
end,Paulina St & Cortland St,41.916,-87.67,casual,648
end,Milwaukee Ave & Armitage Ave,41.918,-87.689,casual,950
end,Harding Ave & Division St,41.902,-87.725,casual,99
end,Lawndale Ave & 16th St,41.859,-87.718,casual,39
end,Kildare Ave & Archer Ave,41.8,-87.731,casual,27
end,Tripp Ave & 15th St,41.861,-87.731,casual,32
end,Hamlin Ave & 62nd Pl,41.78,-87.718,casual,37
end,California Ave & North Ave,41.91,-87.697,casual,1424
end,Central Park Ave & Bloomingdale Ave,41.914,-87.717,casual,1017
end,Lincoln Ave & Diversey Pkwy,41.932,-87.659,casual,3189
end,Lawndale Ave & 59th St,41.786,-87.716,casual,51
end,Kedzie Ave & Harrison St,41.874,-87.705,casual,42
end,Springfield Ave & 71st St,41.764,-87.72,casual,33
end,Kedzie Ave & 57th St,41.79,-87.703,casual,313
end,State St & Kinzie St,41.889,-87.627,casual,5031
end,Fairbanks Ct & Grand Ave,41.892,-87.621,casual,6386
end,Western Ave & Division St,41.903,-87.687,casual,1566
end,Honore St & Division St,41.903,-87.674,casual,3236
end,Public Rack - Karlov Ave & Kamerling Ave,41.906,-87.729,casual,23
end,Southport Ave & Wellington Ave,41.936,-87.664,casual,4071
end,Leavitt St & Belmont Ave,41.939,-87.683,casual,1518
end,Troy St & Grace St,41.95,-87.706,casual,256
end,Western Ave & Grace St,41.95,-87.688,casual,525
end,Central St Metra,42.064,-87.699,casual,673
end,Central St & Girard Ave,42.064,-87.686,casual,382
end,Leavitt St & Lawrence Ave,41.969,-87.684,casual,970
end,Racine Ave & Broadway,41.968,-87.66,casual,751
end,Ashland Ave & Chicago Ave,41.896,-87.668,casual,1798
end,Racine/Eddy Corral,41.946,-87.659,casual,492
end,W 103rd St & S Avers Ave,41.706,-87.717,casual,35
end,Damen Ave & Charleston St,41.92,-87.678,casual,1891
end,Lakefront Trail & Bryn Mawr Ave,41.984,-87.652,casual,5785
end,Wood St & Cortland St,41.916,-87.673,casual,356
end,Stave St & Armitage Ave,41.918,-87.691,casual,1312
end,Throop St & Taylor St,41.869,-87.659,casual,1470
end,Public Rack - Kimball Ave & Lawrence Ave,41.968,-87.713,casual,29
end,Benson Ave & Church St,42.048,-87.683,casual,2711
end,Chicago Ave & Sheridan Rd,42.05,-87.678,casual,2892
end,Sheridan Rd & Noyes St (NU),42.058,-87.677,casual,2993
end,Ogden Ave & Roosevelt Rd,41.867,-87.685,casual,223
end,Ashland Ave & Grace St,41.951,-87.669,casual,1671
end,Wood St & Webster Ave,41.921,-87.673,casual,820
end,Kedzie Ave & 110th St,41.692,-87.701,casual,32
end,Sheridan Rd & Montrose Ave,41.962,-87.655,casual,3455
end,Sheridan Rd & Irving Park Rd,41.954,-87.654,casual,4020
end,DuSable Lake Shore Dr & Belmont Ave,41.941,-87.639,casual,7532
end,Public Rack - Bryn Mawr Ave & Spaulding Ave,41.983,-87.712,casual,19
end,Eddy/Seminary Corral,41.946,-87.657,casual,849
end,Public Rack - Karlov Ave & Milwaukee Ave,41.943,-87.73,casual,109
end,Public Rack - Avers & Lawrence,41.968,-87.724,casual,14
end,Washtenaw Ave & Peterson Ave,41.991,-87.697,casual,50
end,Rockwell St & 57th St,41.79,-87.689,casual,142
end,Kedzie Ave & Roosevelt Rd,41.866,-87.706,casual,61
end,Dayton St & North Ave,41.911,-87.649,casual,3384
end,Oakley Ave & Lyndale St,41.923,-87.685,casual,392
end,Sacramento Ave & 51st St,41.801,-87.699,casual,32
end,California Ave & 29th St,41.84,-87.694,casual,5
end,Elizabeth St & Fulton St,41.887,-87.659,casual,490
end,Chicago Ave & Washington St,42.033,-87.679,casual,1167
end,State St & Chicago Ave,41.897,-87.629,casual,8901
end,Clark St & Jarvis Ave,42.016,-87.675,casual,408
end,Lincoln Ave & Balmoral Ave,41.979,-87.693,casual,231
end,Albany Ave & Douglas Blvd,41.863,-87.703,casual,148
end,Sheffield Ave & Kingsbury St,41.911,-87.653,casual,3137
end,Halsted St & Roscoe St,41.944,-87.649,casual,5002
end,Broadway & Ridge Ave,41.984,-87.66,casual,1546
end,Peoria St & Kinzie St,41.889,-87.65,casual,1358
end,The Salt Shed,41.907,-87.66,casual,1097
end,Damen Ave & St Paul Ave,41.913,-87.678,casual,755
end,Lincoln Ave & Waveland Ave,41.949,-87.675,casual,1077
end,Public Rack - Lawndale Ave & Diversey Ave,41.932,-87.719,casual,42
end,Sheffield Ave & Wellington Ave,41.936,-87.653,casual,4396
end,Kildare & Cermak,41.851,-87.732,casual,13
end,Halsted St & 47th Pl,41.808,-87.646,casual,126
end,Kedzie Ave & Redfield Dr,41.765,-87.703,casual,42
end,Public Rack - Emerald Ave & 43rd St,41.816,-87.645,casual,39
end,Kedzie Ave & 54th Pl,41.794,-87.703,casual,56
end,California Ave & Winona St,41.975,-87.698,casual,116
end,DuSable Lake Shore Dr & Diversey Pkwy,41.933,-87.636,casual,8390
end,Sheffield Ave & Willow St,41.914,-87.653,casual,2102
end,Kingsbury St & Kinzie St 2,41.889,-87.638,casual,3183
end,Western Ave & Congress Pkwy,41.875,-87.686,casual,724
end,Sacramento Ave & 25th St,41.847,-87.7,casual,35
end,Sheffield Ave & Webster Ave,41.922,-87.654,casual,4219
end,Kimball Ave & Wrightwood Ave,41.928,-87.712,casual,159
end,Clarendon Ave & Leland Ave,41.968,-87.65,casual,2378
end,Glenwood Ave & Touhy Ave,42.013,-87.666,casual,533
end,Greenview Ave & Jarvis Ave,42.016,-87.669,casual,1024
end,Fairfield Ave & Pratt Blvd,42.004,-87.699,casual,196
end,Sheridan Rd & Columbia Ave,42.005,-87.661,casual,796
end,Clark St & Chicago Ave,41.897,-87.631,casual,3227
end,DuSable Lake Shore Dr & Monroe St,41.881,-87.617,casual,29820
end,Wabash Ave & Adams St,41.879,-87.626,casual,3147
end,Dearborn St & Erie St,41.894,-87.629,casual,6975
end,Racine Ave & Wrightwood Ave,41.929,-87.659,casual,2036
end,Glenwood Ave & Morse Ave,42.008,-87.666,casual,1025
end,Public Rack - Central Park & Bryn Mawr,41.983,-87.72,casual,4
end,Hoyne Ave & 47th St,41.808,-87.677,casual,235
end,Canal St & Monroe St,41.883,-87.64,casual,1976
end,Sedgwick St & North Ave,41.911,-87.639,casual,3934
end,Adler Planetarium,41.866,-87.607,casual,9205
end,Western Ave & 24th St,41.848,-87.685,casual,383
end,Mozart St & 79th St,41.75,-87.694,casual,51
end,Archer (Damen) Ave & 37th St,41.827,-87.683,casual,116
end,Halsted St & Melrose St,41.941,-87.649,casual,428
end,Ogden Ave & Chicago Ave,41.896,-87.654,casual,2843
end,Cannon Dr & Fullerton Ave,41.927,-87.634,casual,2990
end,Dearborn Pkwy & Delaware Pl,41.899,-87.63,casual,6910
end,Elmwood Ave & Austin St,42.026,-87.684,casual,444
end,Wabash Ave & Roosevelt Rd,41.867,-87.626,casual,5846
end,Halsted St & Roosevelt Rd,41.867,-87.649,casual,1255
end,Vincennes Ave & 104th St,41.705,-87.657,casual,103
end,Laflin St & Cullerton St,41.855,-87.664,casual,956
end,Hermitage Ave & Polk St,41.872,-87.67,casual,896
end,Orleans St & Chestnut St (NEXT Apts),41.898,-87.638,casual,2147
end,Damen Ave & Evergreen Ave,41.906,-87.678,casual,306
end,Public Rack - Pulaski Rd & Fullerton Ave,41.925,-87.727,casual,22
end,Damen Ave & Clybourn Ave,41.932,-87.679,casual,304
end,Clarendon Ave & Gordon Ter,41.958,-87.65,casual,3679
end,Bosworth Ave & Howard St,42.02,-87.67,casual,513
end,Public Rack - Western Ave & Devon Ave,41.998,-87.69,casual,24
end,Larrabee St & Armitage Ave,41.918,-87.644,casual,2738
end,Artesian Ave & 55th St,41.794,-87.686,casual,59
end,Wood St & 35th St,41.83,-87.67,casual,354
end,Clinton St & Jackson Blvd,41.878,-87.641,casual,5522
end,Fairbanks St & Superior St,41.896,-87.62,casual,1935
end,Central Park & Augusta Blvd,41.899,-87.716,casual,54
end,N Paulina St & Lincoln Ave,41.944,-87.671,casual,379
end,Shedd Aquarium,41.867,-87.615,casual,14889
end,Franklin St & Lake St,41.886,-87.636,casual,2944
end,Halsted St & Polk St,41.872,-87.647,casual,1853
end,Eastlake Ter & Howard St,42.019,-87.664,casual,519
end,Grace/Sheffield Corral,41.951,-87.655,casual,294
end,Griffin Museum of Science and Industry,41.792,-87.584,casual,3144
end,Clinton St & Polk St,41.871,-87.641,casual,427
end,Jefferson St & Monroe St,41.88,-87.643,casual,1645
end,Walden Pkwy & 100th St,41.712,-87.668,casual,166
end,Public Rack - Longwood Dr & 111th St,41.692,-87.672,casual,2
end,Western Ave & 104th St,41.705,-87.681,casual,64
end,Public Rack - Rockwell & 111th St,41.691,-87.686,casual,4
end,Parnell Ave & 127th St,41.663,-87.634,casual,22
end,Western Ave & Berteau Ave,41.958,-87.688,casual,278
end,Michigan Ave & Lake St,41.886,-87.624,casual,8439
end,McClurg Ct & Ohio St,41.893,-87.617,casual,8109
end,Public Rack - Racine Ave & Armitage Ave,41.918,-87.658,casual,36
end,Broadway & Roscoe Ave,41.944,-87.645,casual,950
end,Southport Ave & Grace St,41.952,-87.664,casual,382
end,Halsted St & Maxwell St,41.865,-87.647,casual,2583
end,Canal St & Lake St,41.886,-87.64,casual,460
end,Wood St & Walnut St,41.886,-87.672,casual,150
end,Larrabee St & North Ave,41.91,-87.644,casual,1638
end,Princeton Ave & 47th St,41.809,-87.633,casual,185
end,Shields Ave & 31st St,41.838,-87.635,casual,813
end,Aberdeen St & Monroe St,41.88,-87.655,casual,662
end,Green St & Chicago Ave,41.893,-87.651,casual,754
end,Komensky Ave & 31st St,41.837,-87.726,casual,24
end,Lake Park Ave & 53rd St,41.799,-87.586,casual,2011
end,Indiana Ave & Roosevelt Rd,41.868,-87.623,casual,8677
end,Damen Ave & 87th St,41.736,-87.673,casual,51
end,Damen Ave & 77th St,41.754,-87.673,casual,42
end,Elizabeth St & Fulton St,41.887,-87.66,casual,1089
end,Larrabee St & Oak St,41.9,-87.642,casual,821
end,Dearborn St & Erie St,41.893,-87.634,casual,772
end,McClurg Ct & Erie St,41.895,-87.618,casual,3554
end,Public Rack - Michigan Ave & Delaware Pl,41.899,-87.624,casual,110
end,Ada St & 113th Place,41.688,-87.655,casual,7
end,Princeton Ave & 95th St,41.722,-87.631,casual,22
end,Public Rack - Milwaukee Ave & School St,41.941,-87.726,casual,21
end,Noble St & Potomac Ave,41.891,-87.664,casual,6
end,Loomis St & Archer Ave,41.842,-87.657,casual,364
end,Vincennes Ave & 107th St,41.699,-87.659,casual,64
end,Blackstone Ave & 53rd St,41.8,-87.59,casual,2724
end,State St & 95th St,41.722,-87.623,casual,210
end,Archer Ave & 43rd St,41.815,-87.702,casual,37
end,Shields Ave & 28th Pl,41.843,-87.635,casual,485
end,Ashland Ave & 78th St,41.752,-87.664,casual,36
end,Public Rack - California Ave & Devon Ave - NW,41.998,-87.7,casual,7
end,Clark St & Washington St,41.883,-87.631,casual,316
end,Parnell Ave & 31st St,41.838,-87.64,casual,232
end,Wabash Ave & 16th St,41.86,-87.626,casual,2289
end,Union Ave & Root St,41.819,-87.643,casual,154
end,Sedgwick St & Chicago Ave,41.897,-87.639,casual,396
end,Ellis Ave & 55th St,41.794,-87.601,casual,3794
end,Public Rack - Dearborn St & Kinzie St 1,41.889,-87.629,casual,122
end,Woodlawn Ave & 58th St,41.789,-87.596,casual,2221
end,Public Rack - Kenmore Ave & Armitage Ave,41.918,-87.655,casual,4
end,Blackstone Ave & Hyde Park Blvd,41.803,-87.59,casual,1169
end,Dearborn St & Washington St,41.883,-87.629,casual,392
end,Blackstone Ave & 59th St,41.788,-87.59,casual,1920
end,North Branch St & Haines St,41.901,-87.651,casual,65
end,Halsted St & 93rd St,41.725,-87.644,casual,47
end,Kimbark Ave & 53rd St,41.799,-87.595,casual,3490
end,State St & 33rd St,41.835,-87.626,casual,1098
end,Prairie Ave & 43rd St,41.817,-87.619,casual,355
end,Lake Park Ave & 56th St,41.792,-87.587,casual,1564
end,Greenwood Ave & 47th St,41.81,-87.599,casual,421
end,Halsted St & 83rd St,41.743,-87.644,casual,15
end,Halsted St & 104th St,41.705,-87.642,casual,60
end,Wentworth Ave & 92nd St,41.727,-87.629,casual,30
end,Halsted St & 123rd St,41.671,-87.642,casual,28
end,Troy St & Jackson Blvd,41.878,-87.705,casual,14
end,Halsted St & 119th St,41.678,-87.642,casual,39
end,Archer Ave & 49th St,41.804,-87.721,casual,29
end,Ellis Ave & 58th St,41.789,-87.601,casual,1603
end,Public Rack - Clark St & Oak St,41.901,-87.631,casual,5
end,S Michigan Ave & E 118th St,41.68,-87.621,casual,5
end,Stony Island Ave & 67th St,41.773,-87.585,casual,138
end,Public Rack - Hyde Park Blvd & 53rd St,41.799,-87.584,casual,80
end,Public Rack - Halsted St & 113th St,41.689,-87.643,casual,2
end,Cottage Grove Ave & 51st St,41.803,-87.607,casual,302
end,Public Rack - Carpenter St & Madison St,41.882,-87.654,casual,16
end,Wentworth Ave & 111th St,41.693,-87.628,casual,12
end,State St & 123rd St,41.671,-87.623,casual,28
end,Clyde Ave & 87th St,41.737,-87.573,casual,83
end,MLK Jr Dr & 83rd St,41.743,-87.615,casual,18
end,Cottage Grove Ave & 71st St,41.766,-87.605,casual,38
end,Public Rack - Jeffrey Blvd & 71st St,41.766,-87.576,casual,13
end,Public Rack - Laflin St &51st ST,41.801,-87.662,casual,4
end,MLK Jr Dr & 56th St,41.793,-87.616,casual,118
end,Vernon Ave & 107th St,41.7,-87.612,casual,42
end,Public Rack - DuSable Lake Shore Dr & Ontario St,41.894,-87.616,casual,19
end,Shore Dr & 53rd St,41.799,-87.582,casual,208
end,Vernon Ave & 79th St,41.751,-87.614,casual,27
end,Doty Ave & 111th St,41.695,-87.599,casual,34
end,Stony Island Ave & 64th St,41.779,-87.587,casual,117
end,Jeffery Blvd & 71st St,41.767,-87.576,casual,122
end,Greenwood Ave & 79th St,41.751,-87.598,casual,42
end,Exchange Ave & 79th St,41.752,-87.552,casual,115
end,Michigan Ave & 71st St,41.765,-87.622,casual,15
end,Public Rack - Greenwood Ave & Lake Park Ave,41.817,-87.6,casual,21
end,Vernon Ave & 75th St,41.758,-87.614,casual,21
end,Burnham Greenway & 112th St,41.692,-87.53,casual,122
end,Phillips Ave & 83rd St,41.745,-87.565,casual,42
end,Phillips Ave & 79th St,41.752,-87.565,casual,58
end,Torrence Ave & 126th Pl,41.666,-87.557,casual,33
end,Public Rack - Ewing Ave & Indianapolis Ave,41.712,-87.535,casual,6
end,State St & 111th St,41.693,-87.623,casual,31
end,Public Rack - Ewing Ave & 99th St,41.716,-87.535,casual,6
end,Public Rack - Avenue J & 106th St,41.703,-87.534,casual,1
end,Manistee Ave & 95th St,41.723,-87.557,casual,7
end,Public Rack - Keef Ave & South Chicago Ave,41.771,-87.612,casual,1
end,Racine Ave & 65th St,41.775,-87.654,casual,35
end,Rockwell St & 63rd St,41.779,-87.689,casual,20
end,Public Rack - Jeffery Blvd & 67th St,41.773,-87.577,casual,13
end,Carpenter St & 63rd St,41.78,-87.651,casual,10
end,Racine Ave & 61st St,41.783,-87.654,casual,17
end,Public Rack - Mobile Ave & Archer Ave,41.793,-87.78,casual,3
end,Public Rack - Wood St & 47th St,41.809,-87.67,casual,5
end,Kildare Ave & 26th St,41.844,-87.732,casual,4
end,Farragut Ave & Central Ave,41.977,-87.768,casual,96
end,Fort Dearborn Dr & 31st St*,41.838,-87.608,casual,1
end,Public Rack - Wabash Ave & Balbo Dr,41.873,-87.626,casual,27
end,Public Rack - Rush St & Ontario St,41.893,-87.625,casual,33
end,Public Rack - Ogden Ave & Monroe St,41.88,-87.668,casual,19
end,Public Rack - St Clair St & Superior St,41.896,-87.623,casual,50
end,Public Rack - Sheffield Ave & Dickens Ave,41.92,-87.654,casual,13
end,Public Rack - Leavitt St & Potomac Ave,41.905,-87.682,casual,14
end,Public Rack - Montrose Ave & Lavergne Ave,41.961,-87.752,casual,2
end,Major Ave & Addison St,41.946,-87.772,casual,54
end,Public Rack - St Louis Ave & Berteau Ave,41.958,-87.716,casual,11
end,Public Rack - Christiana & Lincoln,41.993,-87.713,casual,9
end,Public Rack - Hiawatha & Mendota,42.007,-87.778,casual,12
end,Public Rack - Nagle Ave & Belmont Ave,41.938,-87.787,casual,3
end,Public Rack - Northwest Hwy & Bryn Mawr,41.983,-87.783,casual,4
end,Public Rack - Laramie Ave & Fullerton Ave,41.924,-87.757,casual,4
end,Public Rack - Avondale Ave & Addison St,41.947,-87.72,casual,13
end,Lavergne Ave & Archer Ave,41.798,-87.748,casual,6
end,Public Rack - Lockwood Ave & Diversey Ave,41.932,-87.759,casual,3
end,Public Rack - Legler Regional Library,41.879,-87.725,casual,5
end,Public Rack - Western Ave & 92nd Pl,41.726,-87.682,casual,10
end,Central Park Blvd & 5th Ave,41.876,-87.715,casual,53
end,Public Rack - California Ave & Devon Ave - NE,41.998,-87.699,casual,7
end,Public Rack - Wolcott Ave & 61st St,41.782,-87.672,casual,2
end,Stewart Ave & 63rd St,41.78,-87.635,casual,16
end,Public Rack - Racine Ave & 74th St,41.759,-87.654,casual,4
end,Public Rack - Clifton Ave & Armitage Ave,41.918,-87.656,casual,8
end,Summit Ave & 86th St,41.738,-87.645,casual,13
end,Public Rack - California Ave & Ogden Ave,41.861,-87.696,casual,12
end,Public Rack - Hale Ave & 111th St,41.692,-87.671,casual,1
end,Public Rack - Eberhart Ave & 61st St,41.784,-87.613,casual,24
end,Public Rack - Nordica & Archer,41.792,-87.798,casual,6
end,Public Rack - Spaulding Ave & Foster Ave,41.976,-87.71,casual,1
end,Public Rack - Kedzie Ave & 58th St,41.788,-87.704,casual,5
end,Public Rack - Western Ave & 105th St,41.703,-87.681,casual,5
end,Public Rack - Loomis Blvd & 47th St,41.809,-87.66,casual,2
end,Public Rack - Keystone Ave & North Ave,41.91,-87.728,casual,9
end,Public Rack - Avers Ave & Archer Ave,41.804,-87.72,casual,1
end,Public Rack - Abbott Park,41.722,-87.622,casual,1
end,Public Rack - Indiana Ave & 111th St,41.693,-87.618,casual,2
end,Public Rack - Houston Ave & 131st St,41.657,-87.549,casual,4
end,Public Rack - Bryn Mawr Ave & Milwaukee Ave,41.983,-87.774,casual,2
end,Public Rack - Imlay & Milwaukee,41.999,-87.79,casual,5
end,Public Rack - Harvey Ave & North Ave,41.909,-87.782,casual,1
end,Public Rack - Brooks Park,42.004,-87.807,casual,1
end,Public Rack - New England Ave & Irving Park Rd,41.799,-87.799,casual,1
end,Public Rack - Eli Whitney Public School,41.84,-87.725,casual,5
end,Public Rack - Midway Orange Line,41.786,-87.738,casual,3
end,Public Rack - Harper Ave & 63rd St,41.781,-87.588,casual,1
end,Public Rack - William J Onahan Public School,41.994,-87.793,casual,5
end,Public Rack - Norwood Park,41.987,-87.794,casual,5
end,Public Rack - Austin Ave & Wrightwood Ave,41.928,-87.776,casual,2
end,Public Rack - Keeler Ave & 26th St,41.844,-87.73,casual,2
end,Public Rack - Halsted St & 94th St,41.723,-87.644,casual,1
end,Woodlawn & 103rd,41.707,-87.594,casual,4
end,Public Rack - Haft Ave & Milwaukee Ave,41.996,-87.786,casual,4
end,Public Rack - Central Ave & North Ave,41.909,-87.766,casual,2
end,Public Rack - Kostner & Peterson,41.99,-87.738,casual,3
end,Public Rack - Lawndale Ave & 23rd St,41.85,-87.717,casual,2
end,Public Rack - Kedzie Ave & 63rd St,41.779,-87.703,casual,2
end,Public Rack - Fullerton Ave & Narragansett Ave,41.924,-87.786,casual,6
end,Public Rack - Leader & Caldwell,41.991,-87.754,casual,2
end,Public Rack - Marshfield Ave & 87th St,41.736,-87.664,casual,1
end,Public Rack - W. Talcott & N. Oriole,41.991,-87.817,casual,2
end,Public Rack - Harlem & Palatine,41.996,-87.807,casual,3
end,Public Rack - Central Ave & George St,41.933,-87.766,casual,1
end,Public Rack - Kedzie Ave & Arthington St,41.87,-87.706,casual,2
end,Public Rack - Karlov Ave & 26th St,41.844,-87.727,casual,2
end,Public Rack - Ashland Ave & 74th St,41.76,-87.664,casual,1
end,Public Rack - Western Ave & 107th Pl,41.698,-87.681,casual,2
end,Public Rack - Komensky Ave & 26th St,41.844,-87.726,casual,2
end,Public Rack - Harvard Ave & 119th St,41.678,-87.631,casual,2
end,Public Rack - Lake Park Ave & 44th St,41.815,-87.598,casual,1
end,Public Rack - Mt Greenwood Library N,41.693,-87.701,casual,2
end,Public Rack - Lowe Ave & 94th St,41.724,-87.639,casual,1
end,Public Rack - King Dr & 115th St,41.685,-87.613,casual,2
end,Public Rack - Parkside & 63rd,41.778,-87.763,casual,3
end,Public Rack - Menard Ave & Agusta Blvd,41.898,-87.771,casual,1
end,Public Rack - St Louis Ave & Flournoy St,41.873,-87.713,casual,1
end,Public Rack - Avenue M & 132nd St,41.656,-87.538,casual,2
end,Public Rack - Lorel Ave & Grand Ave,41.918,-87.76,casual,1
end,Public Rack - Kostner Ave & North Ave,41.909,-87.736,casual,1
end,Public Rack - Ewing Ave & 112th St,41.692,-87.535,casual,1
end,Public Rack - Wolcott Ave & 56th St,41.791,-87.672,casual,1
end,Public Rack - 2302 S Pulaski Rd,41.849,-87.725,casual,1
end,Public Rack - Christiana Ave & Archer Ave,41.812,-87.708,casual,1
end,Public Rack - Loomis St & 87th St,41.735,-87.658,casual,1
start,Public Rack - N. Oakview and W. Gregory St,41.98,-87.844,casual,6
start,Panama Ave & Grace St,41.948,-87.829,casual,50
start,Overhill Ave & Belmont Ave,41.938,-87.819,casual,62
start,Oconto Ave & Belmont Ave,41.938,-87.808,casual,32
start,Public Rack - Neva & Foster,41.975,-87.806,casual,4
start,Harlem Ave & Bloomingdale Ave,41.912,-87.806,casual,62
start,Public Rack - Nordica Ave & Addison St,41.945,-87.803,casual,5
start,Public Rack - Harlem and W. 59th,41.785,-87.801,casual,1
start,Oak Park & Wellington,41.935,-87.796,casual,48
start,Nagle Ave & Belmont Ave,41.939,-87.787,casual,63
start,Public Rack - 63rd St and Nagle Ave,41.778,-87.782,casual,6
start,Public Rack - Mulligan Ave & 56th St,41.79,-87.78,casual,4
start,Meade Ave & Addison St,41.946,-87.779,casual,55
start,Higgins Ave & Austin Ave,41.973,-87.779,casual,105
start,Austin Ave & Milwaukee Ave,41.987,-87.778,casual,82
start,Marmora Ave & Belmont Ave,41.938,-87.774,casual,84
start,Public Rack - Mango & Higgins,41.972,-87.772,casual,22
start,Public Rack - Irving Park Rd & Menard Ave,41.953,-87.772,casual,9
start,Public Rack - Menard Ave & Dakin St - midblock,41.952,-87.772,casual,13
start,Major Ave & Bloomingdale Ave,41.913,-87.769,casual,30
start,Grace St & Central Ave,41.95,-87.767,casual,98
start,Public Rack - Central Ave & Pensacola Ave,41.96,-87.767,casual,8
start,Central Ave & Lake St,41.888,-87.765,casual,79
start,Central Ave & Chicago Ave,41.895,-87.765,casual,64
start,Portage Park,41.956,-87.765,casual,282
start,Central Ave & Harrison St,41.873,-87.764,casual,38
start,Public Rack - Lotus Ave & Lawrence Ave,41.968,-87.764,casual,12
start,Public Rack - Linder Ave & Belmont Ave,41.939,-87.763,casual,3
start,Milwaukee Ave & Ainslie St,41.969,-87.761,casual,576
start,Long Ave & Belden Ave,41.923,-87.761,casual,43
start,Public Rack - Laramie Ave & Grand Ave,41.917,-87.756,casual,5
start,Laramie Ave & Bloomingdale Ave,41.914,-87.756,casual,82
start,Laramie Ave & Madison St,41.88,-87.755,casual,33
start,Lavergne Ave & Lawrence Ave,41.968,-87.753,casual,70
start,Lavergne Ave & Diversey Ave,41.931,-87.751,casual,99
start,Milwaukee Ave & Cuyler Ave,41.954,-87.75,casual,254
start,Lamon Ave & Belmont Ave,41.939,-87.749,casual,120
start,Public Rack - Keating & Peterson,41.99,-87.747,casual,32
start,Grace St & Cicero Ave,41.95,-87.747,casual,165
start,Cicero Ave & Wellington Ave,41.935,-87.746,casual,36
start,Public Rack - Cicero & 64th,41.776,-87.742,casual,8
start,Kostner Ave & Bryn Mawr Ave,41.983,-87.738,casual,151
start,Kostner Ave & Belmont Ave,41.939,-87.737,casual,170
start,Kostner Ave & Wrightwood Ave,41.928,-87.736,casual,147
start,Kilbourn Ave & 49th St,41.804,-87.736,casual,37
start,Public Rack - Tripp Ave & North Ave,41.91,-87.733,casual,15
start,Kildare Ave & 26th St,41.844,-87.733,casual,21
start,Public Rack - Jonathan Y Scammon Public School,41.942,-87.732,casual,108
start,Kedvale Ave & Peterson Ave,41.99,-87.732,casual,88
start,Kildare Ave & 85th St (Kostner Ave & 87th St TEMPORARY),41.735,-87.731,casual,19
start,Kildare Ave & 47th St,41.808,-87.731,casual,84
start,Granville Ave & Pulaski Rd,41.992,-87.729,casual,15
start,Tripp Ave & 65th St,41.775,-87.729,casual,92
start,Karlov Ave & Madison St,41.881,-87.728,casual,31
start,Karlov Ave & Fillmore St,41.868,-87.728,casual,21
start,Komensky Ave & 47th St,41.808,-87.725,casual,42
start,21st St & Pulaski Rd,41.853,-87.725,casual,37
start,Public Rack - Avers Ave & Irving Park Rd,41.954,-87.724,casual,27
start,Springfield Ave & North Ave,41.91,-87.724,casual,194
start,Pulaski Rd & 54th St,41.795,-87.724,casual,78
start,Harding Ave & 26th St,41.844,-87.723,casual,53
start,Pulaski Rd & 60th St,41.784,-87.723,casual,19
start,Springfield Ave & 80th St,41.748,-87.719,casual,32
start,Monticello Ave & Lawrence Ave,41.969,-87.718,casual,153
start,Public Rack - Drake Ave & Leland Ave,41.966,-87.717,casual,26
start,Public Rack - Garfield Park Conservatory,41.887,-87.717,casual,14
start,Drake Ave & Montrose Ave,41.961,-87.717,casual,478
start,Millard Ave & 26th St,41.845,-87.716,casual,79
start,Drake Ave & Armitage Ave,41.917,-87.715,casual,138
start,Bernard St & Peterson Ave,41.99,-87.715,casual,59
start,Central Park Ave & 24th St,41.848,-87.715,casual,171
start,St. Louis Ave & Fullerton Ave,41.925,-87.714,casual,970
start,St Louis Ave & Armitage Ave,41.917,-87.714,casual,71
start,Public Rack - Hollywood Park,41.989,-87.712,casual,11
start,St Louis Ave & 59th St,41.786,-87.711,casual,46
start,Homan Ave & Arthington Ave,41.87,-87.711,casual,62
start,St. Louis & 71st St,41.764,-87.71,casual,52
start,Homan Ave & 26th St,41.844,-87.71,casual,103
start,Public Rack - Spaulding Ave & Evergreen Ave,41.905,-87.71,casual,86
start,Sawyer Ave & Fullerton Ave,41.924,-87.709,casual,175
start,Kedzie Ave & Foster Ave,41.976,-87.709,casual,357
start,North Boundary Park,42.013,-87.709,casual,192
start,Spaulding Ave & 16th St,41.859,-87.708,casual,74
start,Public Rack - Christiana Ave & 55th St,41.793,-87.708,casual,11
start,Homan Ave & 77th St,41.754,-87.708,casual,31
start,Kedzie Ave & George St,41.934,-87.707,casual,610
start,Troy St & Elston Ave,41.945,-87.707,casual,620
start,Public Rack - Kedzie Ave & Chicago Ave,41.896,-87.706,casual,14
start,Kedzie Ave & Jackson Blvd,41.877,-87.706,casual,50
start,Albany Ave & Montrose Ave,41.961,-87.706,casual,756
start,Spaulding Ave & 63rd,41.779,-87.706,casual,39
start,Virginia Ave & Catalpa Ave,41.981,-87.705,casual,78
start,Sacramento Ave & Pratt Blvd,42.004,-87.705,casual,121
start,Kedzie Ave & Archer Ave,41.814,-87.704,casual,74
start,Richmond St & Lincoln Ave,41.988,-87.703,casual,107
start,Kedzie Ave & 66th Pl,41.773,-87.703,casual,35
start,Sacramento Blvd & Franklin Blvd,41.89,-87.703,casual,102
start,Francisco Ave & Hollywood Ave,41.985,-87.702,casual,22
start,California Ave & Touhy Ave,42.012,-87.7,casual,160
start,Pershing Rd & Sacramento Ave,41.822,-87.7,casual,99
start,California Ave & Granville Ave,41.994,-87.7,casual,210
start,California Ave & Altgeld St,41.927,-87.698,casual,1019
start,California Ave & Francis Pl,41.919,-87.697,casual,16
start,Budlong Woods Library,41.984,-87.696,casual,224
start,California Ave & 21st St,41.854,-87.696,casual,285
start,Lexington St & California Ave,41.872,-87.696,casual,128
start,Francisco Ave & 85th St,41.739,-87.696,casual,82
start,California Ave & 23rd Pl,41.849,-87.695,casual,135
start,California Ave & 26th St,41.844,-87.695,casual,54
start,Mozart St & 55th St,41.794,-87.695,casual,28
start,Washtenaw Ave & Polk St,41.871,-87.694,casual,261
start,Maplewood Ave & Peterson Ave,41.99,-87.693,casual,158
start,California Ave & Marquette Rd,41.772,-87.693,casual,70
start,Fairfield Ave & 44th St,41.814,-87.693,casual,218
start,Rockwell/Irving Park Hub,41.954,-87.693,casual,90
start,Rockwell St & Fletcher St,41.939,-87.693,casual,791
start,Lincoln Ave & Winona St,41.975,-87.693,casual,641
start,Western Ave & Ardmore Ave,41.987,-87.69,casual,144
start,Campbell Ave & Augusta Blvd,41.9,-87.689,casual,927
start,Western Ave & Granville Ave,41.994,-87.689,casual,382
start,Smith Park,41.892,-87.689,casual,631
start,Western Ave & Leland Ave,41.966,-87.689,casual,48
start,Artesian Ave & Hubbard St,41.89,-87.688,casual,1441
start,Western Ave & Lyndale St,41.923,-87.688,casual,328
start,Western Ave & Wabansia Ave,41.912,-87.688,casual,427
start,Western Ave & Lake St,41.885,-87.687,casual,175
start,Western Ave & Lake St,41.885,-87.686,casual,47
start,Western Ave & 28th St,41.842,-87.685,casual,79
start,Western Ave & 43rd St,41.816,-87.685,casual,98
start,Artesian Ave & Marquette Rd,41.772,-87.685,casual,39
start,Artesian Ave & 71st St,41.764,-87.684,casual,25
start,Leavitt St & Armitage Ave,41.918,-87.682,casual,1607
start,Leavitt St & Chicago Ave,41.896,-87.682,casual,1456
start,Milwaukee Ave & Wabansia Ave,41.913,-87.681,casual,491
start,Warren Park East,42.005,-87.681,casual,306
start,Leavitt St & Archer Ave,41.829,-87.681,casual,488
start,N Damen Ave & W Chicago Ave,41.896,-87.679,casual,240
start,Damen Ave & Thomas St (Augusta Blvd),41.901,-87.678,casual,16
start,Damen Ave & Lake St,41.885,-87.677,casual,1743
start,Damen Ave & Grand Ave,41.893,-87.677,casual,5
start,Damen Ave & Grand Ave,41.892,-87.677,casual,1765
start,Damen Ave/Coulter St,41.849,-87.676,casual,233
start,Seeley Ave & Garfield Blvd,41.794,-87.675,casual,38
start,Damen Ave & Coulter St,41.85,-87.675,casual,14
start,Clark St & Lunt Ave,42.009,-87.674,casual,1282
start,Ravenswood Ave & Lawrence Ave,41.968,-87.674,casual,4378
start,Malcolm X College,41.878,-87.674,casual,552
start,Ravenswood Ave & Berteau Ave,41.958,-87.674,casual,1129
start,Ogden Ave & Congress Pkwy,41.875,-87.673,casual,797
start,Wood St & Beach Ave,41.908,-87.673,casual,3170
start,Clark St & Schreiber Ave,41.999,-87.671,casual,1040
start,Lincoln Ave & Roscoe St*,41.943,-87.671,casual,2157
start,Wood St & 33rd St,41.834,-87.671,casual,137
start,Ashland Ave & Belle Plaine Ave,41.956,-87.669,casual,822
start,Clark St & Winnemac Ave,41.973,-87.668,casual,4536
start,Ashland Ave & Blackhawk St,41.907,-87.667,casual,2409
start,Ashland Ave & Lake St,41.886,-87.667,casual,1863
start,Marshfield Ave & 44th St,41.814,-87.667,casual,22
start,Greenview Ave & Diversey Pkwy,41.933,-87.666,casual,1479
start,Ashland Ave & Pershing Rd,41.823,-87.666,casual,224
start,Ashland Ave & 66th St,41.774,-87.664,casual,32
start,Southport Ave & Belmont Ave,41.939,-87.664,casual,2881
start,Southport Ave & Clybourn Ave,41.921,-87.664,casual,985
start,Ashland Ave & McDowell Ave,41.81,-87.663,casual,102
start,Public Rack - Southport Ave & Webster Ave,41.922,-87.663,casual,22
start,Malden St & Wilson Ave,41.965,-87.663,casual,507
start,Noble St & Ohio St,41.892,-87.662,casual,1148
start,Loomis St & Jackson Blvd,41.878,-87.662,casual,1183
start,Loomis St & Lexington St,41.872,-87.661,casual,2802
start,Ada St & Washington Blvd,41.883,-87.661,casual,1832
start,Eckhart Park,41.896,-87.661,casual,1852
start,Lakewood Ave & Addison St,41.947,-87.661,casual,95
start,Public Rack - Loomis St & Eleanor St,41.845,-87.66,casual,4
start,Broadway & Argyle St,41.974,-87.66,casual,2105
start,Broadway & Berwyn Ave,41.978,-87.66,casual,2013
start,Addison/Racine Corral,41.947,-87.659,casual,851
start,Elizabeth St & Randolph St,41.884,-87.659,casual,3008
start,Ogden Ave & Race Ave,41.892,-87.659,casual,2063
start,Racine Ave & Webster Ave,41.922,-87.659,casual,745
start,Racine Ave & Fullerton Ave,41.926,-87.658,casual,2786
start,Loomis Blvd & 84th St,41.741,-87.658,casual,32
start,Throop St & 52nd St,41.8,-87.657,casual,21
start,Racine Ave & Randolph St,41.884,-87.657,casual,1315
start,Racine Ave & 15th St,41.861,-87.657,casual,1006
start,Racine Ave & 18th St,41.858,-87.656,casual,1939
start,Clark St & Eddy St,41.946,-87.656,casual,1797
start,Seminary Ave & Belden Ave,41.923,-87.656,casual,532
start,Aberdeen St & Monroe St,41.88,-87.656,casual,1320
start,Cherry Ave & Blackhawk St,41.907,-87.656,casual,421
start,Sheridan Rd & Berwyn Ave,41.978,-87.655,casual,517
start,Clark St & Newport St,41.944,-87.655,casual,32
start,Sheffield Ave & Addison St,41.947,-87.654,casual,5696
start,Aberdeen St & Randolph St,41.884,-87.654,casual,3494
start,May St & Cullerton St,41.855,-87.654,casual,599
start,Sheffield/Newport Corral,41.944,-87.654,casual,15
start,Carpenter St & Huron St,41.895,-87.653,casual,2572
start,Sheffield Ave & Fletcher St,41.939,-87.653,casual,444
start,Carpenter St & Fulton St,41.887,-87.653,casual,720
start,Waveland/Wilton Corral,41.949,-87.653,casual,85
start,Bissell St & Armitage Ave*,41.919,-87.652,casual,26
start,Broadway & Cuyler Ave,41.955,-87.652,casual,397
start,Morgan Ave & 14th Pl,41.862,-87.651,casual,1069
start,Morgan St & 18th St,41.858,-87.651,casual,1760
start,Morgan St & Polk St,41.872,-87.651,casual,1957
start,Public Rack - Kingsbury Ave & Eastman St,41.907,-87.651,casual,37
start,Lincoln Ave & Montana St,41.927,-87.651,casual,1074
start,Clark St & Fletcher St,41.939,-87.651,casual,7
start,Marine Dr & Ainslie St,41.972,-87.65,casual,2664
start,Broadway & Sheridan Rd,41.953,-87.65,casual,3935
start,Peoria St & Jackson Blvd,41.878,-87.65,casual,3914
start,Clarendon Ave & Junior Ter,41.961,-87.65,casual,3761
start,Dayton St & North Ave,41.911,-87.65,casual,3
start,Public Rack - Lincoln Ave & Fullteron Ave (Northwest),41.926,-87.649,casual,54
start,S Aberdeen St & W 106th St,41.701,-87.649,casual,16
start,Green St & Madison St,41.882,-87.649,casual,4800
start,Major Taylor Trail & 111th St,41.692,-87.649,casual,36
start,Broadway & Waveland Ave,41.949,-87.649,casual,5471
start,Green St & Randolph St*,41.884,-87.649,casual,3200
start,Public Rack - Webster Ave & Halsted St,41.922,-87.648,casual,61
start,Milwaukee Ave & Grand Ave,41.891,-87.648,casual,19
start,Clark St & Wellington Ave,41.937,-87.648,casual,26
start,Halsted St & Lake St,41.885,-87.647,casual,2
start,Halsted St & Court Pl,41.884,-87.647,casual,290
start,Public Rack - Halsted St Metra Station,41.86,-87.647,casual,11
start,Halsted St & 18th St,41.858,-87.646,casual,1530
start,Halsted St & 37th St,41.827,-87.646,casual,258
start,Public Rack - Clark St & Diversey Pkwy (North 2),41.933,-87.645,casual,93
start,Emerald Ave & 28th St,41.844,-87.645,casual,387
start,Major Taylor Trail & 115th St,41.685,-87.645,casual,36
start,Halsted St & 51st St,41.802,-87.645,casual,138
start,Emerald Ave & 31st St,41.838,-87.645,casual,972
start,Halsted St & 56th St,41.793,-87.645,casual,32
start,Halsted St & 63rd St,41.779,-87.645,casual,95
start,Desplaines St & Jackson Blvd,41.878,-87.644,casual,3241
start,Larrabee St & Webster Ave,41.922,-87.644,casual,5609
start,Clark St & Wrightwood Ave,41.93,-87.643,casual,5218
start,Clark St & Wrightwood Ave,41.929,-87.643,casual,7
start,Public Rack - Halsted St & 102nd St,41.708,-87.643,casual,4
start,Lakefront Trail & Wilson Ave,41.967,-87.643,casual,4228
start,Larrabee St & Kingsbury St,41.898,-87.643,casual,4956
start,Hampden Ct & Diversey Pkwy,41.932,-87.642,casual,2139
start,Hampden Ct & Diversey Ave,41.933,-87.642,casual,437
start,Wallace St & 28th St,41.844,-87.642,casual,195
start,Lincoln Ave & Dickens Ave,41.92,-87.642,casual,1372
start,Clinton St & Madison St,41.882,-87.641,casual,1574
start,Pine Grove Ave & Wellington Ave,41.937,-87.641,casual,666
start,Clinton St & Roosevelt Rd,41.867,-87.641,casual,2144
start,Normal Ave & Archer Ave,41.85,-87.641,casual,259
start,Canal St & Adams St,41.879,-87.64,casual,4421
start,Hudson Ave & Armitage Ave,41.918,-87.64,casual,1436
start,Canal St & Taylor St,41.87,-87.64,casual,1288
start,Canal St & Madison St,41.882,-87.64,casual,6701
start,Canal St & Taylor St,41.87,-87.639,casual,1822
start,Canal St & Madison St,41.882,-87.639,casual,37
start,Sedgwick St & Webster Ave,41.922,-87.639,casual,3932
start,Riverside Plaza & Adams St,41.879,-87.639,casual,682
start,Sedgwick St & Schiller St,41.908,-87.639,casual,1531
start,Sedgwick St & Huron St,41.895,-87.638,casual,3170
start,Montrose Harbor,41.964,-87.638,casual,10764
start,Orleans St & Elm St,41.903,-87.638,casual,1519
start,Public Rack - Wacker Dr & Adams St,41.879,-87.637,casual,28
start,DuSable Lake Shore Dr & Wellington Ave,41.937,-87.637,casual,6243
start,Orleans St & Hubbard St,41.89,-87.636,casual,3
start,Orleans St & Merchandise Mart Plaza,41.888,-87.636,casual,5629
start,Eggleston Ave & 69th St,41.769,-87.636,casual,51
start,Franklin St & Lake St,41.886,-87.635,casual,36
start,Franklin St & Madison St,41.881,-87.635,casual,400
start,Franklin St & Monroe St,41.88,-87.635,casual,3219
start,Wells St & Concord Ln,41.912,-87.635,casual,9149
start,Clark St & Lincoln Ave,41.916,-87.635,casual,9660
start,Wells St & Huron St,41.895,-87.635,casual,106
start,Wells St & Institute Pl,41.898,-87.634,casual,8
start,Wells St & Institute Pl,41.897,-87.634,casual,2489
start,Wells St & Madison St,41.882,-87.634,casual,1200
start,Vincennes Ave & 79th St,41.751,-87.634,casual,35
start,Wells St & Polk St,41.873,-87.634,casual,3683
start,Eggleston Ave & 111th St,41.693,-87.634,casual,50
start,Eggleston Ave & 115th St,41.685,-87.634,casual,35
start,Financial Pl & Ida B Wells Dr,41.875,-87.633,casual,2664
start,LaSalle Dr & Huron St,41.895,-87.632,casual,3821
start,LaSalle St & Washington St,41.883,-87.632,casual,920
start,Wentworth Ave & 24th St,41.85,-87.632,casual,936
start,LaSalle St & Adams St,41.879,-87.632,casual,1872
start,Wentworth Ave & 33rd St,41.835,-87.632,casual,790
start,Clark St & 9th St (AMLI),41.871,-87.631,casual,1767
start,Dearborn St & Maple St,41.902,-87.63,casual,1831
start,Dearborn St & Washington St,41.883,-87.63,casual,8
start,Wentworth Ave & 63rd St,41.78,-87.63,casual,138
start,Dearborn St & Adams St Corral,41.88,-87.63,casual,10171
start,Daley Center Plaza,41.884,-87.63,casual,5933
start,State St & Pearson St,41.898,-87.629,casual,8
start,Perry Ave & 69th St,41.769,-87.628,casual,242
start,Wentworth Ave & 107th St,41.7,-87.628,casual,68
start,Rush St & Cedar St,41.902,-87.628,casual,4453
start,Public Rack - Rush St & Oak St,41.901,-87.628,casual,81
start,State St & Harrison St,41.874,-87.628,casual,2985
start,State St & Kinzie St,41.888,-87.627,casual,2
start,State St & Pershing Rd,41.823,-87.627,casual,63
start,Wabash Ave & Cermak Rd,41.853,-87.626,casual,1507
start,Wabash Ave & Washington St,41.883,-87.626,casual,3
start,Ritchie Ct & Banks St,41.907,-87.626,casual,3778
start,State St & 54th St,41.797,-87.626,casual,75
start,Public Rack - Rush St & Ohio St,41.893,-87.626,casual,59
start,Rush St & Illinois St,41.891,-87.626,casual,1370
start,Wabash Ave & 16th St,41.861,-87.626,casual,16
start,Wabash Ave & Adams St,41.88,-87.626,casual,25
start,Michigan Ave & Washington St,41.884,-87.625,casual,9098
start,Wabash Ave & 49th St,41.806,-87.624,casual,45
start,Michigan Ave & 18th St,41.858,-87.624,casual,3322
start,State St & 79th St,41.751,-87.624,casual,96
start,Michigan Ave & Jackson Blvd,41.878,-87.624,casual,69
start,Michigan Ave & Jackson Blvd,41.879,-87.624,casual,6342
start,Michigan Ave & 8th St,41.872,-87.624,casual,31
start,St Clair St & Ohio St,41.892,-87.623,casual,1295
start,St Clair St & Ohio St,41.893,-87.623,casual,3
start,Mies van der Rohe Way & Chestnut St,41.899,-87.623,casual,5
start,Stetson Ave & South Water St,41.887,-87.622,casual,3573
start,State St & 127th St,41.664,-87.622,casual,23
start,Indiana Ave & 31st St,41.839,-87.622,casual,692
start,Mies van der Rohe Way & Chestnut St,41.898,-87.622,casual,27
start,Indiana Ave & 40th St,41.822,-87.622,casual,167
start,Michigan Ave & 108th St,41.698,-87.621,casual,18
start,Columbus Dr & Randolph St,41.885,-87.619,casual,42
start,Columbus Dr & Randolph St,41.884,-87.619,casual,18
start,Calumet Ave & 21st St,41.854,-87.619,casual,2454
start,McCormick Place,41.851,-87.619,casual,4889
start,New St & Illinois St,41.891,-87.619,casual,8954
start,Indiana Ave & 133rd St,41.654,-87.617,casual,16
start,MLK Jr Dr & 29th St,41.842,-87.617,casual,1462
start,Calumet Ave & 71st St,41.766,-87.617,casual,39
start,MLK Jr Dr & 63rd St,41.78,-87.616,casual,101
start,Shedd Aquarium,41.867,-87.616,casual,398
start,Burnham Harbor,41.857,-87.614,casual,4431
start,Dusable Harbor,41.887,-87.613,casual,15258
start,Eberhart Ave & 91st St,41.729,-87.611,casual,40
start,Lake Park Ave & 35th St,41.831,-87.609,casual,1067
start,DuSable Museum,41.792,-87.608,casual,224
start,Cottage Grove Ave & Oakwood Blvd,41.823,-87.607,casual,574
start,Cottage Grove Ave & 47th St,41.81,-87.607,casual,75
start,Cottage Grove Ave & 83rd St,41.743,-87.605,casual,86
start,University Ave & 59th St,41.788,-87.599,casual,1516
start,Public Rack - Pullman - Planet Fitness,41.698,-87.598,casual,7
start,Greenwood Ave & 97th St,41.719,-87.597,casual,28
start,Public Rack - Woodlawn Ave & 63rd St S,41.779,-87.596,casual,9
start,Woodlawn Ave & 75th St,41.759,-87.596,casual,28
start,Dorchester Ave & 53rd St,41.799,-87.592,casual,560
start,Harper Ave & 59th St,41.788,-87.588,casual,619
start,Harper Ave & 55th St,41.795,-87.588,casual,994
start,Stony Island Ave & 71st St,41.766,-87.586,casual,128
start,Shore Dr & 55th St,41.795,-87.581,casual,4433
start,South Shore Dr & 67th St,41.774,-87.568,casual,457
start,South Shore Dr & 71st St,41.766,-87.566,casual,522
start,Bradley Park,41.718,-87.565,casual,33
start,Torrence Ave & 106th St,41.703,-87.56,casual,21
start,Commercial Ave & 97th St,41.719,-87.551,casual,11
start,Public Rack - Houston Ave & 91st St,41.73,-87.55,casual,34
start,Baltimore Ave & 87th St,41.737,-87.549,casual,45
start,Ewing Ave & Burnham Greenway,41.71,-87.536,casual,31
start,Calumet Park,41.714,-87.531,casual,94
start,Burnham Greenway & 105th St,41.705,-87.528,casual,63
start,Altgeld Gardens,41.657,-87.599,casual,15
start,Major Taylor Trail & 124th St,41.669,-87.637,casual,12
start,Michigan Ave & 114th St,41.687,-87.621,casual,19
start,Public Rack - Western Ave & 111th St - SW,41.692,-87.682,casual,3
start,Public Rack - Walden Pkwy & 103rd St,41.706,-87.669,casual,15
start,Public Rack - Cottage Grove Ave & 98th St,41.716,-87.604,casual,1
start,Paulina Ave & 87th St,41.736,-87.666,casual,20
start,Public Rack - Cottage Grove & 85th St,41.74,-87.605,casual,1
start,Public Rack - Cottage Grove & 84th St,41.742,-87.605,casual,7
start,Stewart Ave & 83rd St,41.744,-87.634,casual,30
start,Public Rack - Exchange Ave & 73rd Pl,41.763,-87.564,casual,4
start,Public Rack - Evans Ave & 63rd St,41.781,-87.608,casual,11
start,Richmond St & 59th St,41.786,-87.697,casual,31
start,Marshfield Ave & 59th St,41.787,-87.666,casual,11
start,Woodlawn Ave & 58th St,41.789,-87.597,casual,6
start,Lake Park Ave & 56th St,41.792,-87.588,casual,8
start,Wells St & Polk St,41.873,-87.633,casual,4
start,Michigan Ave & Ida B Wells Dr,41.876,-87.625,casual,4
start,Public Rack - Kildare Ave & Washignton Blvd,41.882,-87.734,casual,6
start,Public Rack - Pulaski Rd & Lake St,41.886,-87.726,casual,16
start,Public Rack - Central Ave & Corcoran Pl,41.887,-87.765,casual,7
start,Sacramento Blvd & Franklin Blvd,41.891,-87.703,casual,1
start,LaSalle Dr & Huron St,41.895,-87.633,casual,5
start,Lamon Ave & Chicago Ave,41.895,-87.748,casual,35
start,Leavitt St & Chicago Ave,41.895,-87.682,casual,32
start,Orleans St & Chestnut St (NEXT Apts),41.898,-87.637,casual,15
start,Campbell Ave & Augusta Blvd,41.899,-87.69,casual,5
start,Dearborn St & Maple St,41.901,-87.63,casual,5
start,Halsted St & Clybourn Ave,41.909,-87.648,casual,3
start,Lavergne Ave & Fullerton Ave,41.924,-87.751,casual,92
start,Public Rack - Austin Ave & Wellington Ave,41.935,-87.776,casual,3
start,Broadway & Oakdale Ave,41.935,-87.644,casual,1
start,Public Rack - Neenah & Dakin,41.952,-87.791,casual,5
start,Public Rack - Wilbur Wright College South,41.958,-87.787,casual,9
start,Paulina St & Montrose Ave,41.961,-87.672,casual,2
start,Public Rack - Lowell Ave & Elston Ave,41.966,-87.737,casual,37
start,Public Rack - Milwaukee Ave & Leland Ave,41.966,-87.759,casual,8
start,Clark St & Leland Ave,41.967,-87.668,casual,37
start,Public Rack - Harlem & Summerdale,41.978,-87.807,casual,1
start,Public Rack - Linder & Elston,41.984,-87.766,casual,7
start,Public Rack - St Louis & Lincoln,41.996,-87.716,casual,5
start,Kostner Ave & Devon Ave,41.997,-87.739,casual,4
start,Public Rack - Washtenaw Ave & Devon Ave,41.998,-87.697,casual,31
start,Public Rack - Campbell Ave & Pratt Blvd,42.005,-87.693,casual,13
start,Public Rack - Chase Ave & Touhy Ave - NE,42.015,-87.69,casual,7
start,Public Rack - Plainfield Ave & Irving Park Rd,41.952,-87.834,casual,6
start,Public Rack - Oketo & Northwest Hwy,42.0,-87.812,casual,6
start,Public Rack - Milwaukee Ave & Catalpa Ave,41.977,-87.769,casual,2
start,Public Rack - Kostner Ave & 16th St,41.859,-87.734,casual,2
start,21st St & Pulaski Rd,41.854,-87.725,casual,10
start,Public Rack - Kimball & Ardmore,41.987,-87.714,casual,12
start,Public Rack - Sawyer Ave & Lawrence Ave,41.968,-87.709,casual,9
start,Kedzie Ave & 73rd St,41.761,-87.702,casual,13
start,Dodge Ave & Mulford St,42.024,-87.7,casual,2
start,Public Rack - Western Ave & Jarvis Ave,42.016,-87.69,casual,10
start,Western Ave & 62nd St,41.781,-87.683,casual,17
start,Public Rack - Desplaines St & Fulton St,41.887,-87.644,casual,1
start,Clinton St & Jackson Blvd,41.878,-87.642,casual,3
start,Halsted St & Melrose St,41.94,-87.637,casual,1
start,Public Rack - Wells St & Wacker Dr,41.887,-87.634,casual,18
start,Wells St & Madison St,41.881,-87.633,casual,1
start,Wabash Ave & Grand Ave,41.891,-87.628,casual,1
start,St. Clair St & Erie St,41.895,-87.623,casual,18
start,Mies van der Rohe Way & Chestnut St,41.899,-87.621,casual,2
start,Dauphin Ave & 87th St,41.737,-87.601,casual,1
start,Cornell Ave & Hyde Park Blvd,41.803,-87.587,casual,4
start,Public Rack - Chappel Ave & 71st St,41.766,-87.575,casual,4
start,Public Rack - Melvina Ave & Montrose Ave,41.959,-87.782,casual,3
start,Public Rack - Central Ave & Lawrence Ave,41.968,-87.768,casual,15
start,Central Ave & Harrison St,41.873,-87.765,casual,5
start,Public Rack - Milwaukee Ave & Sunnyside Ave,41.963,-87.756,casual,7
start,Milwaukee Ave & Agatite Ave,41.961,-87.755,casual,1
start,Public Rack - Pulaski Rd & Flournoy St,41.872,-87.725,casual,1
start,Public Rack - Pulaski Rd & 41st,41.818,-87.724,casual,1
start,Public Rack - Mozart Elementary School,41.921,-87.722,casual,11
start,Public Rack - Hamlin Ave & Grand Ave,41.904,-87.72,casual,2
start,Kimball Ave & Wrightwood Ave,41.928,-87.713,casual,9
start,Public Rack - Homan Ave & 26th St,41.845,-87.71,casual,1
start,Sacramento Ave & Lyndale St,41.922,-87.703,casual,9
start,Public Rack - Damen Ave & 47th St,41.809,-87.675,casual,3
start,Ravenswood Ave & Berteau Ave,41.958,-87.673,casual,2
start,Public Rack - Homewood Ave & Monterey Ave,41.692,-87.67,casual,1
start,Noble St & Potomac Ave,41.905,-87.663,casual,3
start,Clinton St & Jackson Blvd,41.879,-87.642,casual,1
start,Franklin St & Monroe St,41.881,-87.637,casual,1
start,State St & Kinzie St,41.89,-87.627,casual,6
start,Wabash Ave & 83rd St,41.743,-87.623,casual,14
start,Eberhart Ave & 61st St,41.784,-87.615,casual,2
start,Greenwood Ave & 91st St,41.728,-87.597,casual,14
start,Public Rack - Odell & Talcott,41.987,-87.81,casual,7
start,Public Rack - Irving Park Rd & Melvina Ave,41.953,-87.781,casual,3
start,Lynch Ave & Elston Ave,41.981,-87.762,casual,4
start,Public Rack - Lavergne Ave & Belle Plaine Ave,41.955,-87.752,casual,10
start,Kildare Ave & North Ave,41.909,-87.734,casual,1
start,Public Rack - Milwaukee Ave & Haussen Ct,41.938,-87.721,casual,2
start,Public Rack - Sawyer Ave & 111th St,41.691,-87.702,casual,1
start,Public Rack - Halsted St & 63rd St,41.78,-87.641,casual,2
start,Franklin St & Jackson Blvd,41.878,-87.636,casual,2
start,Wentworth Ave & 33rd St,41.834,-87.632,casual,1
start,Greenwood Ave & 91st St,41.729,-87.597,casual,2
start,Public Rack - Holbrook St & Milwaukee Ave,41.992,-87.783,casual,1
start,Public Rack - Central & Leland,41.965,-87.767,casual,5
start,Public Rack - Minnehaha Ave & Devon Ave,41.997,-87.762,casual,2
start,Public Rack - Ford City Mall,41.757,-87.741,casual,6
start,Public Rack - Milwaukee Ave & School St,41.94,-87.726,casual,1
start,Kedzie Ave & 54th Pl,41.794,-87.704,casual,2
start,Public Rack - Western & 74th,41.759,-87.683,casual,1
start,Public Rack - Western Ave & 96th St,41.719,-87.682,casual,2
start,Public Rack - Throop St & 58th St,41.789,-87.656,casual,7
start,Wacker Dr & Randolph St,41.884,-87.638,casual,1
start,St. Clair St & Erie St,41.894,-87.622,casual,7
start,Stetson Ave & South Water St,41.886,-87.622,casual,4
start,McClurg Ct & Erie St,41.894,-87.619,casual,1
start,Western Ave & Lake St,41.884,-87.686,casual,1
start,Calumet Ave & 18th St,41.858,-87.62,casual,2
start,Lake Park Ave & 53rd St,41.8,-87.587,casual,3
start,Public Rack - Ozman & Talcott,41.993,-87.822,casual,2
start,Public Rack - Western Ave & 118th St,41.678,-87.681,casual,1
start,Ashland Ave & Belle Plaine Ave,41.954,-87.671,casual,3
start,Broadway & Argyle St,41.974,-87.659,casual,1
start,Public Rack - Dearborn St & Kinzie St 1,41.889,-87.63,casual,3
start,Public Rack - Michigan Ave & 96th St,41.719,-87.621,casual,1
start,Public Rack - Martin Luther King Dr & 69th St,41.769,-87.615,casual,3
start,Public Rack - Neva Ave & Grand Ave,41.924,-87.805,casual,2
start,Public Rack - Neenah & Archer,41.792,-87.785,casual,1
start,Public Rack - Mason & Archer,41.795,-87.771,casual,1
start,Public Rack - Chopin Park,41.943,-87.762,casual,3
start,Public Rack - Kostner Ave & Diversey Ave,41.932,-87.737,casual,1
start,Public Rack - Pulaski Rd & Stevens Ave,41.991,-87.729,casual,1
start,Noble St & Ohio St,41.893,-87.662,casual,4
start,Sheffield Ave & Wellington Ave,41.936,-87.652,casual,1
start,Public Rack - Pratt Ave & Odell Ave,42.004,-87.811,casual,1
start,Public Rack - Waller Ave & Chicago Ave,41.895,-87.768,casual,2
start,Public Rack - Central & Prescott,41.993,-87.766,casual,5
start,Public Rack - Lavergne & Lawrence,41.968,-87.752,casual,1
start,Public Rack - Milwaukee Ave & Waveland Ave,41.947,-87.738,casual,2
start,Western Ave & Division St,41.903,-87.688,casual,1
start,Public Rack - Hoyne Ave & Walton St,41.898,-87.68,casual,1
start,Public Rack - Morgan St & 87th St,41.736,-87.648,casual,1
start,Public Rack - Yates Ave & 100th St,41.713,-87.564,casual,1
start,Public Rack - Newcastle & Archer,41.792,-87.793,casual,1
start,Public Rack - Pulaski Rd & 5th Ave,41.873,-87.725,casual,1
start,Public Rack - Kedzie Ave & 58th St,41.789,-87.704,casual,1
start,Washtenaw Ave & Ogden Ave,41.862,-87.694,casual,2
start,Public Rack - Rockwell Ave & 71st St,41.765,-87.689,casual,1
start,W Armitage Ave & N Sheffield Ave,41.918,-87.654,casual,1
start,Clinton St & Madison St,41.881,-87.641,casual,1
start,Public Rack - Al Raby School,41.886,-87.715,casual,1
start,Public Rack - Spaulding Ave & North Ave,41.91,-87.709,casual,1
start,Kedzie Ave & Roosevelt Rd,41.867,-87.706,casual,2
start,Western Ave & Gunnison St,41.97,-87.689,casual,2
start,Wells St & Institute Pl,41.903,-87.681,casual,1
start,Public Rack - Marshfield Ave & 45th St,41.812,-87.666,casual,1
start,Public Rack - Elizabeth St & 115th St,41.685,-87.653,casual,1
start,Desplaines St & Kinzie St,41.893,-87.649,casual,1
start,Canal St & Monroe St,41.884,-87.639,casual,1
start,St. Clair St & Erie St,41.893,-87.622,casual,1
start,Public Rack - Martin Luther King Dr & 44th St,41.814,-87.616,casual,1
start,Public Rack - Wilbur Wright College North,41.959,-87.789,casual,1
start,Public Rack - 56th St & Mulligan Ave,41.791,-87.78,casual,1
start,Maplewood Ave & 59th St,41.787,-87.688,casual,1
start,Addison/Racine Corral,41.947,-87.66,casual,1
start,Clark St & Wellington Ave,41.936,-87.647,casual,1
start,Dearborn St & Erie St,41.894,-87.63,casual,2
start,Public Rack - Western Ave & 110th St,41.694,-87.681,casual,1
start,Public Rack - Damen & 81st,41.746,-87.673,casual,1
start,Michigan Ave & Oak St,41.901,-87.623,casual,1
start,Public Rack - Cicero & 64th,41.777,-87.742,casual,1
start,Public Rack - May St & 87th St,41.736,-87.652,casual,1
start,Public Rack - Vincennes Ave & 95th Pl,41.721,-87.651,casual,1
start,Green St & Randolph St*,41.883,-87.648,casual,1
start,Public Rack - Orleans St & Ontario St,41.893,-87.638,casual,1
start,Public Rack - Ada St & 119th St,41.677,-87.654,casual,2
start,Public Rack - Mason Ave & Archer Ave,41.794,-87.771,casual,1
start,Broadway & Barry Ave,41.937,-87.644,casual,1
start,Jefferson St & Monroe St,41.882,-87.644,casual,1
start,Clinton St & Washington Blvd,41.884,-87.64,casual,1
start,Clark St & Washington St,41.884,-87.632,casual,1
start,Public Rack - Stony Island & 87th St,41.737,-87.586,casual,1
start,Orange Ave & Addison St,41.945,-87.824,casual,59
start,Public Rack - Olmstead Ave & Oliphant Ave,42.002,-87.817,casual,18
start,Oriole Ave & Irving Park Rd,41.952,-87.817,casual,33
start,Oketo Ave & Addison St,41.945,-87.812,casual,44
start,Roscoe & Harlem,41.942,-87.807,casual,33
start,Nordica Ave & Medill Ave,41.922,-87.802,casual,93
start,Sayre Ave & Diversey Ave,41.931,-87.801,casual,102
start,Shabbona Park,41.945,-87.799,casual,146
start,Public Rack - Northwest Hwy & Raven St,41.993,-87.799,casual,2
start,Public Rack - Norwood Park Station,41.992,-87.799,casual,17
start,Newcastle Ave & Irving Park Rd,41.953,-87.798,casual,57
start,Merrimac Park,41.953,-87.785,casual,95
start,Narragansett Ave & North Ave,41.909,-87.785,casual,113
start,Wellington Ave & Mulligan Ave,41.935,-87.784,casual,55
start,Hyacinth Ave & Milwaukee Ave,41.993,-87.784,casual,104
start,Mulligan Ave & Archer Ave,41.793,-87.781,casual,43
start,Public Rack - Mason Ave & Milwaukee Ave,41.986,-87.777,casual,6
start,Public Rack - Austin Blvd & North Ave,41.909,-87.776,casual,14
start,Austin Blvd & Madison St,41.88,-87.774,casual,118
start,Mason Ave & Grand Ave,41.92,-87.774,casual,75
start,Austin Blvd & Lake St,41.888,-87.774,casual,221
start,Public Rack - Meade Ave & Archer Ave,41.794,-87.774,casual,2
start,Public Rack - McVicker & 52nd,41.798,-87.773,casual,1
start,Menard Ave & Lawrence Ave,41.968,-87.773,casual,125
start,Mason Ave & Belmont Ave,41.938,-87.773,casual,100
start,Monitor Ave & Fullerton Ave,41.924,-87.772,casual,33
start,Mayfield Ave & Roosevelt Rd,41.866,-87.772,casual,41
start,Public Rack - Menard Ave & Grand Ave,41.92,-87.771,casual,5
start,Major Ave & Addison St,41.946,-87.769,casual,21
start,Central Ave & Wellington Ave,41.935,-87.767,casual,65
start,Central Ave & Altgeld St,41.926,-87.766,casual,90
start,Linder Ave & Montrose Ave,41.961,-87.765,casual,113
start,Central Ave & Madison St,41.88,-87.763,casual,64
start,Long & Irving Park,41.953,-87.762,casual,150
start,Lynch Ave & Elston Ave,41.981,-87.761,casual,88
start,Long Ave & Diversey Ave,41.931,-87.761,casual,56
start,Long Ave & North Ave,41.909,-87.761,casual,43
start,Public Rack - Linder & 51st,41.8,-87.76,casual,7
start,Public Rack - Leamington & Elston,41.978,-87.756,casual,41
start,Public Rack - Laramie Ave & Belmont Ave,41.939,-87.756,casual,9
start,Laramie Ave & Gladys Ave,41.876,-87.755,casual,12
start,Public Rack - Milwaukee Ave & Pensacola Ave,41.96,-87.753,casual,8
start,Lavergne Ave & Division St,41.902,-87.751,casual,51
start,Public Rack - Milwaukee Ave & Warner Ave,41.956,-87.751,casual,11
start,Elston Ave & Carmen Ave,41.974,-87.75,casual,106
start,Lawler Ave & 50th St,41.802,-87.749,casual,97
start,Cicero Ave & Flournoy St,41.872,-87.747,casual,35
start,Cicero Ave & Lake St,41.887,-87.745,casual,98
start,Kenton Ave & Madison St,41.88,-87.741,casual,33
start,Kilbourn Ave & Irving Park Rd,41.954,-87.741,casual,163
start,Kilbourn Ave & Roscoe St,41.943,-87.74,casual,177
start,Kenneth Ave & 50th St,41.802,-87.734,casual,48
start,Kostner Ave & 63rd St,41.779,-87.732,casual,105
start,Pulaski Rd & Eddy St,41.946,-87.731,casual,299
start,Keeler Ave & Roosevelt Rd,41.866,-87.73,casual,135
start,Keystone Ave & Montrose Ave,41.961,-87.729,casual,271
start,Public Rack - Pulaski Rd & Armitage Ave,41.917,-87.727,casual,8
start,Public Rack - Kedvale Ave & 63rd St W,41.779,-87.727,casual,18
start,Pulaski Rd & Congress Pkwy,41.874,-87.726,casual,137
start,Pulaski Rd & Ann Lurie Pl,41.816,-87.725,casual,29
start,Harding Ave & Chicago Ave,41.895,-87.725,casual,44
start,Avers Ave & Foster Ave,41.975,-87.725,casual,127
start,Kosciuszko Park,41.931,-87.724,casual,932
start,Public Rack - Komensky Ave & 59th St,41.786,-87.724,casual,6
start,Public Rack - Pulaski & 52nd,41.797,-87.723,casual,1
start,Pulaski Rd & 60th Pl,41.783,-87.723,casual,19
start,Pulaski Rd & 75th St,41.757,-87.722,casual,38
start,Public Rack - Hamlin Ave & Montrose Ave,41.961,-87.722,casual,75
start,Public Rack - Hamlin Ave & Fullerton Ave,41.924,-87.721,casual,80
start,Public Rack - Lawndale Ave & Polk St,41.871,-87.718,casual,4
start,Monticello Ave & Chicago Ave,41.896,-87.718,casual,58
start,Drake Ave & Addison St,41.947,-87.718,casual,580
start,Public Rack - Foster Ave & Drake Ave,41.976,-87.717,casual,2
start,Lawndale Ave & 30th St,41.839,-87.717,casual,94
start,Conservatory Dr & Lake St,41.886,-87.717,casual,294
start,Central Park Ave & Ohio St,41.892,-87.716,casual,101
start,Central Park Ave & Douglas Blvd,41.862,-87.716,casual,41
start,Central Park Ave & Washington Blvd,41.883,-87.715,casual,77
start,Public Rack - Central Park Ave & Fillmore St,41.868,-87.715,casual,4
start,Lincolnwood Dr & Central St,42.065,-87.715,casual,249
start,Central Park Ave & Ogden Ave,41.854,-87.715,casual,395
start,Bernard St & Elston Ave,41.95,-87.714,casual,319
start,Columbus Ave & 83rd Pl,41.741,-87.714,casual,23
start,Public Rack - Kimball Ave & Carmen Ave,41.974,-87.713,casual,15
start,Kimball Ave & Belmont Ave,41.939,-87.712,casual,1610
start,Christiana Ave & Lawrence Ave,41.968,-87.712,casual,720
start,Public Rack - Homan Ave & Lake St,41.885,-87.711,casual,6
start,St Louis Ave & Norman Bobbins Pl,41.794,-87.711,casual,106
start,McCormick Blvd & Devon Ave,41.997,-87.711,casual,392
start,Sawyer Ave & Irving Park Rd,41.954,-87.709,casual,403
start,Spaulding Ave & Division St,41.903,-87.709,casual,742
start,Archer Ave & Homan Ave,41.812,-87.709,casual,37
start,Lincoln Ave & Peterson Ave,41.99,-87.709,casual,191
start,Kedzie Ave & Leland Ave,41.967,-87.708,casual,727
start,Kedzie Ave & Milwaukee Ave,41.929,-87.708,casual,2472
start,Kedzie Ave & Milwaukee Ave,41.93,-87.708,casual,1482
start,Kedzie Ave & Armitage Ave,41.918,-87.707,casual,658
start,Kedzie Ave & Lake St,41.885,-87.706,casual,259
start,Kedzie Ave & 24th St,41.848,-87.705,casual,98
start,Troy St & North Ave,41.91,-87.705,casual,913
start,Albany Ave & Belmont Ave,41.94,-87.705,casual,303
start,Albany Ave & Bloomingdale Ave,41.914,-87.705,casual,1440
start,Sacramento Ave & Lunt Ave,42.008,-87.705,casual,114
start,Whipple/Irving Park,41.954,-87.704,casual,264
start,Troy Ave & 27th St,41.843,-87.704,casual,35
start,Kedzie Ave & 45th St,41.811,-87.704,casual,56
start,Kedzie Ave & 54th Pl,41.793,-87.703,casual,62
start,Sacramento Ave & Lyndale St,41.922,-87.702,casual,275
start,Kedzie Ave & 83rd St,41.743,-87.702,casual,58
start,La Villita Park,41.839,-87.702,casual,65
start,Humboldt Blvd & Armitage Ave,41.917,-87.702,casual,8
start,Whipple St & Roosevelt Rd,41.867,-87.702,casual,7
start,Francisco Ave & Hollywood Ave,41.984,-87.702,casual,13
start,Francisco Ave & Foster Ave,41.976,-87.701,casual,610
start,Kedzie Ave & 104th St,41.704,-87.701,casual,33
start,Francisco Ave & Montrose Ave,41.961,-87.701,casual,427
start,Dodge Ave & Mulford St,42.023,-87.7,casual,203
start,Francisco Ave & Bloomingdale Ave,41.914,-87.699,casual,673
start,Dodge Ave & Main St,42.035,-87.699,casual,249
start,Francisco Ave & Chicago Ave,41.896,-87.699,casual,777
start,Dodge Ave & Church St,42.048,-87.698,casual,382
start,California Ave & Byron St,41.952,-87.698,casual,743
start,California Ave & Fletcher St,41.938,-87.698,casual,1241
start,Mozart St & Jackson Blvd,41.878,-87.697,casual,108
start,California Ave & Lake St,41.884,-87.696,casual,291
start,California & 16th St,41.859,-87.695,casual,7
start,Public Rack - Washtenaw Ave & Superior St,41.895,-87.695,casual,229
start,California Ave & 36th St,41.828,-87.695,casual,66
start,Fairfield Ave & Roosevelt Rd,41.867,-87.695,casual,164
start,Washtenaw Ave & Ogden Ave,41.862,-87.693,casual,212
start,Public Rack - Rockwell St & Chicago Ave,41.896,-87.692,casual,27
start,Campbell Ave & Irving Park Rd,41.954,-87.691,casual,310
start,Rockwell St & Cermak Rd,41.852,-87.691,casual,174
start,Western Ave & Howard St,42.019,-87.69,casual,366
start,Campbell Ave & North Ave,41.911,-87.69,casual,1429
start,Rockwell St & 47th St,41.809,-87.689,casual,70
start,Public Rack - Irving Park Rd & Parkside Ave,41.953,-87.689,casual,6
start,Western Ave & Leland Ave,41.966,-87.688,casual,1532
start,Maplewood Ave & 59th St,41.786,-87.687,casual,53
start,Western Ave & Monroe St,41.881,-87.687,casual,396
start,Evanston Civic Center,42.057,-87.687,casual,885
start,Western Ave & Monroe St,41.882,-87.687,casual,3
start,Oakley Ave & Irving Park Rd,41.954,-87.686,casual,543
start,Claremont Ave & Hirsch St,41.908,-87.686,casual,739
start,Western Ave & 21st St,41.854,-87.686,casual,395
start,Lincoln Ave & Sunnyside Ave,41.963,-87.685,casual,1859
start,Ridge Blvd & Howard St,42.019,-87.685,casual,246
start,Logan Blvd & Elston Ave,41.929,-87.684,casual,1225
start,Leavitt St & Division St,41.903,-87.684,casual,1367
start,Public Rack - Western Blvd & 49th St,41.805,-87.684,casual,29
start,Western Blvd & 48th Pl,41.806,-87.683,casual,258
start,Ridge Blvd & Touhy Ave,42.012,-87.683,casual,336
start,Milwaukee Ave & The 606,41.914,-87.683,casual,3734
start,Western Ave & 79th St,41.751,-87.683,casual,46
start,Hoyne Ave & Balmoral Ave,41.98,-87.682,casual,776
start,Western Ave & 101st St,41.71,-87.682,casual,84
start,Western Ave & 111th St,41.691,-87.681,casual,82
start,SCOOTERS CLASSIC - 2132 W Hubbard ST,41.89,-87.68,casual,855
start,Hastings LWS,41.864,-87.68,casual,60
start,Seeley Ave & Roscoe St,41.943,-87.68,casual,1585
start,Public Rack - Hoyne Ave & Walton St,41.899,-87.68,casual,13
start,Damen Ave & Leland Ave,41.967,-87.679,casual,2006
start,Damen Ave & Melrose Ave,41.941,-87.679,casual,1254
start,Damen Ave & Division St,41.903,-87.678,casual,2775
start,Damen Ave & Wellington Ave,41.936,-87.678,casual,1634
start,Damen Ave & Clybourn Ave,41.932,-87.678,casual,894
start,Wolcott Ave & Fargo Ave,42.017,-87.678,casual,127
start,Winchester (Ravenswood) Ave & Balmoral Ave,41.98,-87.678,casual,554
start,Damen Ave & Wabansia Ave,41.912,-87.677,casual,1132
start,Damen Ave & Wicker Park Ave,41.909,-87.677,casual,2793
start,Wolcott (Ravenswood) Ave & Montrose Ave,41.961,-87.676,casual,1843
start,Damen Ave & Cullerton St,41.855,-87.676,casual,1004
start,Damen Ave & Madison St,41.881,-87.675,casual,1263
start,Clark St & Touhy Ave,42.013,-87.674,casual,277
start,Ravenswood Ave & Irving Park Rd,41.955,-87.674,casual,1565
start,Damen Ave & 74th St,41.759,-87.674,casual,22
start,University Library (NU),42.053,-87.673,casual,1138
start,Clark St & Columbia Ave,42.004,-87.672,casual,674
start,Wood St & Augusta Blvd,41.899,-87.672,casual,1498
start,Wood St & Hubbard St,41.89,-87.672,casual,1062
start,N Paulina St & Lincoln Ave,41.944,-87.672,casual,12
start,Wood St & Milwaukee Ave,41.906,-87.672,casual,752
start,Paulina St & Montrose Ave,41.962,-87.671,casual,1250
start,Homewood Ave & 115th St,41.685,-87.671,casual,44
start,Lincoln Ave & Melrose St,41.94,-87.67,casual,3767
start,Granville Ave & Clark St,41.994,-87.67,casual,263
start,Ashland Ave & Wellington Ave,41.936,-87.67,casual,1719
start,Ashland Ave & Grace St,41.953,-87.669,casual,72
start,Clark St & Bryn Mawr Ave,41.984,-87.669,casual,2215
start,Paulina St & Flournoy St,41.873,-87.669,casual,1638
start,Paulina St & Adams St,41.879,-87.669,casual,471
start,Hale Ave & 107th St,41.699,-87.669,casual,96
start,Paulina St & 18th St,41.858,-87.669,casual,1471
start,Clark St & Berwyn Ave,41.978,-87.669,casual,1458
start,Clark St & Berwyn Ave,41.978,-87.668,casual,2353
start,Walsh Park,41.915,-87.668,casual,2274
start,Clark St & Leland Ave,41.967,-87.667,casual,2853
start,Ashland Ave & Grand Ave,41.891,-87.667,casual,1584
start,Southport Ave & Clybourn Ave,41.922,-87.666,casual,571
start,Southport Ave & Irving Park Rd,41.954,-87.665,casual,1
start,Southport Ave & Irving Park Rd,41.954,-87.664,casual,2469
start,Southport Ave & Clark St,41.957,-87.664,casual,1336
start,Public Rack - Southport Ave & Fullteron Ave,41.925,-87.663,casual,33
start,Noble St & Potomac Ave,41.906,-87.663,casual,397
start,Noble St & Milwaukee Ave,41.901,-87.663,casual,2071
start,Sheridan Rd & Greenleaf Ave,42.011,-87.662,casual,729
start,Blue Island Ave & 18th St,41.858,-87.662,casual,1528
start,Blue Island Ave & 18th St,41.857,-87.661,casual,1
start,Public Rack - Clybourn Ave & Dickens Ave,41.919,-87.661,casual,11
start,Broadway & Thorndale Ave,41.99,-87.66,casual,4023
start,Clark/Racine Corral,41.95,-87.659,casual,545
start,Clark St & Grace St,41.951,-87.659,casual,4425
start,Lock St & 31st St,41.838,-87.659,casual,205
start,Racine Ave & Belmont Ave,41.94,-87.659,casual,3871
start,Winthrop Ave & Sheridan Rd,41.998,-87.659,casual,67
start,Broadway & Wilson Ave,41.965,-87.658,casual,2869
start,Loomis St & 89th St,41.732,-87.658,casual,7
start,Winthrop Ave & Lawrence Ave,41.969,-87.658,casual,1955
start,Clifton Ave & Armitage Ave,41.918,-87.657,casual,2866
start,Racine Ave & Congress Pkwy,41.875,-87.657,casual,1261
start,Racine Ave & 35th St,41.831,-87.656,casual,380
start,Broadway & Sunnyside Ave,41.963,-87.656,casual,1003
start,Clark/Eddy,41.947,-87.656,casual,275
start,May St & Hubbard St,41.89,-87.656,casual,634
start,May St & Taylor St,41.869,-87.656,casual,513
start,Racine Ave & Garfield Blvd,41.794,-87.655,casual,56
start,Public Rack - Trader Joe's Clybourn Ave,41.915,-87.655,casual,14
start,Sheridan Rd & Argyle St,41.973,-87.655,casual,2602
start,Sheridan Rd & Lawrence Ave,41.97,-87.655,casual,1487
start,Racine Ave & 57th St,41.79,-87.655,casual,19
start,Sheffield Ave & Waveland Ave,41.949,-87.655,casual,5417
start,Sheffield Ave & Waveland Ave,41.949,-87.654,casual,108
start,Sheffield Ave & School St,41.942,-87.654,casual,439
start,Sheffield Ave & Wrightwood Ave,41.929,-87.654,casual,5004
start,Sheffield Ave & Fullerton Ave,41.926,-87.654,casual,5187
start,Carpenter St & Huron St,41.894,-87.653,casual,15
start,Wilton Ave & Addison St,41.947,-87.653,casual,2670
start,N Carpenter St & W Lake St,41.886,-87.653,casual,638
start,Wilton Ave & Belmont Ave,41.94,-87.653,casual,6882
start,May St & 69th St,41.769,-87.653,casual,19
start,Wilton Ave & Diversey Pkwy,41.932,-87.653,casual,4830
start,Wilton Ave & Diversey Pkwy,41.933,-87.653,casual,7
start,Morgan St & Hubbard St,41.89,-87.653,casual,647
start,Morgan St & Lake St*,41.885,-87.652,casual,3449
start,Racine Ave & 115th St,41.685,-87.652,casual,28
start,Sangamon St & Adams St,41.879,-87.651,casual,688
start,Sangamon St & Washington Blvd,41.883,-87.651,casual,2377
start,Sangamon St & Lake St,41.886,-87.651,casual,2916
start,Vincennes Ave & 95th St,41.721,-87.65,casual,42
start,W Washington Blvd & N Peoria St,41.883,-87.65,casual,332
start,Clarendon Ave & Gordon Ter,41.958,-87.649,casual,87
start,Halsted St & Dickens Ave,41.92,-87.649,casual,3546
start,Halsted St & Willow St,41.914,-87.649,casual,2649
start,Halsted St & North Branch St,41.899,-87.649,casual,579
start,Green St & Lake St,41.886,-87.648,casual,2862
start,Pine Grove Ave & Irving Park Rd,41.954,-87.648,casual,4171
start,Public Rack - Halsted St & Fullerton Ave,41.926,-87.648,casual,37
start,Burling St & Diversey Pkwy,41.933,-87.648,casual,2722
start,Halsted St & 35th St,41.831,-87.647,casual,1037
start,Halsted St & 21st St,41.854,-87.647,casual,858
start,Broadway & Cornelia Ave,41.945,-87.647,casual,14
start,Pine Grove Ave & Waveland Ave,41.949,-87.647,casual,38
start,Broadway & Cornelia Ave,41.945,-87.646,casual,41
start,Pine Grove Ave & Waveland Ave,41.949,-87.646,casual,5392
start,Lincoln Ave & Fullerton Ave,41.924,-87.646,casual,4536
start,Broadway & Belmont Ave,41.94,-87.645,casual,4289
start,Halsted St & 59th St,41.788,-87.645,casual,58
start,Halsted St & 69th St,41.769,-87.645,casual,76
start,Desplaines St & Randolph St,41.884,-87.644,casual,2285
start,Broadway & Oakdale Ave,41.936,-87.644,casual,2221
start,Broadway & Barry Ave,41.938,-87.644,casual,5810
start,Larrabee St & Division St,41.903,-87.643,casual,3612
start,Larrabee St & Menomonee St,41.915,-87.643,casual,1330
start,Halsted St & 96th St,41.72,-87.643,casual,37
start,Hampden Ct & Diversey Pkwy,41.932,-87.643,casual,38
start,Hampden Ct & Diversey Pkwy,41.933,-87.643,casual,12
start,Clinton St & Lake St,41.885,-87.642,casual,29
start,Kingsbury St & Erie St,41.894,-87.642,casual,4661
start,Clinton St & Washington Blvd,41.883,-87.642,casual,24
start,Clark St & Arlington Pl,41.927,-87.641,casual,2389
start,Wallace St & 35th St,41.831,-87.641,casual,547
start,Canal St & Jackson Blvd,41.878,-87.64,casual,2480
start,Lakeview Ave & Fullerton Pkwy,41.926,-87.639,casual,5311
start,Kingsbury St & Kinzie St,41.889,-87.639,casual,6360
start,Public Rack - Orleans St & Chicago Ave,41.896,-87.638,casual,6
start,Orleans St & Merchandise Mart Plaza,41.888,-87.637,casual,73
start,Orleans St & Hubbard St,41.89,-87.637,casual,2367
start,Franklin St & Illinois St,41.891,-87.635,casual,4236
start,Wells St & Evergreen Ave,41.907,-87.635,casual,5509
start,Franklin St & Adams St,41.879,-87.635,casual,24
start,Franklin St & Washington St,41.883,-87.635,casual,1613
start,Public Rack - Wells St & Scott St,41.905,-87.635,casual,93
start,Wells St & Hubbard St,41.89,-87.634,casual,7406
start,Wells St & Elm St,41.903,-87.634,casual,7797
start,Wells St & Randolph St,41.884,-87.634,casual,3839
start,Public Rack - Wells St & Lake St,41.886,-87.634,casual,26
start,Wells St & Randolph St,41.885,-87.633,casual,4
start,Clark St & Elm St,41.903,-87.633,casual,49
start,Wentworth Ave & 35th St,41.831,-87.633,casual,1122
start,LaSalle St & Jackson Blvd,41.878,-87.632,casual,2883
start,Clark St & Elm St,41.903,-87.632,casual,88
start,Clark St & Elm St,41.903,-87.631,casual,8708
start,Vincennes Ave & 75th St,41.758,-87.631,casual,20
start,Theater on the Lake,41.926,-87.631,casual,16226
start,Dearborn St & Division St,41.904,-87.63,casual,1981
start,Dearborn St & Adams St,41.879,-87.63,casual,3193
start,Federal St & Polk St,41.872,-87.63,casual,4707
start,Dearborn St & Madison St,41.882,-87.63,casual,618
start,Dearborn St & Monroe St,41.881,-87.63,casual,3085
start,Public Rack - Dearborn St & Jackson Ave,41.878,-87.629,casual,11
start,Dearborn St & Adams St 2,41.88,-87.629,casual,608
start,Dearborn St & Van Buren St,41.876,-87.629,casual,2421
start,Public Rack - Wentworth Ave & 103rd St,41.707,-87.628,casual,6
start,Public Rack - Rush St & Oak St,41.901,-87.627,casual,2
start,Wabash Ave & Grand Ave,41.891,-87.627,casual,9094
start,State St & 29th St,41.842,-87.627,casual,188
start,DuSable Lake Shore Dr & North Blvd,41.912,-87.627,casual,19838
start,State St & 35th St,41.831,-87.627,casual,834
start,Rush St & Superior St,41.896,-87.626,casual,4365
start,Public Rack - State ST & 42nd St,41.819,-87.626,casual,9
start,Wabash Ave & Wacker Pl,41.887,-87.626,casual,4509
start,Wabash Ave & Jackson Blvd,41.878,-87.626,casual,674
start,State St & 45th St,41.813,-87.626,casual,78
start,Michigan Ave & Madison St,41.882,-87.626,casual,26
start,Michigan Ave & Madison St,41.882,-87.625,casual,3199
start,Public Rack - Lafayette Ave & 95th St,41.722,-87.625,casual,25
start,State St & 76th St,41.757,-87.625,casual,26
start,Michigan Ave & Ida B Wells Dr,41.876,-87.624,casual,4419
start,Michigan Ave & 9th St,41.871,-87.624,casual,199
start,Buckingham Fountain,41.87,-87.624,casual,6256
start,Millennium Park,41.881,-87.624,casual,18719
start,Public Rack - Michigan Ave & Wacker Dr (South),41.888,-87.624,casual,55
start,Michigan Ave & 8th St,41.873,-87.624,casual,10977
start,Michigan Ave & 14th St,41.864,-87.624,casual,3540
start,Michigan Ave & Pearson St,41.898,-87.624,casual,4231
start,St. Clair St & Erie St,41.894,-87.623,casual,6069
start,Stetson Ave & South Water St,41.887,-87.623,casual,49
start,Wabash Ave & 87th St,41.737,-87.623,casual,86
start,Mies van der Rohe Way & Chestnut St,41.899,-87.622,casual,5349
start,St Clair St & Ohio St,41.892,-87.622,casual,1
start,Mies van der Rohe Way & Chicago Ave,41.897,-87.622,casual,4125
start,Public Rack - Michigan Ave & 119th St,41.678,-87.621,casual,5
start,Buckingham Fountain,41.876,-87.621,casual,426
start,Columbus Dr & Randolph St,41.885,-87.62,casual,7889
start,Calumet Ave & 18th St,41.858,-87.619,casual,3538
start,Public Rack - Prairie Ave & Garfield Blvd S,41.794,-87.619,casual,4
start,Public Rack - Prairie Ave & 47th St,41.809,-87.619,casual,32
start,Prairie Ave & Garfield Blvd,41.795,-87.619,casual,590
start,Indiana Ave & 103rd St,41.707,-87.618,casual,29
start,McClurg Ct & Ohio St,41.893,-87.618,casual,13
start,Field Museum,41.865,-87.618,casual,9922
start,Calumet Ave & 35th St,41.831,-87.618,casual,466
start,Calumet Ave & 33rd St,41.835,-87.618,casual,751
start,Field Blvd & South Water St,41.886,-87.618,casual,5232
start,MLK Jr Dr & Pershing Rd,41.825,-87.617,casual,443
start,MLK Jr Dr & 47th St,41.81,-87.616,casual,286
start,Public Rack - Washington Park Ct & 51st St,41.802,-87.615,casual,15
start,Martin Luther King Dr & 87th St,41.737,-87.614,casual,37
start,Rhodes Ave & 32nd St,41.836,-87.614,casual,631
start,Rhodes Ave & 32nd St,41.837,-87.613,casual,20
start,Rhodes Ave & 71st St,41.766,-87.612,casual,12
start,Eberhart Ave & 131st St,41.658,-87.611,casual,12
start,Cottage Grove Ave & 111th Pl,41.692,-87.61,casual,57
start,Public Rack - Champlain Ave & 65th St,41.776,-87.609,casual,43
start,Public Rack - Langley Ave & 49th St,41.805,-87.609,casual,15
start,Chicago State University,41.719,-87.608,casual,122
start,Cottage Grove Ave & 49th St,41.806,-87.607,casual,64
start,Cottage Grove Ave & 63rd St,41.781,-87.606,casual,350
start,Cottage Grove Ave & 67th St,41.774,-87.606,casual,182
start,Cottage Grove Ave & 78th St,41.753,-87.605,casual,43
start,Ellis Ave & 60th St,41.785,-87.601,casual,3916
start,Ellis Ave & 53rd St,41.799,-87.601,casual,1591
start,University Ave & 57th St,41.791,-87.6,casual,5065
start,University Ave & 57th St,41.792,-87.6,casual,8
start,Woodlawn Ave & Lake Park Ave,41.814,-87.597,casual,505
start,Woodlawn Ave & 55th St,41.795,-87.596,casual,2787
start,Public Rack - Woodlawn Ave & 63rd St N,41.781,-87.596,casual,91
start,Kimbark Ave & 53rd St,41.8,-87.595,casual,58
start,Public Rack - Kimbark Ave & 67th St,41.774,-87.594,casual,61
start,Dorchester Ave & 49th St,41.806,-87.592,casual,330
start,Lake Park Ave & 47th St,41.809,-87.592,casual,729
start,Olive Harvey College,41.71,-87.59,casual,38
start,Cornell Ave & Hyde Park Blvd,41.802,-87.587,casual,2109
start,Lake Park Ave & 53rd St,41.8,-87.586,casual,19
start,Jeffery Blvd & 67th St,41.774,-87.577,casual,273
start,63rd St Beach,41.781,-87.576,casual,868
start,Jeffery Blvd & 76th St,41.757,-87.576,casual,42
start,Big Marsh Park,41.686,-87.574,casual,308
start,Public Rack - South Shore Dr & 71st St,41.766,-87.563,casual,56
start,Commercial Ave & 90th St,41.732,-87.552,casual,28
start,Commercial Ave & 130th St,41.659,-87.551,casual,80
start,Ewing Ave & 106th St,41.703,-87.536,casual,79
start,Ewing Ave & 97th St,41.72,-87.535,casual,32
start,Ewing Ave & 98th St,41.718,-87.535,casual,30
start,Steelworkers Park,41.738,-87.531,casual,139
start,Public Rack - Ewing Ave & 106th St,41.702,-87.535,casual,1
start,Wentworth Ave & 104th St,41.705,-87.629,casual,5
start,Commercial Ave & 100th St,41.713,-87.551,casual,18
start,Yates Ave & 95th St,41.722,-87.565,casual,2
start,Eggleston Ave & 92nd St,41.728,-87.635,casual,40
start,Public Rack - 85th Pl & Pulaski Rd,41.737,-87.721,casual,7
start,South Chicago Ave & 83rd St,41.744,-87.575,casual,30
start,Stony Island Ave & South Chicago Ave,41.751,-87.585,casual,19
start,Rainbow Beach,41.758,-87.55,casual,4
start,Evans Ave & 75th St,41.758,-87.606,casual,18
start,Public Rack - Kingston Ave & 75th St,41.759,-87.562,casual,1
start,Hamilton Park,41.763,-87.637,casual,37
start,Homan Ave & 65th St,41.775,-87.708,casual,15
start,Public Rack - Maplewood Ave & 63rd St,41.779,-87.687,casual,1
start,Public Rack - Wentworth Park,41.789,-87.78,casual,4
start,Woodlawn Ave & 58th St,41.79,-87.596,casual,1
start,Public Rack - Lockwood & Archer,41.797,-87.755,casual,9
start,Kildare Ave & Archer Ave,41.801,-87.73,casual,11
start,Public Rack - Ashland Ave & 46th St,41.811,-87.665,casual,4
start,Lavergne Ave & 44th St,41.813,-87.749,casual,15
start,Public Rack - Kedzie Ave & Pershing Rd,41.823,-87.704,casual,2
start,Wentworth Ave & 35th St,41.831,-87.632,casual,11
start,Shields Ave & 28th Pl,41.843,-87.636,casual,11
start,Public Rack - Avers Ave & Ogden Ave,41.853,-87.721,casual,9
start,Ashland Ave & 13th St,41.865,-87.666,casual,8
start,Public Rack - Homan Ave & Roosevelt,41.866,-87.711,casual,2
start,Public Rack - Wells St & Monroe St,41.881,-87.634,casual,10
start,Wells St & Randolph St,41.884,-87.633,casual,3
start,Desplaines St & Kinzie St,41.888,-87.644,casual,7
start,McClurg Ct & Ohio St,41.891,-87.617,casual,1
start,McClurg Ct & Ohio St,41.892,-87.618,casual,7
start,Public Rack - Western Ave & Chicago Ave,41.896,-87.687,casual,11
start,Larrabee St & Kingsbury St,41.898,-87.644,casual,2
start,Public Rack - Damen Ave & Division St,41.903,-87.676,casual,21
start,Public Rack - Wells St & Schiller St,41.908,-87.635,casual,25
start,Public Rack - Cicero Ave & North Ave,41.909,-87.746,casual,6
start,Karlov Ave & Armitage Ave,41.918,-87.729,casual,1
start,California Ave & Francis Pl,41.919,-87.698,casual,13
start,Mango Ave & Grand Ave,41.92,-87.769,casual,18
start,Cannon Dr & Fullerton Ave,41.927,-87.635,casual,3
start,Public Rack - Keystone Ave & Irving Park Rd,41.954,-87.73,casual,2
start,Broadway & Cuyler Ave,41.955,-87.651,casual,10
start,California Ave & Montrose Ave,41.961,-87.696,casual,2
start,Sheridan Rd & Montrose Ave,41.961,-87.655,casual,15
start,Public Rack - Milwaukee Ave & Lawrence Ave,41.967,-87.76,casual,12
start,Public Rack - Pulaski & Ardmore,41.986,-87.728,casual,8
start,Granville Ave & Pulaski Rd,41.993,-87.729,casual,2
start,California Ave & Granville Ave,41.994,-87.699,casual,6
start,University Library (NU),42.053,-87.674,casual,3
start,Public Rack - Ozark Ave & Addison St,41.945,-87.82,casual,6
start,Public Rack - Central Ave & Lawrence Ave,41.968,-87.767,casual,1
start,Public Rack - Leclaire Ave & Division St,41.902,-87.753,casual,1
start,Pulaski Rd & 54th St,41.795,-87.723,casual,1
start,Public Rack - Hamlin Ave & Madison St,41.881,-87.721,casual,4
start,Sheridan Rd & Noyes St (NU),42.058,-87.678,casual,21
start,Public Rack - 111th St - Morgan Park Metra,41.693,-87.671,casual,7
start,Paulina St & Division St,41.903,-87.67,casual,3
start,Sheffield/Cornelia Corral,41.946,-87.654,casual,4
start,Public Rack - Sheffield Ave & Belden Ave,41.923,-87.654,casual,8
start,N Green St & W Lake St,41.886,-87.649,casual,5
start,Public Rack - Green St & 103rd St,41.707,-87.643,casual,2
start,Public Rack - Desplaines St & Fulton St,41.887,-87.643,casual,11
start,Clinton St & Washington Blvd,41.884,-87.641,casual,10
start,Wallace St & Pershing Rd,41.824,-87.64,casual,44
start,Wells St & Randolph St,41.885,-87.634,casual,7
start,Public Rack - Wabash Ave & Chicago Ave,41.897,-87.627,casual,1
start,Michigan Ave & Washington St,41.884,-87.624,casual,7
start,Buckingham Fountain,41.876,-87.62,casual,3
start,Columbus Dr & Randolph St,41.884,-87.62,casual,7
start,Field Blvd & South Water St,41.887,-87.618,casual,5
start,Public Rack - King Dr & Oakwood Blvd,41.823,-87.616,casual,6
start,Public Rack - 532 E 43rd St,41.817,-87.613,casual,15
start,Public Rack - Langley Ave & Oakwood Blvd,41.823,-87.61,casual,18
start,Stony Island Ave & 82nd St,41.747,-87.586,casual,34
start,Public Rack - Newland Ave & Diversey Ave,41.931,-87.799,casual,2
start,Public Rack - Neola & Northwest Hwy,41.99,-87.795,casual,3
start,Public Rack - Mulligan & Northwest Hwy,41.986,-87.787,casual,1
start,Public Rack - Narragansett Ave & Fullerton Ave,41.924,-87.784,casual,8
start,Public Rack - Division St & Christiana Ave,41.903,-87.711,casual,5
start,Public Rack - Western Ave & 104th St - West,41.704,-87.682,casual,1
start,Southport Ave & Clybourn Ave,41.921,-87.666,casual,8
start,Public Rack - Ashland Ave & 76th St,41.756,-87.664,casual,1
start,May St & Taylor St,41.87,-87.656,casual,1
start,Sheffield Ave & Fullerton Ave,41.925,-87.654,casual,2
start,Pine Grove Ave & Waveland Ave,41.95,-87.646,casual,1
start,Pine Grove Ave & Wellington Ave,41.936,-87.642,casual,7
start,Wabash Ave & Grand Ave,41.892,-87.626,casual,4
start,Rush St & Superior St,41.895,-87.626,casual,7
start,Wabash Ave & Wacker Pl,41.886,-87.626,casual,5
start,Michigan Ave & Pearson St,41.897,-87.624,casual,2
start,Public Rack - Champlain Ave & 134th St,41.657,-87.606,casual,1
start,Public Rack - Pullman - Walmart,41.697,-87.598,casual,6
start,Public Rack - East End Ave & 87th St,41.737,-87.584,casual,3
start,Ave H & 110th St,41.696,-87.533,casual,4
start,Public Rack - Osceola Ave & Touhy Ave,42.012,-87.813,casual,1
start,Public Rack - 63rd St and Natoma Ave,41.778,-87.788,casual,2
start,Public Rack - Elston Ave & Gunnison St,41.969,-87.741,casual,2
start,Public Rack - Central Park Ave & Fulton Blvd,41.886,-87.716,casual,5
start,Kedzie Ave & 24th St,41.848,-87.706,casual,1
start,Public Rack - California Ave & Pershing Rd,41.823,-87.695,casual,8
start,Logan Blvd & Elston Ave,41.93,-87.684,casual,3
start,Peoria St & Kinzie St,41.889,-87.649,casual,2
start,Franklin St & Lake St,41.885,-87.636,casual,4
start,Morgan St & Lake St*,41.916,-87.627,casual,2
start,Fairbanks Ct & Grand Ave,41.891,-87.62,casual,1
start,Ellis Ave & 58th St,41.788,-87.601,casual,1
start,Bennett Ave & 79th St,41.752,-87.579,casual,1
start,Public Rack - Forest Glen & Peterson,41.99,-87.743,casual,4
start,Public Rack - Kedvale Ave & 26th St,41.844,-87.728,casual,1
start,Public Rack - Central Park Ave & 16th St,41.859,-87.716,casual,1
start,Western Ave & Winnebago Ave,41.915,-87.687,casual,3
start,Winchester Ave & Elston Ave,41.924,-87.677,casual,3
start,Public Rack - Ashland Ave & 71st St,41.766,-87.664,casual,5
start,Sheridan Rd & Columbia Ave,42.005,-87.662,casual,6
start,Public Rack - Racine Ave & 109th Pl,41.695,-87.653,casual,3
start,Public Rack - Halsted St & 41st St,41.82,-87.646,casual,3
start,Public Rack - Wabash Ave & 87th St,41.736,-87.623,casual,2
start,Cottage Grove Ave & 107th St,41.7,-87.608,casual,5
start,Stony Island Ave & 71st St,41.766,-87.587,casual,1
start,Public Rack - 10101 S Stony Island Ave,41.708,-87.581,casual,1
start,Public Rack - Brandon Ave & 91st St,41.73,-87.547,casual,1
start,Public Rack - Pulaski Rd & Roosevelt Rd,41.866,-87.724,casual,4
start,Public Rack - Kedzie Ave & 61st Pl W,41.782,-87.703,casual,3
start,Public Rack - Western Ave & 47th Pl,41.808,-87.685,casual,8
start,Milwaukee Ave & Wabansia Ave,41.913,-87.682,casual,7
start,Public Rack - Clark St & Diversey Pkwy (North 2),41.934,-87.646,casual,2
start,Orleans St & Merchandise Mart Plaza,41.887,-87.637,casual,1
start,Shields Ave & 57th St,41.791,-87.635,casual,7
start,LaSalle St & Jackson Blvd,41.878,-87.631,casual,2
start,Michigan Ave & Lake St,41.886,-87.627,casual,2
start,Wabash Ave & Jackson Blvd,41.877,-87.626,casual,1
start,Michigan Ave & Lake St,41.886,-87.623,casual,3
start,Public Rack - Jeffery Blvd & 67th St,41.773,-87.576,casual,1
start,Public Rack - Kilpatrick & Elston,41.97,-87.743,casual,5
start,Public Rack - Komensky Ave & 63rd St,41.779,-87.724,casual,3
start,Franklin St & Monroe St,41.881,-87.636,casual,1
start,Public Rack - Bensley Ave & 103rd St,41.708,-87.563,casual,1
start,Public Rack - Pulaski Rd & 65th St,41.774,-87.723,casual,1
start,Springfield Ave & 80th St,41.747,-87.719,casual,1
start,Public Rack - Kedzie & 103rd St - W,41.705,-87.701,casual,2
start,Public Rack - California & 87th,41.736,-87.692,casual,1
start,Public Rack - Washtenaw Ave & 63rd St,41.779,-87.691,casual,1
start,Public Rack - Western Ave & 79th St,41.75,-87.683,casual,1
start,Ashland Ave & Chicago Ave,41.9,-87.677,casual,1
start,Public Rack - Wood St & 103rd St,41.706,-87.667,casual,2
start,Public Rack - Normal Ave & 111th St,41.692,-87.635,casual,1
start,Rush St & Cedar St,41.903,-87.628,casual,2
start,Public Rack - Hyde Park Blvd & 53rd St,41.8,-87.584,casual,3
start,Public Rack - Peterson Ave & Milwaukee Ave,41.99,-87.781,casual,1
start,Public Rack - Menard Ave & Adams Blvd,41.878,-87.769,casual,3
start,Public Rack - Central & Berteau,41.957,-87.767,casual,5
start,Public Rack - Leoti Ave & Central Ave (south),41.998,-87.763,casual,1
start,Public Rack - Sacramento Blvd & Washington Blvd,41.883,-87.7,casual,2
start,Public Rack - Normal Blvd & 61st Pl,41.782,-87.637,casual,1
start,State St & Kinzie St,41.89,-87.628,casual,1
start,Baltimore Ave & 133rd St,41.654,-87.547,casual,1
start,Eckhart Park,41.897,-87.661,casual,5
start,Addison Red Line Corral,41.948,-87.654,casual,1
start,Canal St & Jackson Blvd,41.878,-87.639,casual,1
start,Public Rack - Wells St & Lake St,41.886,-87.633,casual,1
start,Michigan Ave & 18th St,41.858,-87.625,casual,1
start,Public Rack - Maryland Ave & 87th ST,41.737,-87.604,casual,1
start,Public Rack - Bell Ave & 95th St,41.721,-87.679,casual,2
start,Columbus Dr & Randolph St,41.884,-87.617,casual,1
start,Ada St & Washington Blvd,41.88,-87.667,casual,1
start,Public Rack - Michigan Ave & Wacker Dr (North),41.89,-87.624,casual,2
start,Public Rack - Cottage Grove & 86th St,41.738,-87.605,casual,1
start,Burnham Greenway & 112th St,41.692,-87.531,casual,2
start,Bernard St & Peterson Ave,41.991,-87.715,casual,1
start,Chicago Ave & Washington St,42.032,-87.679,casual,2
start,Public Rack - Hoyne Ave & 51st St,41.801,-87.677,casual,1
start,Public Rack - Halsted St & 80th St,41.748,-87.644,casual,1
start,Public Rack - Wells St & North Ave,41.911,-87.634,casual,1
start,Public Rack - Laramie Ave & Warwick Ave,41.949,-87.757,casual,2
start,Public Rack - Western Ave & 110th St,41.694,-87.682,casual,1
start,Paulina St & Flournoy St,41.873,-87.668,casual,1
start,MLK Jr Dr & Pershing Rd,41.824,-87.617,casual,1
start,Public Rack - Ewing Ave & 102nd St,41.71,-87.535,casual,1
start,Public Rack - Laflin St & 79th St,41.75,-87.662,casual,1
start,Ogden Ave & Roosevelt Rd,41.866,-87.685,casual,1
start,Public Rack - DuSable Lake Shore Dr & Ontario St,41.894,-87.615,casual,1
start,Public Rack - Monticello Ave & Belmont Ave,41.94,-87.719,casual,1
start,Public Rack - Austin & Higgins,41.973,-87.778,casual,1
start,Public Rack - Milwaukee Ave & Pensacola Ave,41.959,-87.753,casual,1
start,Indiana Ave & 40th St,41.822,-87.621,casual,1
start,Fairbanks Ct & Grand Ave,41.891,-87.621,casual,1
start,Public Rack - 53rd St & Indiana Ave,41.798,-87.621,casual,1
end,Oconto Ave & Belmont Ave,41.938,-87.808,casual,34
end,Overhill Ave & Belmont Ave,41.938,-87.819,casual,53
end,Nagle Ave & Belmont Ave,41.939,-87.787,casual,45
end,Public Rack - N. Oakview and W. Gregory St,41.98,-87.844,casual,11
end,Harlem Ave & Bloomingdale Ave,41.912,-87.806,casual,71
end,Higgins Ave & Austin Ave,41.973,-87.779,casual,109
end,Kilbourn Ave & 49th St,41.804,-87.736,casual,58
end,Panama Ave & Grace St,41.948,-87.829,casual,53
end,Oak Park & Wellington,41.935,-87.796,casual,48
end,Public Rack - Neenah & Dakin,41.952,-87.791,casual,4
end,Austin Ave & Milwaukee Ave,41.987,-87.778,casual,96
end,Portage Park,41.956,-87.765,casual,294
end,Lavergne Ave & Diversey Ave,41.931,-87.751,casual,131
end,Kostner Ave & Belmont Ave,41.939,-87.737,casual,163
end,Laramie Ave & Bloomingdale Ave,41.914,-87.756,casual,64
end,Kedzie Ave & George St,41.934,-87.707,casual,592
end,Lavergne Ave & Lawrence Ave,41.968,-87.753,casual,70
end,Milwaukee Ave & Ainslie St,41.969,-87.761,casual,550
end,Meade Ave & Addison St,41.946,-87.779,casual,70
end,North Boundary Park,42.013,-87.709,casual,208
end,Central Ave & Lake St,41.888,-87.765,casual,61
end,Lamon Ave & Chicago Ave,41.895,-87.748,casual,42
end,Western Ave & Lake St,41.885,-87.687,casual,110
end,St Louis Ave & Armitage Ave,41.917,-87.714,casual,75
end,Lavergne Ave & Fullerton Ave,41.924,-87.751,casual,105
end,Major Ave & Bloomingdale Ave,41.913,-87.769,casual,18
end,Public Rack - Melvina Ave & Montrose Ave,41.959,-87.782,casual,2
end,Kedzie Ave & Foster Ave,41.976,-87.709,casual,413
end,Milwaukee Ave & Cuyler Ave,41.954,-87.75,casual,336
end,Richmond St & Lincoln Ave,41.988,-87.703,casual,123
end,Laramie Ave & Madison St,41.88,-87.755,casual,29
end,Karlov Ave & Madison St,41.881,-87.728,casual,28
end,Central Ave & Chicago Ave,41.895,-87.765,casual,40
end,Public Rack - Central & Leland,41.965,-87.767,casual,11
end,Drake Ave & Montrose Ave,41.961,-87.717,casual,459
end,Grace St & Central Ave,41.95,-87.767,casual,111
end,Ravenswood Ave & Lawrence Ave,41.968,-87.674,casual,4547
end,Monticello Ave & Lawrence Ave,41.969,-87.718,casual,164
end,Grace St & Cicero Ave,41.95,-87.747,casual,167
end,Montrose Harbor,41.964,-87.638,casual,10707
end,Kostner Ave & Wrightwood Ave,41.928,-87.736,casual,291
end,Sheffield Ave & Addison St,41.947,-87.654,casual,5498
end,St. Louis Ave & Fullerton Ave,41.925,-87.714,casual,1014
end,Lakefront Trail & Wilson Ave,41.967,-87.643,casual,4317
end,Public Rack - 56th St & Mulligan Ave,41.791,-87.78,casual,1
end,Clark St & Winnemac Ave,41.973,-87.668,casual,4567
end,Public Rack - Milwaukee Ave & Sunnyside Ave,41.963,-87.756,casual,11
end,Public Rack - Keating & Peterson,41.99,-87.747,casual,20
end,Leavitt St & Armitage Ave,41.918,-87.682,casual,1555
end,Cicero Ave & Wellington Ave,41.935,-87.746,casual,36
end,Public Rack - Lavergne Ave & Belle Plaine Ave,41.955,-87.752,casual,19
end,Albany Ave & Montrose Ave,41.961,-87.706,casual,755
end,Broadway & Argyle St,41.974,-87.66,casual,1927
end,Public Rack - Lamon Ave & Archer Ave,41.798,-87.745,casual,2
end,Public Rack - Mango & Higgins,41.972,-87.772,casual,18
end,Sacramento Blvd & Franklin Blvd,41.89,-87.703,casual,106
end,Kildare Ave & 47th St,41.808,-87.731,casual,51
end,Public Rack - Drake Ave & Leland Ave,41.966,-87.717,casual,13
end,Racine Ave & Randolph St,41.884,-87.657,casual,1240
end,Tripp Ave & 65th St,41.775,-87.729,casual,113
end,Public Rack - Mason & Archer,41.795,-87.771,casual,1
end,Kostner Ave & Bryn Mawr Ave,41.983,-87.738,casual,156
end,Kedzie Ave & 66th Pl,41.773,-87.703,casual,39
end,Malden St & Wilson Ave,41.965,-87.663,casual,550
end,Wells St & Concord Ln,41.912,-87.635,casual,9100
end,Campbell Ave & Augusta Blvd,41.9,-87.689,casual,957
end,Lamon Ave & Belmont Ave,41.939,-87.749,casual,69
end,Addison/Racine Corral,41.947,-87.659,casual,799
end,Kedvale Ave & Peterson Ave,41.99,-87.732,casual,47
end,Kildare Ave & 85th St (Kostner Ave & 87th St TEMPORARY),41.735,-87.731,casual,18
end,Harding Ave & 26th St,41.844,-87.723,casual,61
end,Greenview Ave & Diversey Pkwy,41.933,-87.666,casual,1421
end,21st St & Pulaski Rd,41.853,-87.725,casual,33
end,Aberdeen St & Randolph St,41.884,-87.654,casual,3372
end,Cherry Ave & Blackhawk St,41.907,-87.656,casual,355
end,Wood St & Beach Ave,41.908,-87.673,casual,3417
end,Troy St & Elston Ave,41.945,-87.707,casual,752
end,Clarendon Ave & Junior Ter,41.961,-87.65,casual,3818
end,Homan Ave & 77th St,41.754,-87.708,casual,28
end,Springfield Ave & North Ave,41.91,-87.724,casual,257
end,Sawyer Ave & Fullerton Ave,41.924,-87.709,casual,152
end,Homan Ave & Arthington Ave,41.87,-87.711,casual,41
end,Artesian Ave & Hubbard St,41.89,-87.688,casual,1339
end,Komensky Ave & 47th St,41.808,-87.725,casual,33
end,Kedzie Ave & Jackson Blvd,41.877,-87.706,casual,72
end,Western Ave & Wabansia Ave,41.912,-87.688,casual,424
end,California Ave & Altgeld St,41.927,-87.698,casual,868
end,St. Louis & 71st St,41.764,-87.71,casual,58
end,Western Ave & Granville Ave,41.994,-87.689,casual,455
end,Public Rack - Jonathan Y Scammon Public School,41.942,-87.732,casual,49
end,Public Rack - Lowell Ave & Elston Ave,41.966,-87.737,casual,53
end,Lincoln Ave & Winona St,41.975,-87.693,casual,559
end,Springfield Ave & 80th St,41.748,-87.719,casual,31
end,Rockwell St & Fletcher St,41.939,-87.693,casual,695
end,Marine Dr & Ainslie St,41.972,-87.65,casual,2627
end,Hampden Ct & Diversey Pkwy,41.932,-87.642,casual,2154
end,LaSalle Dr & Huron St,41.895,-87.632,casual,4101
end,Carpenter St & Huron St,41.895,-87.653,casual,2365
end,Leavitt St & Chicago Ave,41.896,-87.682,casual,1562
end,Ashland Ave & Blackhawk St,41.907,-87.667,casual,2197
end,Broadway & Berwyn Ave,41.978,-87.66,casual,2045
end,Sacramento Ave & Pratt Blvd,42.004,-87.705,casual,115
end,Drake Ave & Armitage Ave,41.917,-87.715,casual,139
end,Bernard St & Peterson Ave,41.99,-87.715,casual,51
end,Granville Ave & Pulaski Rd,41.992,-87.729,casual,30
end,Millard Ave & 26th St,41.845,-87.716,casual,95
end,Central Park Ave & 24th St,41.848,-87.715,casual,195
end,Lakewood Ave & Addison St,41.947,-87.661,casual,77
end,Richmond St & 59th St,41.786,-87.697,casual,64
end,Public Rack - Spaulding Ave & Evergreen Ave,41.905,-87.71,casual,57
end,Clark St & Wrightwood Ave,41.93,-87.643,casual,5130
end,Clark St & Eddy St,41.946,-87.656,casual,2067
end,St Louis Ave & 59th St,41.786,-87.711,casual,56
end,California Ave & Granville Ave,41.994,-87.7,casual,246
end,California Ave & Touhy Ave,42.012,-87.7,casual,180
end,Ada St & Washington Blvd,41.883,-87.661,casual,1629
end,Lincoln Ave & Roscoe St*,41.943,-87.671,casual,2287
end,Desplaines St & Jackson Blvd,41.878,-87.644,casual,2821
end,Damen Ave & Lake St,41.885,-87.677,casual,1511
end,Ogden Ave & Race Ave,41.892,-87.659,casual,2206
end,Damen Ave & Grand Ave,41.892,-87.677,casual,1981
end,Milwaukee Ave & Wabansia Ave,41.913,-87.681,casual,376
end,Sedgwick St & Webster Ave,41.922,-87.639,casual,3736
end,Hampden Ct & Diversey Ave,41.933,-87.642,casual,468
end,Southport Ave & Belmont Ave,41.939,-87.664,casual,2755
end,Sheridan Rd & Berwyn Ave,41.978,-87.655,casual,519
end,Kildare Ave & 26th St,41.844,-87.733,casual,24
end,Racine Ave & 18th St,41.858,-87.656,casual,1881
end,Elizabeth St & Randolph St,41.884,-87.659,casual,2866
end,Smith Park,41.892,-87.689,casual,778
end,Eckhart Park,41.896,-87.661,casual,1890
end,Western Ave & Ardmore Ave,41.987,-87.69,casual,141
end,Clark St & Lunt Ave,42.009,-87.674,casual,1186
end,Virginia Ave & Catalpa Ave,41.981,-87.705,casual,98
end,Budlong Woods Library,41.984,-87.696,casual,325
end,Dearborn St & Adams St Corral,41.88,-87.63,casual,9141
end,DuSable Lake Shore Dr & Wellington Ave,41.937,-87.637,casual,6397
end,Stetson Ave & South Water St,41.887,-87.622,casual,3405
end,Morgan St & 18th St,41.858,-87.651,casual,1903
end,Broadway & Sheridan Rd,41.953,-87.65,casual,3571
end,Broadway & Waveland Ave,41.949,-87.649,casual,5274
end,Peoria St & Jackson Blvd,41.878,-87.65,casual,3396
end,Wells St & Madison St,41.882,-87.634,casual,1053
end,Public Rack - Kedzie Ave & Chicago Ave,41.896,-87.706,casual,13
end,Homan Ave & 26th St,41.844,-87.71,casual,94
end,May St & Cullerton St,41.855,-87.654,casual,718
end,Orleans St & Merchandise Mart Plaza,41.888,-87.636,casual,4846
end,Malcolm X College,41.878,-87.674,casual,510
end,Lincoln Ave & Montana St,41.927,-87.651,casual,1086
end,Ravenswood Ave & Berteau Ave,41.958,-87.674,casual,1105
end,Pershing Rd & Sacramento Ave,41.822,-87.7,casual,145
end,Spaulding Ave & 63rd,41.779,-87.706,casual,52
end,Ashland Ave & McDowell Ave,41.81,-87.663,casual,161
end,Kedzie Ave & Archer Ave,41.814,-87.704,casual,99
end,Public Rack - Campbell Ave & Pratt Blvd,42.005,-87.693,casual,6
end,Kedzie Ave & 73rd St,41.761,-87.702,casual,18
end,Seminary Ave & Belden Ave,41.923,-87.656,casual,553
end,California Ave & 21st St,41.854,-87.696,casual,305
end,Western Ave & Lyndale St,41.923,-87.688,casual,313
end,Lincoln Ave & Dickens Ave,41.92,-87.642,casual,1279
end,Southport Ave & Clybourn Ave,41.921,-87.664,casual,1117
end,Larrabee St & Webster Ave,41.922,-87.644,casual,5441
end,California Ave & 26th St,41.844,-87.695,casual,51
end,Spaulding Ave & 16th St,41.859,-87.708,casual,66
end,Financial Pl & Ida B Wells Dr,41.875,-87.633,casual,2543
end,Canal St & Madison St,41.882,-87.64,casual,7117
end,Western Ave & Lake St,41.885,-87.686,casual,29
end,N Damen Ave & W Chicago Ave,41.896,-87.679,casual,206
end,Larrabee St & Kingsbury St,41.898,-87.643,casual,4122
end,Francisco Ave & Hollywood Ave,41.985,-87.702,casual,30
end,Wentworth Ave & 107th St,41.7,-87.628,casual,48
end,Leavitt St & Archer Ave,41.829,-87.681,casual,430
end,Dusable Harbor,41.887,-87.613,casual,13351
end,Daley Center Plaza,41.884,-87.63,casual,4366
end,Carpenter St & Fulton St,41.887,-87.653,casual,708
end,Racine Ave & Fullerton Ave,41.926,-87.658,casual,2636
end,Maplewood Ave & Peterson Ave,41.99,-87.693,casual,216
end,Sheffield Ave & Fletcher St,41.939,-87.653,casual,361
end,Ogden Ave & Congress Pkwy,41.875,-87.673,casual,780
end,Public Rack - Central Ave & Corcoran Pl,41.887,-87.765,casual,6
end,Clinton St & Madison St,41.882,-87.641,casual,1390
end,Green St & Randolph St*,41.884,-87.649,casual,3054
end,Clark St & Lincoln Ave,41.916,-87.635,casual,9844
end,Racine Ave & Webster Ave,41.922,-87.659,casual,672
end,Lexington St & California Ave,41.872,-87.696,casual,103
end,Michigan Ave & Washington St,41.884,-87.625,casual,9796
end,Michigan Ave & 18th St,41.858,-87.624,casual,3392
end,State St & Harrison St,41.874,-87.628,casual,2936
end,New St & Illinois St,41.891,-87.619,casual,7958
end,Western Ave & 28th St,41.842,-87.685,casual,77
end,Normal Ave & Archer Ave,41.85,-87.641,casual,217
end,Loomis St & Jackson Blvd,41.878,-87.662,casual,1291
end,Mozart St & 55th St,41.794,-87.695,casual,44
end,Fairfield Ave & 44th St,41.814,-87.693,casual,188
end,Western Ave & 43rd St,41.816,-87.685,casual,64
end,Marshfield Ave & 59th St,41.787,-87.666,casual,8
end,Washtenaw Ave & Polk St,41.871,-87.694,casual,225
end,California Ave & Marquette Rd,41.772,-87.693,casual,59
end,Rockwell/Irving Park Hub,41.954,-87.693,casual,111
end,California Ave & 23rd Pl,41.849,-87.695,casual,137
end,Halsted St & 18th St,41.858,-87.646,casual,1500
end,Canal St & Taylor St,41.87,-87.64,casual,1453
end,Morgan St & Polk St,41.872,-87.651,casual,2051
end,Franklin St & Monroe St,41.88,-87.635,casual,3275
end,Sedgwick St & Huron St,41.895,-87.638,casual,3121
end,Ashland Ave & Lake St,41.886,-87.667,casual,1813
end,Noble St & Ohio St,41.892,-87.662,casual,1206
end,Green St & Madison St,41.882,-87.649,casual,4986
end,Canal St & Adams St,41.879,-87.64,casual,4164
end,Wells St & Institute Pl,41.897,-87.634,casual,2312
end,Emerald Ave & 31st St,41.838,-87.645,casual,1113
end,Damen Ave/Coulter St,41.849,-87.676,casual,229
end,Canal St & Taylor St,41.87,-87.639,casual,1796
end,Ashland Ave & Belle Plaine Ave,41.956,-87.669,casual,820
end,Ashland Ave & 66th St,41.774,-87.664,casual,38
end,Warren Park East,42.005,-87.681,casual,326
end,Orleans St & Elm St,41.903,-87.638,casual,1438
end,Clark St & Schreiber Ave,41.999,-87.671,casual,979
end,Shore Dr & 55th St,41.795,-87.581,casual,4405
end,Ritchie Ct & Banks St,41.907,-87.626,casual,3504
end,Aberdeen St & Monroe St,41.88,-87.656,casual,1161
end,Public Rack - Kildare Ave & Washignton Blvd,41.882,-87.734,casual,6
end,Dearborn St & Maple St,41.902,-87.63,casual,1694
end,Ashland Ave & Pershing Rd,41.823,-87.666,casual,202
end,Francisco Ave & 85th St,41.739,-87.696,casual,87
end,Burnham Harbor,41.857,-87.614,casual,4434
end,Clinton St & Roosevelt Rd,41.867,-87.641,casual,2261
end,Wells St & Polk St,41.873,-87.634,casual,3246
end,Halsted St & Court Pl,41.884,-87.647,casual,316
end,Broadway & Cuyler Ave,41.955,-87.652,casual,377
end,Waveland/Wilton Corral,41.949,-87.653,casual,117
end,Pine Grove Ave & Wellington Ave,41.937,-87.641,casual,649
end,Michigan Ave & Jackson Blvd,41.879,-87.624,casual,6742
end,Lake Park Ave & 35th St,41.831,-87.609,casual,1052
end,Wabash Ave & Cermak Rd,41.853,-87.626,casual,1541
end,LaSalle St & Washington St,41.883,-87.632,casual,946
end,Rush St & Illinois St,41.891,-87.626,casual,1412
end,Rush St & Cedar St,41.902,-87.628,casual,4721
end,Public Rack - Avers Ave & Irving Park Rd,41.954,-87.724,casual,28
end,LaSalle St & Adams St,41.879,-87.632,casual,1762
end,Public Rack - Southport Ave & Webster Ave,41.922,-87.663,casual,28
end,Public Rack - Tripp Ave & North Ave,41.91,-87.733,casual,15
end,Sedgwick St & Schiller St,41.908,-87.639,casual,1427
end,Loomis St & Lexington St,41.872,-87.661,casual,2626
end,Racine Ave & 15th St,41.861,-87.657,casual,891
end,Morgan Ave & 14th Pl,41.862,-87.651,casual,1051
end,McCormick Place,41.851,-87.619,casual,4278
end,Loomis Blvd & 84th St,41.741,-87.658,casual,47
end,Clark St & 9th St (AMLI),41.871,-87.631,casual,1603
end,Hudson Ave & Armitage Ave,41.918,-87.64,casual,1249
end,Western Ave & Leland Ave,41.966,-87.689,casual,45
end,Wood St & 33rd St,41.834,-87.671,casual,129
end,Wentworth Ave & 24th St,41.85,-87.632,casual,1033
end,Public Rack - Walden Pkwy & 103rd St,41.706,-87.669,casual,14
end,Calumet Ave & 21st St,41.854,-87.619,casual,2425
end,Public Rack - Lincoln Ave & Fullteron Ave (Northwest),41.926,-87.649,casual,55
end,Halsted St & 37th St,41.827,-87.646,casual,253
end,Wentworth Ave & 33rd St,41.835,-87.632,casual,666
end,Emerald Ave & 28th St,41.844,-87.645,casual,405
end,Public Rack - Western Ave & Jarvis Ave,42.016,-87.69,casual,9
end,Public Rack - Cicero & 64th,41.776,-87.742,casual,5
end,Halsted St & 51st St,41.802,-87.645,casual,129
end,State St & 79th St,41.751,-87.624,casual,51
end,South Shore Dr & 71st St,41.766,-87.566,casual,573
end,St Clair St & Ohio St,41.892,-87.623,casual,1490
end,Public Rack - Wacker Dr & Adams St,41.879,-87.637,casual,15
end,Pulaski Rd & 54th St,41.795,-87.724,casual,40
end,Altgeld Gardens,41.657,-87.599,casual,25
end,Throop St & 52nd St,41.8,-87.657,casual,35
end,Public Rack - Sawyer Ave & Lawrence Ave,41.968,-87.709,casual,17
end,Harper Ave & 59th St,41.788,-87.588,casual,731
end,Public Rack - Clark St & Diversey Pkwy (North 2),41.933,-87.645,casual,108
end,Public Rack - Halsted St Metra Station,41.86,-87.647,casual,14
end,Major Taylor Trail & 111th St,41.692,-87.649,casual,28
end,Wentworth Ave & 63rd St,41.78,-87.63,casual,128
end,Public Rack - Kingsbury Ave & Eastman St,41.907,-87.651,casual,46
end,Public Rack - Washtenaw Ave & Devon Ave,41.998,-87.697,casual,16
end,Wallace St & 28th St,41.844,-87.642,casual,211
end,Riverside Plaza & Adams St,41.879,-87.639,casual,575
end,Public Rack - Webster Ave & Halsted St,41.922,-87.648,casual,56
end,Indiana Ave & 31st St,41.839,-87.622,casual,626
end,South Shore Dr & 67th St,41.774,-87.568,casual,429
end,Cottage Grove Ave & 83rd St,41.743,-87.605,casual,69
end,Perry Ave & 69th St,41.769,-87.628,casual,230
end,University Ave & 59th St,41.788,-87.599,casual,1518
end,Public Rack - Wells St & Wacker Dr,41.887,-87.634,casual,23
end,MLK Jr Dr & 29th St,41.842,-87.617,casual,1499
end,Franklin St & Madison St,41.881,-87.635,casual,296
end,Indiana Ave & 40th St,41.822,-87.622,casual,189
end,Halsted St & 56th St,41.793,-87.645,casual,36
end,Eggleston Ave & 115th St,41.685,-87.634,casual,40
end,Halsted St & 63rd St,41.779,-87.645,casual,52
end,Greenwood Ave & 91st St,41.728,-87.597,casual,21
end,Eggleston Ave & 111th St,41.693,-87.634,casual,43
end,Public Rack - Rush St & Oak St,41.901,-87.628,casual,93
end,Cottage Grove Ave & Oakwood Blvd,41.823,-87.607,casual,757
end,State St & Pershing Rd,41.823,-87.627,casual,74
end,DuSable Museum,41.792,-87.608,casual,214
end,Public Rack - Rush St & Ohio St,41.893,-87.626,casual,81
end,Eggleston Ave & 69th St,41.769,-87.636,casual,42
end,MLK Jr Dr & 63rd St,41.78,-87.616,casual,116
end,Michigan Ave & Jackson Blvd,41.878,-87.624,casual,61
end,State St & 54th St,41.797,-87.626,casual,52
end,Harper Ave & 55th St,41.795,-87.588,casual,973
end,Greenwood Ave & 97th St,41.719,-87.597,casual,51
end,Vincennes Ave & 79th St,41.751,-87.634,casual,38
end,Calumet Park,41.714,-87.531,casual,105
end,State St & 127th St,41.664,-87.622,casual,15
end,Burnham Greenway & 105th St,41.705,-87.528,casual,78
end,Eberhart Ave & 91st St,41.729,-87.611,casual,45
end,Calumet Ave & 71st St,41.766,-87.617,casual,33
end,Michigan Ave & 108th St,41.698,-87.621,casual,9
end,Michigan Ave & 114th St,41.687,-87.621,casual,13
end,Cottage Grove Ave & 47th St,41.81,-87.607,casual,112
end,Indiana Ave & 133rd St,41.654,-87.617,casual,10
end,Dorchester Ave & 53rd St,41.799,-87.592,casual,553
end,Wabash Ave & 83rd St,41.743,-87.623,casual,16
end,Stony Island Ave & 71st St,41.766,-87.586,casual,127
end,Bradley Park,41.718,-87.565,casual,16
end,Public Rack - Houston Ave & 91st St,41.73,-87.55,casual,29
end,Public Rack - Exchange Ave & 73rd Pl,41.763,-87.564,casual,3
end,Baltimore Ave & 87th St,41.737,-87.549,casual,39
end,Ewing Ave & Burnham Greenway,41.71,-87.536,casual,40
end,Torrence Ave & 106th St,41.703,-87.56,casual,10
end,Major Taylor Trail & 124th St,41.669,-87.637,casual,5
end,Major Taylor Trail & 115th St,41.685,-87.645,casual,33
end,Public Rack - Western Ave & 111th St - SW,41.692,-87.682,casual,3
end,Paulina Ave & 87th St,41.736,-87.666,casual,26
end,Woodlawn Ave & 75th St,41.759,-87.596,casual,24
end,Artesian Ave & Marquette Rd,41.772,-87.685,casual,39
end,Marshfield Ave & 44th St,41.814,-87.667,casual,22
end,Public Rack - Halsted St & 102nd St,41.708,-87.643,casual,6
end,Public Rack - Evans Ave & 63rd St,41.781,-87.608,casual,7
end,Wabash Ave & 49th St,41.806,-87.624,casual,47
end,Pulaski Rd & 60th St,41.784,-87.723,casual,11
end,Artesian Ave & 71st St,41.764,-87.684,casual,20
end,Public Rack - Throop St & 58th St,41.789,-87.656,casual,8
end,Seeley Ave & Garfield Blvd,41.794,-87.675,casual,34
end,Public Rack - Mulligan Ave & 56th St,41.79,-87.78,casual,7
end,Public Rack - Martin Luther King Dr & 44th St,41.814,-87.616,casual,4
end,Public Rack - Christiana Ave & 55th St,41.793,-87.708,casual,11
end,Western Ave & 62nd St,41.781,-87.683,casual,23
end,Damen Ave & Coulter St,41.85,-87.675,casual,23
end,Shedd Aquarium,41.867,-87.616,casual,1
end,Karlov Ave & Fillmore St,41.868,-87.728,casual,20
end,Public Rack - Pulaski Rd & Polk St,41.87,-87.725,casual,1
end,Public Rack - Neva Ave & Grand Ave,41.924,-87.805,casual,5
end,Central Ave & Harrison St,41.873,-87.764,casual,30
end,Public Rack - Pulaski Rd & Lake St,41.886,-87.726,casual,15
end,Public Rack - Wilbur Wright College South,41.958,-87.787,casual,6
end,Long Ave & Belden Ave,41.923,-87.761,casual,20
end,Public Rack - Milwaukee Ave & Leland Ave,41.966,-87.759,casual,6
end,Public Rack - Irving Park Rd & Menard Ave,41.953,-87.772,casual,8
end,Marmora Ave & Belmont Ave,41.938,-87.774,casual,49
end,Public Rack - Plainfield Ave & Irving Park Rd,41.952,-87.834,casual,7
end,Public Rack - Lotus Ave & Lawrence Ave,41.968,-87.764,casual,12
end,Public Rack - Kimball & Ardmore,41.987,-87.714,casual,5
end,Public Rack - Odell & Talcott,41.987,-87.81,casual,8
end,Public Rack - Hollywood Park,41.989,-87.712,casual,10
end,Public Rack - Central Ave & Lawrence Ave,41.968,-87.768,casual,18
end,Public Rack - Menard Ave & Dakin St - midblock,41.952,-87.772,casual,17
end,Public Rack - Laramie Ave & Grand Ave,41.917,-87.756,casual,5
end,Public Rack - Central Ave & Pensacola Ave,41.96,-87.767,casual,13
end,Public Rack - Cicero Ave & Altgeld St,41.926,-87.746,casual,4
end,Public Rack - Kenneth Ave & 63rd St E,41.778,-87.733,casual,1
end,Public Rack - Linder & Elston,41.984,-87.766,casual,8
end,21st St & Pulaski Rd,41.854,-87.725,casual,6
end,Public Rack - Garfield Park Conservatory,41.887,-87.717,casual,15
end,Public Rack - St Louis & Lincoln,41.996,-87.716,casual,7
end,Public Rack - Chase Ave & Touhy Ave - NE,42.015,-87.69,casual,9
end,Stewart Ave & 83rd St,41.744,-87.634,casual,15
end,Public Rack - Martin Luther King Dr & 69th St,41.769,-87.615,casual,2
end,Public Rack - Nordica Ave & Addison St,41.945,-87.803,casual,6
end,Public Rack - Irving Park Rd & Melvina Ave,41.953,-87.781,casual,1
end,Public Rack - Ford City Mall,41.757,-87.741,casual,9
end,Public Rack - 63rd St and Nagle Ave,41.778,-87.782,casual,7
end,Public Rack - Kostner Ave & Diversey Ave,41.932,-87.737,casual,5
end,Public Rack - Loomis St & Eleanor St,41.845,-87.66,casual,5
end,S Aberdeen St & W 106th St,41.701,-87.649,casual,4
end,Michigan Ave & 8th St,41.872,-87.624,casual,1
end,Public Rack - Cottage Grove Ave & 98th St,41.716,-87.604,casual,1
end,Public Rack - Cottage Grove & 84th St,41.742,-87.605,casual,4
end,Public Rack - Pullman - Planet Fitness,41.698,-87.598,casual,7
end,Commercial Ave & 97th St,41.719,-87.551,casual,15
end,Public Rack - Austin Ave & Wellington Ave,41.935,-87.776,casual,1
end,Public Rack - Chopin Park,41.943,-87.762,casual,4
end,Public Rack - Woodlawn Ave & 63rd St S,41.779,-87.596,casual,8
end,Public Rack - Oketo & Northwest Hwy,42.0,-87.812,casual,4
end,Public Rack - Pulaski Rd & 5th Ave,41.873,-87.725,casual,2
end,Public Rack - Milwaukee Ave & Waveland Ave,41.947,-87.738,casual,2
end,Public Rack - Wilbur Wright College North,41.959,-87.79,casual,1
end,Public Rack - Kostner Ave & 16th St,41.859,-87.734,casual,3
end,Public Rack - Halsted St & 63rd St,41.78,-87.641,casual,2
end,Public Rack - Damen Ave & 47th St,41.809,-87.675,casual,4
end,Public Rack - Artesian & 71st,41.765,-87.685,casual,1
end,Public Rack - Chappel Ave & 71st St,41.766,-87.575,casual,4
end,Public Rack - Waller Ave & Chicago Ave,41.895,-87.768,casual,2
end,Public Rack - Pulaski Rd & 41st,41.818,-87.724,casual,1
end,Public Rack - Western Ave & 96th St,41.719,-87.682,casual,4
end,Public Rack - Calumet Ave & 103rd St,41.707,-87.615,casual,1
end,Public Rack - Mason Ave & Archer Ave,41.794,-87.771,casual,1
end,Public Rack - Neenah & Archer,41.792,-87.785,casual,2
end,Public Rack - Central & Prescott,41.993,-87.766,casual,3
end,Public Rack - Ada St & 119th St,41.677,-87.654,casual,3
end,Public Rack - Stony Island & 87th St,41.737,-87.586,casual,1
end,Public Rack - Ozman & Talcott,41.993,-87.822,casual,1
end,Public Rack - Al Raby School,41.886,-87.715,casual,1
end,Public Rack - Marshfield Ave & 45th St,41.812,-87.666,casual,1
end,Public Rack - Sawyer Ave & 111th St,41.691,-87.702,casual,2
end,Public Rack - Neva & Foster,41.975,-87.806,casual,3
end,Public Rack - Pulaski Rd & Stevens Ave,41.991,-87.729,casual,1
end,Public Rack - Bishop St & 46th St,41.81,-87.662,casual,1
end,Public Rack - Pratt Ave & Odell Ave,42.004,-87.811,casual,1
end,Public Rack - Hamlin Ave & Grand Ave,41.904,-87.72,casual,1
end,Public Rack - Western Ave & 118th St,41.678,-87.681,casual,1
end,Public Rack - Harlem and W. 59th,41.785,-87.801,casual,2
end,Public Rack - New England Ave & Grace St,41.949,-87.798,casual,1
end,Public Rack - Milwaukee Ave & Catalpa Ave,41.977,-87.769,casual,1
end,Public Rack - Linder Ave & Belmont Ave,41.939,-87.763,casual,2
end,Public Rack - Pulaski Rd & Flournoy St,41.872,-87.725,casual,3
end,Marmora Ave & Belmont Ave,41.938,-87.779,casual,2
end,Public Rack - Devon Ave & Minnehaha Ave (east),41.997,-87.763,casual,1
end,Public Rack - Vincennes Ave & 95th Pl,41.721,-87.651,casual,1
end,Public Rack - Morgan St & 87th St,41.736,-87.648,casual,1
end,Public Rack - Michigan Ave & 96th St,41.719,-87.621,casual,2
end,Public Rack - May St & 87th St,41.736,-87.652,casual,1
end,Public Rack - Damen & 81st,41.746,-87.673,casual,1
end,Public Rack - Cottage Grove & 85th St,41.74,-87.605,casual,1
end,Public Rack - Newcastle & Archer,41.792,-87.793,casual,1
end,Public Rack - Minnehaha Ave & Devon Ave,41.997,-87.762,casual,1
end,Public Rack - Homan Ave & 26th St,41.845,-87.71,casual,1
end,Clark St & Berwyn Ave,41.978,-87.669,casual,1529
end,Orange Ave & Addison St,41.945,-87.824,casual,66
end,Public Rack - Olmstead Ave & Oliphant Ave,42.002,-87.817,casual,21
end,Oriole Ave & Irving Park Rd,41.952,-87.817,casual,35
end,Oketo Ave & Addison St,41.945,-87.812,casual,50
end,Public Rack - Ozark Ave & Addison St,41.945,-87.82,casual,3
end,Christiana Ave & Lawrence Ave,41.968,-87.712,casual,673
end,Public Rack - Norwood Park Station,41.992,-87.799,casual,16
end,Nordica Ave & Medill Ave,41.922,-87.802,casual,51
end,Sayre Ave & Diversey Ave,41.931,-87.801,casual,108
end,Merrimac Park,41.953,-87.785,casual,101
end,Milwaukee Ave & The 606,41.914,-87.683,casual,3547
end,Newcastle Ave & Irving Park Rd,41.953,-87.798,casual,22
end,Public Rack - Harriet E Sayre Public School,41.914,-87.799,casual,3
end,Shabbona Park,41.945,-87.799,casual,195
end,Kedzie Ave & Milwaukee Ave,41.93,-87.708,casual,1351
end,Wellington Ave & Mulligan Ave,41.935,-87.784,casual,58
end,Narragansett Ave & North Ave,41.909,-87.785,casual,147
end,Lincoln Ave & Melrose St,41.94,-87.67,casual,4342
end,Hyacinth Ave & Milwaukee Ave,41.993,-87.784,casual,81
end,Central Ave & Altgeld St,41.926,-87.766,casual,113
end,Keystone Ave & Montrose Ave,41.961,-87.729,casual,313
end,Kimball Ave & Belmont Ave,41.939,-87.712,casual,1607
end,Mulligan Ave & Archer Ave,41.793,-87.781,casual,51
end,Public Rack - Linder & 51st,41.8,-87.76,casual,16
end,Lawler Ave & 50th St,41.802,-87.749,casual,124
end,Public Rack - Leamington & Elston,41.978,-87.756,casual,28
end,Drake Ave & Addison St,41.947,-87.718,casual,524
end,Linder Ave & Montrose Ave,41.961,-87.765,casual,104
end,Menard Ave & Lawrence Ave,41.968,-87.773,casual,118
end,Major Ave & Addison St,41.946,-87.769,casual,20
end,Dodge Ave & Mulford St,42.023,-87.7,casual,207
end,Monitor Ave & Fullerton Ave,41.924,-87.772,casual,29
end,Elston Ave & Carmen Ave,41.974,-87.75,casual,110
end,Lynch Ave & Elston Ave,41.981,-87.761,casual,105
end,Kilbourn Ave & Irving Park Rd,41.954,-87.741,casual,158
end,Austin Blvd & Lake St,41.888,-87.774,casual,127
end,Public Rack - Austin Blvd & North Ave,41.909,-87.776,casual,30
end,Central Ave & Madison St,41.88,-87.763,casual,53
end,Austin Blvd & Madison St,41.88,-87.774,casual,140
end,Laramie Ave & Gladys Ave,41.876,-87.755,casual,11
end,Lavergne Ave & Division St,41.902,-87.751,casual,58
end,Mason Ave & Grand Ave,41.92,-87.774,casual,127
end,Long & Irving Park,41.953,-87.762,casual,96
end,Morgan St & Lake St*,41.885,-87.652,casual,3467
end,Mayfield Ave & Roosevelt Rd,41.866,-87.772,casual,51
end,Long Ave & North Ave,41.909,-87.761,casual,26
end,Wilton Ave & Belmont Ave,41.94,-87.653,casual,6708
end,Bernard St & Elston Ave,41.95,-87.714,casual,375
end,Kedzie Ave & Leland Ave,41.967,-87.708,casual,787
end,Blue Island Ave & 18th St,41.858,-87.662,casual,1725
end,Central Ave & Wellington Ave,41.935,-87.767,casual,73
end,Conservatory Dr & Lake St,41.886,-87.717,casual,271
end,Cicero Ave & Lake St,41.887,-87.745,casual,56
end,Spaulding Ave & Division St,41.903,-87.709,casual,798
end,Clark St & Grace St,41.951,-87.659,casual,4291
end,Racine Ave & Belmont Ave,41.94,-87.659,casual,3515
end,Western Ave & Leland Ave,41.966,-87.688,casual,1609
end,Long Ave & Diversey Ave,41.931,-87.761,casual,105
end,Broadway & Oakdale Ave,41.936,-87.644,casual,2214
end,Central Park Ave & Washington Blvd,41.883,-87.715,casual,72
end,Kenton Ave & Madison St,41.88,-87.741,casual,23
end,Albany Ave & Belmont Ave,41.94,-87.705,casual,286
end,Cicero Ave & Flournoy St,41.872,-87.747,casual,32
end,Mason Ave & Belmont Ave,41.938,-87.773,casual,20
end,Kilbourn Ave & Roscoe St,41.943,-87.74,casual,183
end,Keeler Ave & Roosevelt Rd,41.866,-87.73,casual,62
end,Damen Ave & Melrose Ave,41.941,-87.679,casual,1463
end,Sawyer Ave & Irving Park Rd,41.954,-87.709,casual,530
end,Public Rack - Hamlin Ave & Montrose Ave,41.961,-87.722,casual,38
end,Logan Blvd & Elston Ave,41.929,-87.684,casual,1420
end,Pulaski Rd & Eddy St,41.946,-87.731,casual,260
end,Public Rack - Elston Ave & Gunnison St,41.969,-87.741,casual,4
end,Kedzie Ave & Milwaukee Ave,41.929,-87.708,casual,2424
end,Kostner Ave & 63rd St,41.779,-87.732,casual,87
end,St Louis Ave & Norman Bobbins Pl,41.794,-87.711,casual,99
end,Theater on the Lake,41.926,-87.631,casual,17724
end,Kenneth Ave & 50th St,41.802,-87.734,casual,46
end,Paulina St & 18th St,41.858,-87.669,casual,1563
end,Broadway & Barry Ave,41.938,-87.644,casual,5758
end,Wood St & Hubbard St,41.89,-87.672,casual,1196
end,Sacramento Ave & Lyndale St,41.922,-87.702,casual,228
end,Whipple/Irving Park,41.954,-87.704,casual,264
end,California Ave & Byron St,41.952,-87.698,casual,839
end,McCormick Blvd & Devon Ave,41.997,-87.711,casual,394
end,Lincolnwood Dr & Central St,42.065,-87.715,casual,362
end,Archer Ave & Homan Ave,41.812,-87.709,casual,38
end,Pulaski Rd & Congress Pkwy,41.874,-87.726,casual,161
end,Clifton Ave & Armitage Ave,41.918,-87.657,casual,2749
end,Columbus Dr & Randolph St,41.885,-87.62,casual,6200
end,Harding Ave & Chicago Ave,41.895,-87.725,casual,59
end,Lakeview Ave & Fullerton Pkwy,41.926,-87.639,casual,5497
end,California Ave & Fletcher St,41.938,-87.698,casual,1287
end,Ravenswood Ave & Irving Park Rd,41.955,-87.674,casual,1485
end,Avers Ave & Foster Ave,41.975,-87.725,casual,123
end,Hoyne Ave & Balmoral Ave,41.98,-87.682,casual,765
end,N Carpenter St & W Lake St,41.886,-87.653,casual,426
end,St. Clair St & Erie St,41.894,-87.623,casual,6967
end,Wolcott (Ravenswood) Ave & Montrose Ave,41.961,-87.676,casual,1728
end,Paulina St & Montrose Ave,41.962,-87.671,casual,1073
end,Damen Ave & Division St,41.903,-87.678,casual,2752
end,Sheffield Ave & Wrightwood Ave,41.929,-87.654,casual,4807
end,Wilton Ave & Diversey Pkwy,41.932,-87.653,casual,4615
end,Monticello Ave & Chicago Ave,41.896,-87.718,casual,106
end,Central Park Ave & Douglas Blvd,41.862,-87.716,casual,62
end,Public Rack - Pulaski Rd & 65th St,41.774,-87.723,casual,4
end,Public Rack - Komensky Ave & 59th St,41.786,-87.724,casual,4
end,Public Rack - Lockwood & Archer,41.797,-87.755,casual,19
end,Troy St & North Ave,41.91,-87.705,casual,936
end,Michigan Ave & 8th St,41.873,-87.624,casual,9620
end,Claremont Ave & Hirsch St,41.908,-87.686,casual,765
end,Kosciuszko Park,41.931,-87.724,casual,873
end,Pulaski Rd & 60th Pl,41.783,-87.723,casual,20
end,Francisco Ave & Montrose Ave,41.961,-87.701,casual,450
end,Wells St & Evergreen Ave,41.907,-87.635,casual,5425
end,Kedzie Ave & 24th St,41.848,-87.705,casual,98
end,Pulaski Rd & 75th St,41.757,-87.722,casual,33
end,Canal St & Jackson Blvd,41.878,-87.64,casual,2392
end,Francisco Ave & Chicago Ave,41.896,-87.699,casual,910
end,Campbell Ave & North Ave,41.911,-87.69,casual,1276
end,Central Park Ave & Ogden Ave,41.854,-87.715,casual,287
end,Dearborn St & Adams St 2,41.88,-87.629,casual,473
end,Dearborn St & Monroe St,41.881,-87.63,casual,3161
end,California Ave & Lake St,41.884,-87.696,casual,272
end,Sangamon St & Lake St,41.886,-87.651,casual,3042
end,Wells St & Elm St,41.903,-87.634,casual,7901
end,Walsh Park,41.915,-87.668,casual,1896
end,Kedzie Ave & Armitage Ave,41.918,-87.707,casual,611
end,Wilton Ave & Addison St,41.947,-87.653,casual,2577
end,Broadway & Sunnyside Ave,41.963,-87.656,casual,993
end,Clark St & Bryn Mawr Ave,41.984,-87.669,casual,2765
end,Francisco Ave & Foster Ave,41.976,-87.701,casual,571
end,Western Ave & 111th St,41.691,-87.681,casual,71
end,Lawndale Ave & 30th St,41.839,-87.717,casual,129
end,Southport Ave & Irving Park Rd,41.954,-87.664,casual,2279
end,Kedzie Ave & Lake St,41.885,-87.706,casual,242
end,Ashland Ave & Grand Ave,41.891,-87.667,casual,1656
end,Damen Ave & Wabansia Ave,41.912,-87.677,casual,1104
end,Francisco Ave & Bloomingdale Ave,41.914,-87.699,casual,588
end,Albany Ave & Bloomingdale Ave,41.914,-87.705,casual,1307
end,Damen Ave & Wellington Ave,41.936,-87.678,casual,1639
end,Sheffield Ave & Waveland Ave,41.949,-87.655,casual,5398
end,Ridge Blvd & Howard St,42.019,-87.685,casual,316
end,Maplewood Ave & 59th St,41.786,-87.687,casual,47
end,State St & 35th St,41.831,-87.627,casual,843
end,Halsted St & 21st St,41.854,-87.647,casual,760
end,Leavitt St & Division St,41.903,-87.684,casual,1481
end,Halsted St & Willow St,41.914,-87.649,casual,2556
end,Ashland Ave & Wellington Ave,41.936,-87.67,casual,1778
end,Columbus Ave & 83rd Pl,41.741,-87.714,casual,15
end,Broadway & Belmont Ave,41.94,-87.645,casual,4200
end,Clark St & Berwyn Ave,41.978,-87.668,casual,2521
end,Damen Ave & Wicker Park Ave,41.909,-87.677,casual,2998
end,DuSable Lake Shore Dr & North Blvd,41.912,-87.627,casual,22334
end,Public Rack - Milwaukee Ave & Lawrence Ave,41.967,-87.76,casual,12
end,Broadway & Thorndale Ave,41.99,-87.66,casual,4374
end,Lincoln Ave & Peterson Ave,41.99,-87.709,casual,198
end,SCOOTERS CLASSIC - 2132 W Hubbard ST,41.89,-87.68,casual,956
end,Public Rack - Pulaski Rd & Armitage Ave,41.917,-87.727,casual,12
end,Halsted St & Dickens Ave,41.92,-87.649,casual,3887
end,Public Rack - Hamlin Ave & Fullerton Ave,41.924,-87.721,casual,63
end,Public Rack - Milwaukee Ave & Pensacola Ave,41.96,-87.753,casual,10
end,Broadway & Wilson Ave,41.965,-87.658,casual,2803
end,Damen Ave & Leland Ave,41.967,-87.679,casual,1897
end,Michigan Ave & Pearson St,41.898,-87.624,casual,3810
end,Damen Ave & Clybourn Ave,41.932,-87.678,casual,801
end,Oakley Ave & Irving Park Rd,41.954,-87.686,casual,615
end,Lincoln Ave & Sunnyside Ave,41.963,-87.685,casual,1891
end,Damen Ave & Madison St,41.881,-87.675,casual,1132
end,Winthrop Ave & Lawrence Ave,41.969,-87.658,casual,1969
end,Hastings LWS,41.864,-87.68,casual,64
end,Francisco Ave & Hollywood Ave,41.984,-87.702,casual,14
end,Pulaski Rd & Ann Lurie Pl,41.816,-87.725,casual,48
end,Central Park Ave & Ohio St,41.892,-87.716,casual,50
end,Kingsbury St & Erie St,41.894,-87.642,casual,4043
end,Mies van der Rohe Way & Chicago Ave,41.897,-87.622,casual,4040
end,Noble St & Milwaukee Ave,41.901,-87.663,casual,1992
end,Sheffield Ave & Fullerton Ave,41.926,-87.654,casual,4932
end,Pine Grove Ave & Irving Park Rd,41.954,-87.648,casual,4240
end,Lincoln Ave & Fullerton Ave,41.924,-87.646,casual,4717
end,Western Ave & Monroe St,41.881,-87.687,casual,371
end,Seeley Ave & Roscoe St,41.943,-87.68,casual,1600
end,Rockwell St & Cermak Rd,41.852,-87.691,casual,231
end,Larrabee St & Division St,41.903,-87.643,casual,2901
end,Wood St & Milwaukee Ave,41.906,-87.672,casual,881
end,Sacramento Ave & Lunt Ave,42.008,-87.705,casual,102
end,Kedzie Ave & 54th Pl,41.793,-87.703,casual,67
end,Millennium Park,41.881,-87.624,casual,19739
end,Kedzie Ave & 83rd St,41.743,-87.702,casual,42
end,La Villita Park,41.839,-87.702,casual,55
end,Green St & Lake St,41.886,-87.648,casual,3171
end,Clark St & Leland Ave,41.967,-87.667,casual,2738
end,Southport Ave & Clybourn Ave,41.922,-87.666,casual,688
end,Clark St & Elm St,41.903,-87.631,casual,7559
end,Southport Ave & Clark St,41.957,-87.664,casual,1018
end,Field Blvd & South Water St,41.886,-87.618,casual,4964
end,Clark St & Touhy Ave,42.013,-87.674,casual,224
end,Halsted St & 35th St,41.831,-87.647,casual,1024
end,Michigan Ave & Ida B Wells Dr,41.876,-87.624,casual,4427
end,Rush St & Superior St,41.896,-87.626,casual,4562
end,Mies van der Rohe Way & Chestnut St,41.899,-87.622,casual,5574
end,Wood St & Augusta Blvd,41.899,-87.672,casual,1565
end,Clark/Eddy,41.947,-87.656,casual,249
end,Sheridan Rd & Lawrence Ave,41.97,-87.655,casual,1612
end,Sheridan Rd & Argyle St,41.973,-87.655,casual,2430
end,Clark St & Columbia Ave,42.004,-87.672,casual,661
end,Dodge Ave & Church St,42.048,-87.698,casual,355
end,University Library (NU),42.053,-87.673,casual,1069
end,California Ave & 36th St,41.828,-87.695,casual,59
end,Dodge Ave & Main St,42.035,-87.699,casual,239
end,Evanston Civic Center,42.057,-87.687,casual,743
end,Western Ave & Howard St,42.019,-87.69,casual,244
end,Public Rack - Rockwell St & Chicago Ave,41.896,-87.692,casual,33
end,Burling St & Diversey Pkwy,41.933,-87.648,casual,2750
end,Fairfield Ave & Roosevelt Rd,41.867,-87.695,casual,119
end,Washtenaw Ave & Ogden Ave,41.862,-87.693,casual,216
end,Mozart St & Jackson Blvd,41.878,-87.697,casual,121
end,Kingsbury St & Kinzie St,41.889,-87.639,casual,6010
end,Wabash Ave & Grand Ave,41.891,-87.627,casual,9584
end,Public Rack - Washtenaw Ave & Superior St,41.895,-87.695,casual,272
end,Damen Ave & Cullerton St,41.855,-87.676,casual,1029
end,Paulina St & Flournoy St,41.873,-87.669,casual,1538
end,Desplaines St & Randolph St,41.884,-87.644,casual,1884
end,Wabash Ave & Wacker Pl,41.887,-87.626,casual,4587
end,Michigan Ave & Madison St,41.882,-87.625,casual,2937
end,Paulina St & Adams St,41.879,-87.669,casual,425
end,Western Ave & 21st St,41.854,-87.686,casual,372
end,Campbell Ave & Irving Park Rd,41.954,-87.691,casual,286
end,Wentworth Ave & 35th St,41.831,-87.633,casual,944
end,Western Blvd & 48th Pl,41.806,-87.683,casual,170
end,Sangamon St & Washington Blvd,41.883,-87.651,casual,2113
end,Public Rack - Pulaski Rd & Roosevelt Rd,41.866,-87.724,casual,5
end,Franklin St & Illinois St,41.891,-87.635,casual,4035
end,Winchester (Ravenswood) Ave & Balmoral Ave,41.98,-87.678,casual,630
end,Rockwell St & 47th St,41.809,-87.689,casual,61
end,Field Museum,41.865,-87.618,casual,7552
end,Halsted St & North Branch St,41.899,-87.649,casual,260
end,Larrabee St & Menomonee St,41.915,-87.643,casual,1228
end,Sheridan Rd & Greenleaf Ave,42.011,-87.662,casual,703
end,Granville Ave & Clark St,41.994,-87.67,casual,247
end,Calumet Ave & 18th St,41.858,-87.619,casual,3179
end,Clark St & Arlington Pl,41.927,-87.641,casual,2303
end,Buckingham Fountain,41.87,-87.624,casual,5153
end,Morgan St & Hubbard St,41.89,-87.653,casual,613
end,Clark/Racine Corral,41.95,-87.659,casual,326
end,Public Rack - Kedzie Ave & Pershing Rd,41.823,-87.704,casual,1
end,Dearborn St & Adams St,41.879,-87.63,casual,2995
end,Wells St & Randolph St,41.884,-87.634,casual,4149
end,Public Rack - Western Blvd & 49th St,41.805,-87.684,casual,29
end,Pine Grove Ave & Waveland Ave,41.949,-87.646,casual,5267
end,Wolcott Ave & Fargo Ave,42.017,-87.678,casual,143
end,Wells St & Hubbard St,41.89,-87.634,casual,6204
end,May St & Taylor St,41.869,-87.656,casual,495
end,Ashland Ave & Grace St,41.953,-87.669,casual,77
end,Ridge Blvd & Touhy Ave,42.012,-87.683,casual,324
end,Public Rack - Bell Ave & 95th St,41.721,-87.679,casual,2
end,Orleans St & Hubbard St,41.89,-87.637,casual,2391
end,Wabash Ave & Jackson Blvd,41.878,-87.626,casual,743
end,Sheffield Ave & School St,41.942,-87.654,casual,420
end,Racine Ave & 35th St,41.831,-87.656,casual,386
end,Public Rack - Damen Ave & Division St,41.903,-87.676,casual,26
end,Dearborn St & Madison St,41.882,-87.63,casual,617
end,Noble St & Potomac Ave,41.906,-87.663,casual,333
end,Federal St & Polk St,41.872,-87.63,casual,4430
end,Winthrop Ave & Sheridan Rd,41.998,-87.659,casual,64
end,Public Rack - Michigan Ave & Wacker Dr (South),41.888,-87.624,casual,83
end,Dearborn St & Division St,41.904,-87.63,casual,2043
end,Public Rack - Homan Ave & Lake St,41.885,-87.711,casual,9
end,Halsted St & 59th St,41.788,-87.645,casual,46
end,Franklin St & Washington St,41.883,-87.635,casual,1418
end,LaSalle St & Jackson Blvd,41.878,-87.632,casual,2546
end,Racine Ave & Congress Pkwy,41.875,-87.657,casual,1034
end,Western Ave & 101st St,41.71,-87.682,casual,46
end,Wallace St & 35th St,41.831,-87.641,casual,484
end,Lock St & 31st St,41.838,-87.659,casual,189
end,Michigan Ave & 14th St,41.864,-87.624,casual,3371
end,Sangamon St & Adams St,41.879,-87.651,casual,745
end,May St & Hubbard St,41.89,-87.656,casual,614
end,Hale Ave & 107th St,41.699,-87.669,casual,105
end,Homewood Ave & 115th St,41.685,-87.671,casual,36
end,Kedzie Ave & 104th St,41.704,-87.701,casual,12
end,63rd St Beach,41.781,-87.576,casual,852
end,Public Rack - Ashland Ave & 46th St,41.811,-87.665,casual,8
end,Damen Ave & 74th St,41.759,-87.674,casual,15
end,Racine Ave & Garfield Blvd,41.794,-87.655,casual,51
end,Cornell Ave & Hyde Park Blvd,41.802,-87.587,casual,2025
end,Hamilton Park,41.763,-87.637,casual,35
end,Public Rack - Racine Ave & 76th,41.756,-87.654,casual,1
end,Racine Ave & 115th St,41.685,-87.652,casual,28
end,Wallace St & Pershing Rd,41.824,-87.64,casual,34
end,W Washington Blvd & N Peoria St,41.883,-87.65,casual,168
end,Loomis St & 89th St,41.732,-87.658,casual,9
end,Vincennes Ave & 95th St,41.721,-87.65,casual,47
end,Jeffery Blvd & 67th St,41.774,-87.577,casual,232
end,University Ave & 57th St,41.791,-87.6,casual,4803
end,Calumet Ave & 33rd St,41.835,-87.618,casual,572
end,Dearborn St & Van Buren St,41.876,-87.629,casual,2097
end,Public Rack - Hoyne Ave & Walton St,41.899,-87.68,casual,11
end,Public Rack - Narragansett Ave & Fullerton Ave,41.924,-87.784,casual,6
end,MLK Jr Dr & 47th St,41.81,-87.616,casual,263
end,Public Rack - Green St & 103rd St,41.707,-87.643,casual,3
end,Halsted St & 69th St,41.769,-87.645,casual,98
end,Racine Ave & 57th St,41.79,-87.655,casual,21
end,MLK Jr Dr & Pershing Rd,41.825,-87.617,casual,438
end,Public Rack - Wells St & Schiller St,41.908,-87.635,casual,29
end,Calumet Ave & 35th St,41.831,-87.618,casual,376
end,Public Rack - South Shore Dr & 71st St,41.766,-87.563,casual,26
end,Woodlawn Ave & 55th St,41.795,-87.596,casual,2264
end,Public Rack - Southport Ave & Fullteron Ave,41.925,-87.663,casual,29
end,Halsted St & 96th St,41.72,-87.643,casual,36
end,Public Rack - Western Ave & 47th Pl,41.808,-87.685,casual,5
end,Public Rack - Wells St & Scott St,41.905,-87.635,casual,79
end,Public Rack - Halsted St & Fullerton Ave,41.926,-87.648,casual,48
end,Rhodes Ave & 32nd St,41.836,-87.614,casual,519
end,Michigan Ave & 9th St,41.871,-87.624,casual,136
end,Public Rack - Dearborn St & Jackson Ave,41.878,-87.629,casual,15
end,Ellis Ave & 53rd St,41.799,-87.601,casual,1302
end,Buckingham Fountain,41.876,-87.621,casual,397
end,Clark St & Elm St,41.903,-87.633,casual,41
end,Public Rack - Wells St & Lake St,41.886,-87.634,casual,23
end,Public Rack - Desplaines St & Fulton St,41.887,-87.643,casual,12
end,Cottage Grove Ave & 63rd St,41.781,-87.606,casual,393
end,State St & 29th St,41.842,-87.627,casual,194
end,Olive Harvey College,41.71,-87.59,casual,37
end,Wentworth Ave & 104th St,41.705,-87.629,casual,12
end,State St & 45th St,41.813,-87.626,casual,54
end,Lake Park Ave & 47th St,41.809,-87.592,casual,663
end,Public Rack - Langley Ave & Oakwood Blvd,41.823,-87.61,casual,27
end,Prairie Ave & Garfield Blvd,41.795,-87.619,casual,563
end,Woodlawn Ave & Lake Park Ave,41.814,-87.597,casual,522
end,State St & 76th St,41.757,-87.625,casual,14
end,Public Rack - Kimbark Ave & 67th St,41.774,-87.594,casual,71
end,Dorchester Ave & 49th St,41.806,-87.592,casual,284
end,Indiana Ave & 40th St,41.822,-87.621,casual,1
end,Jeffery Blvd & 76th St,41.757,-87.576,casual,49
end,Eggleston Ave & 92nd St,41.728,-87.635,casual,40
end,Martin Luther King Dr & 87th St,41.737,-87.614,casual,28
end,Indiana Ave & 103rd St,41.707,-87.618,casual,14
end,Ellis Ave & 60th St,41.785,-87.601,casual,3757
end,Public Rack - King Dr & Oakwood Blvd,41.823,-87.616,casual,10
end,Cottage Grove Ave & 67th St,41.774,-87.606,casual,178
end,Eberhart Ave & 131st St,41.658,-87.611,casual,10
end,Public Rack - Washington Park Ct & 51st St,41.802,-87.615,casual,9
end,Cottage Grove Ave & 49th St,41.806,-87.607,casual,68
end,Public Rack - 532 E 43rd St,41.817,-87.613,casual,19
end,Chicago State University,41.719,-87.608,casual,100
end,Rhodes Ave & 71st St,41.766,-87.612,casual,13
end,Cottage Grove Ave & 111th Pl,41.692,-87.61,casual,35
end,Public Rack - State ST & 42nd St,41.819,-87.626,casual,16
end,Public Rack - Langley Ave & 49th St,41.805,-87.609,casual,5
end,Public Rack - Woodlawn Ave & 63rd St N,41.781,-87.596,casual,68
end,Steelworkers Park,41.738,-87.531,casual,133
end,Stony Island Ave & 82nd St,41.747,-87.586,casual,23
end,Public Rack - East End Ave & 87th St,41.737,-87.584,casual,3
end,Public Rack - Champlain Ave & 65th St,41.776,-87.609,casual,61
end,Big Marsh Park,41.686,-87.574,casual,303
end,Commercial Ave & 100th St,41.713,-87.551,casual,12
end,Wabash Ave & 87th St,41.737,-87.623,casual,62
end,Commercial Ave & 130th St,41.659,-87.551,casual,90
end,Ewing Ave & 106th St,41.703,-87.536,casual,58
end,Ewing Ave & 98th St,41.718,-87.535,casual,44
end,Ewing Ave & 97th St,41.72,-87.535,casual,34
end,Ave H & 110th St,41.696,-87.533,casual,4
end,Public Rack - Michigan Ave & 119th St,41.678,-87.621,casual,5
end,Public Rack - Lafayette Ave & 95th St,41.722,-87.625,casual,22
end,Public Rack - 111th St - Morgan Park Metra,41.693,-87.671,casual,4
end,Public Rack - Pullman - Walmart,41.697,-87.598,casual,6
end,Western Ave & 79th St,41.751,-87.683,casual,25
end,Yates Ave & 95th St,41.722,-87.565,casual,4
end,South Chicago Ave & 83rd St,41.744,-87.575,casual,19
end,Cottage Grove Ave & 78th St,41.753,-87.605,casual,33
end,Vincennes Ave & 75th St,41.758,-87.631,casual,12
end,May St & 69th St,41.769,-87.653,casual,16
end,Public Rack - 63rd St and Natoma Ave,41.778,-87.788,casual,2
end,Public Rack - Prairie Ave & Garfield Blvd S,41.794,-87.619,casual,4
end,Shields Ave & 57th St,41.791,-87.635,casual,8
end,Homan Ave & 65th St,41.775,-87.708,casual,21
end,Public Rack - 85th Pl & Pulaski Rd,41.737,-87.721,casual,7
end,Lavergne Ave & 44th St,41.813,-87.749,casual,11
end,Public Rack - Halsted St & 41st St,41.82,-87.646,casual,4
end,Troy Ave & 27th St,41.843,-87.704,casual,26
end,Public Rack - Central Park Ave & Fillmore St,41.868,-87.715,casual,3
end,Public Rack - Menard Ave & Grand Ave,41.92,-87.771,casual,4
end,Public Rack - Trader Joe's Clybourn Ave,41.915,-87.655,casual,23
end,Public Rack - Western Ave & Chicago Ave,41.896,-87.687,casual,9
end,Public Rack - Homan Ave & Roosevelt,41.866,-87.711,casual,2
end,Public Rack - Leclaire Ave & Division St,41.902,-87.753,casual,9
end,Public Rack - Sheffield Ave & Belden Ave,41.923,-87.654,casual,12
end,Public Rack - Laramie Ave & Belmont Ave,41.939,-87.756,casual,8
end,Roscoe & Harlem,41.942,-87.807,casual,25
end,Public Rack - Mason Ave & Milwaukee Ave,41.986,-87.777,casual,5
end,Public Rack - Austin & Higgins,41.973,-87.778,casual,2
end,Public Rack - Milwaukee Ave & Warner Ave,41.956,-87.751,casual,16
end,Public Rack - Kilpatrick & Elston,41.97,-87.743,casual,3
end,Public Rack - Osceola Ave & Touhy Ave,42.012,-87.813,casual,4
end,Public Rack - Newland Ave & Diversey Ave,41.931,-87.799,casual,1
end,Public Rack - Meade Ave & Archer Ave,41.794,-87.774,casual,2
end,Public Rack - McVicker & 52nd,41.798,-87.773,casual,1
end,Public Rack - Laramie Ave & Warwick Ave,41.949,-87.757,casual,3
end,Public Rack - Central Park Ave & Fulton Blvd,41.886,-87.716,casual,4
end,Public Rack - Kimball Ave & Carmen Ave,41.974,-87.713,casual,23
end,Public Rack - Clybourn Ave & Dickens Ave,41.919,-87.661,casual,18
end,Public Rack - Wentworth Ave & 103rd St,41.707,-87.628,casual,9
end,Public Rack - Prairie Ave & 47th St,41.809,-87.619,casual,15
end,Public Rack - Laflin St & 79th St,41.75,-87.662,casual,1
end,Stony Island Ave & South Chicago Ave,41.751,-87.585,casual,6
end,Commercial Ave & 90th St,41.732,-87.552,casual,23
end,Public Rack - Northwest Hwy & Raven St,41.993,-87.799,casual,2
end,Public Rack - Wentworth Park,41.789,-87.78,casual,1
end,Public Rack - California & 87th,41.736,-87.692,casual,3
end,Public Rack - Kedvale Ave & 63rd St W,41.779,-87.727,casual,7
end,Public Rack - Western Ave & 104th St - West,41.704,-87.682,casual,2
end,Public Rack - Western Ave & 110th St,41.694,-87.682,casual,2
end,Kedzie Ave & 45th St,41.811,-87.704,casual,18
end,Public Rack - Division St & Christiana Ave,41.903,-87.711,casual,4
end,Public Rack - Wood St & 103rd St,41.706,-87.667,casual,4
end,Public Rack - Kedzie & 103rd St - W,41.705,-87.701,casual,3
end,Public Rack - Ashland Ave & 71st St,41.766,-87.664,casual,4
end,Public Rack - 53rd St & Indiana Ave,41.798,-87.621,casual,1
end,Public Rack - Wells St & Monroe St,41.881,-87.634,casual,11
end,Public Rack - Colfax Ave & 83rd St,41.745,-87.561,casual,2
end,Public Rack - Champlain Ave & 134th St,41.657,-87.606,casual,1
end,Public Rack - Hamlin Ave & Madison St,41.881,-87.721,casual,4
end,Public Rack - Hoyne Ave & 51st St,41.801,-87.677,casual,5
end,Public Rack - Orleans St & Chicago Ave,41.896,-87.638,casual,7
end,Public Rack - Wabash Ave & 87th St,41.736,-87.623,casual,4
end,Evans Ave & 75th St,41.758,-87.606,casual,10
end,Public Rack - Pulaski & Ardmore,41.986,-87.728,casual,2
end,Public Rack - Central Park Ave & 16th St,41.859,-87.716,casual,1
end,Public Rack - Pulaski & 84th,41.739,-87.721,casual,1
end,Public Rack - Sacramento Blvd & Washington Blvd,41.883,-87.7,casual,2
end,Public Rack - Avers Ave & Ogden Ave,41.853,-87.721,casual,11
end,Public Rack - Forest Glen & Peterson,41.99,-87.743,casual,4
end,Public Rack - Aida Food Market,41.75,-87.644,casual,2
end,Public Rack - Central & Berteau,41.957,-87.767,casual,2
end,Public Rack - Pulaski & 52nd,41.797,-87.723,casual,1
end,Public Rack - Komensky Ave & 63rd St,41.779,-87.724,casual,2
end,Public Rack - Bensley Ave & 103rd St,41.708,-87.563,casual,1
end,Public Rack - Ewing Ave & 102nd St,41.71,-87.535,casual,1
end,Public Rack - Neola & Northwest Hwy,41.99,-87.795,casual,2
end,Public Rack - Menard Ave & Adams Blvd,41.878,-87.769,casual,3
end,Mango Ave & Grand Ave,41.92,-87.769,casual,7
end,Whipple St & Roosevelt Rd,41.867,-87.702,casual,3
end,Public Rack - Cicero Ave & North Ave,41.909,-87.746,casual,3
end,Public Rack - Kedzie Ave & 61st Pl W,41.782,-87.703,casual,3
end,Western Ave & Monroe St,41.882,-87.686,casual,1
end,Kildare Ave & Archer Ave,41.801,-87.73,casual,8
end,Public Rack - Western Ave & 79th St,41.75,-87.683,casual,1
end,Public Rack - Wentworth Ave & 79th St,41.751,-87.63,casual,1
end,Public Rack - Maplewood Ave & 63rd St,41.779,-87.687,casual,1
end,Public Rack - Irving Park Rd & Parkside Ave,41.953,-87.689,casual,2
end,Public Rack - Crandon Ave & 80th St,41.75,-87.569,casual,1
end,Public Rack - Ashburn Metra,41.741,-87.713,casual,1
end,Public Rack - Halsted St & 80th St,41.748,-87.644,casual,2
end,Public Rack - Leoti Ave & Central Ave (north),41.998,-87.764,casual,1
end,Public Rack - Washtenaw Ave & 63rd St,41.779,-87.691,casual,1
end,Public Rack - Racine Ave & 109th Pl,41.695,-87.653,casual,2
end,Public Rack - Lawndale Ave & Polk St,41.871,-87.718,casual,4
end,Public Rack - Talman Ave & Pershing Rd,41.823,-87.691,casual,2
end,Public Rack - Foster Ave & Drake Ave,41.976,-87.717,casual,1
end,Public Rack - Ewing Ave & 106th St,41.702,-87.535,casual,1
end,Public Rack - Albany Ave & 103rd St,41.707,-87.7,casual,1
end,Public Rack - Ashland Ave & 76th St,41.756,-87.664,casual,1
end,Public Rack - Kedvale Ave & 63rd St E,41.779,-87.726,casual,1
end,Public Rack - Vincennes Ave & 87th St,41.736,-87.645,casual,1
end,Public Rack - Brandon Ave & 91st St,41.73,-87.547,casual,1
start,Public Rack - Oak Park Ave & Foster Ave,41.975,-87.812,casual,9
start,Public Rack - Touhy Ave & Oconto Ave,42.012,-87.808,casual,13
start,Harlem Ave & Irving Park Rd,41.953,-87.807,casual,112
start,Harlem Ave & Grace St,41.949,-87.807,casual,43
start,Public Rack - Mont Clare Ave & Higgins Ave,41.981,-87.805,casual,10
start,Milwaukee Ave & Highland Ave,41.996,-87.787,casual,141
start,Public Rack - Fullerton Ave & Narragansett Ave,41.924,-87.786,casual,10
start,Narragansett Ave & Wrightwood Ave,41.927,-87.785,casual,226
start,Narragansett Ave & McLean Ave,41.916,-87.785,casual,103
start,Meade Ave & Diversey Ave,41.931,-87.778,casual,49
start,Marmora Ave & Irving Park Rd,41.953,-87.775,casual,148
start,Austin Blvd & Chicago Ave,41.895,-87.775,casual,76
start,Public Rack - Bryn Mawr Ave & Milwaukee Ave,41.983,-87.774,casual,7
start,Major Ave & Addison St,41.946,-87.772,casual,54
start,Menard Ave & North Ave,41.91,-87.77,casual,63
start,Farragut Ave & Central Ave,41.977,-87.768,casual,110
start,Central Ave & Roscoe St,41.942,-87.767,casual,86
start,Edgebrook Metra,41.998,-87.765,casual,150
start,Pine Ave & Division St,41.902,-87.764,casual,82
start,Public Rack - Parkside & 63rd,41.778,-87.763,casual,4
start,Public Rack - Minuteman Park,41.785,-87.763,casual,22
start,Lockwood Ave & Grand Ave,41.918,-87.758,casual,101
start,Laramie Ave & Kinzie St,41.888,-87.756,casual,107
start,Lawler Ave & North Ave,41.909,-87.752,casual,73
start,Public Rack - Montrose Ave & Lavergne Ave,41.961,-87.752,casual,3
start,Public Rack - Milwaukee Ave & Culyer Ave,41.955,-87.749,casual,19
start,Lavergne Ave & 46th St,41.809,-87.748,casual,60
start,Public Rack - Cicero Ave & Belle Plaine Ave,41.956,-87.748,casual,59
start,Cicero Ave & Roscoe Ave,41.942,-87.747,casual,107
start,Cicero Ave & Wrightwood Ave,41.928,-87.747,casual,87
start,Lamon Ave & 47th St,41.808,-87.746,casual,27
start,Knox Ave & Montrose Ave,41.961,-87.745,casual,402
start,Kilbourn Ave & Milwaukee Ave,41.949,-87.74,casual,198
start,Kilbourn Ave & Diversey Ave,41.932,-87.739,casual,143
start,Midway Orange Line,41.787,-87.739,casual,334
start,Kilbourn Ave & Belden Ave,41.922,-87.739,casual,117
start,Kostner Ave & Devon Ave,41.997,-87.738,casual,127
start,Lowell Ave & Armitage Ave,41.917,-87.735,casual,173
start,Kildare Ave & Archer Ave,41.8,-87.731,casual,43
start,Karlov Ave & Lawrence Ave,41.968,-87.73,casual,185
start,Public Rack - Karlov Ave & Milwaukee Ave,41.943,-87.73,casual,77
start,Public Rack - Springfield Ave & Lawrence Ave,41.968,-87.726,casual,44
start,Komensky Ave & 31st St,41.837,-87.726,casual,37
start,Public Rack - Legler Regional Library,41.879,-87.725,casual,4
start,Harding Ave & Division St,41.902,-87.725,casual,75
start,Public Rack - Avers & Lawrence,41.968,-87.724,casual,16
start,Hamlin Ave & Grand Ave,41.904,-87.722,casual,120
start,Archer Ave & 49th St,41.804,-87.721,casual,33
start,Springfield Ave & 71st St,41.764,-87.72,casual,22
start,Public Rack - Avondale Ave & Addison St,41.947,-87.72,casual,24
start,Public Rack - Avondale Ave & Addison St,41.946,-87.72,casual,1
start,Monticello Ave & Lawrence Ave,41.968,-87.72,casual,89
start,Public Rack - Lawndale Ave & Diversey Ave,41.932,-87.719,casual,40
start,Hamlin Ave & 62nd Pl,41.78,-87.718,casual,36
start,Lawndale Ave & 16th St,41.859,-87.718,casual,45
start,W 103rd St & S Avers Ave,41.706,-87.717,casual,49
start,Central Park Ave & Elbridge Ave,41.935,-87.717,casual,1162
start,Central Park Ave & Bloomingdale Ave,41.914,-87.717,casual,900
start,Central Park Ave & North Ave,41.91,-87.717,casual,547
start,Central Park & Augusta Blvd,41.899,-87.716,casual,68
start,St Louis Ave & Foster Ave,41.976,-87.716,casual,145
start,Lawndale Ave & 59th St,41.786,-87.716,casual,44
start,Central Park Blvd & 5th Ave,41.876,-87.715,casual,57
start,Public Rack - Christiana & Lincoln,41.993,-87.713,casual,11
start,Public Rack - Bernard St & Foster Ave,41.976,-87.713,casual,14
start,Kimball Ave & Wrightwood Ave,41.928,-87.712,casual,174
start,Public Rack - Bryn Mawr Ave & Spaulding Ave,41.983,-87.712,casual,20
start,Milwaukee Ave & Diversey Ave,41.933,-87.712,casual,142
start,Spaulding Ave & Milwaukee Ave,41.931,-87.711,casual,325
start,Public Rack - Spaulding Ave & Evergreen Ave,41.905,-87.709,casual,17
start,Kedzie Ave & Bryn Mawr Ave,41.982,-87.709,casual,271
start,Kedzie Ave & Palmer Ct,41.922,-87.707,casual,1328
start,Kedzie Ave & Roosevelt Rd,41.866,-87.706,casual,76
start,Troy St & Grace St,41.95,-87.706,casual,249
start,Kedzie Ave & Harrison St,41.874,-87.705,casual,53
start,Troy St & Jackson Blvd,41.878,-87.705,casual,36
start,Columbus Ave & 79th St,41.749,-87.704,casual,84
start,Kedzie Ave & 54th Pl,41.794,-87.703,casual,62
start,Albany Ave & Douglas Blvd,41.863,-87.703,casual,111
start,Kedzie Ave & Redfield Dr,41.765,-87.703,casual,44
start,Kedzie Ave & 57th St,41.79,-87.703,casual,291
start,N Shore Channel Trail & Argyle St,41.972,-87.703,casual,200
start,Sacramento Ave & Linden Pl,41.926,-87.703,casual,425
start,Archer Ave & 43rd St,41.815,-87.702,casual,44
start,Humboldt Blvd & Armitage Ave,41.918,-87.702,casual,1993
start,Kedzie Ave & 110th St,41.692,-87.701,casual,38
start,Sacramento Ave & 25th St,41.847,-87.7,casual,38
start,Sacramento Ave & 51st St,41.801,-87.699,casual,28
start,Central St Metra,42.064,-87.699,casual,638
start,Fairfield Ave & Pratt Blvd,42.004,-87.699,casual,194
start,California Ave & Winona St,41.975,-87.698,casual,128
start,California Ave & Division St,41.903,-87.698,casual,9
start,California Ave & Milwaukee Ave,41.923,-87.697,casual,3597
start,California Ave & North Ave,41.91,-87.697,casual,1421
start,Washtenaw Ave & Peterson Ave,41.991,-87.697,casual,49
start,Public Rack - California Ave & Ogden Ave,41.861,-87.696,casual,24
start,California & 16th St,41.859,-87.696,casual,124
start,Talman Ave & Addison St,41.947,-87.695,casual,1070
start,Mozart St & 79th St,41.75,-87.694,casual,50
start,Lincoln Ave & Balmoral Ave,41.979,-87.693,casual,231
start,Stave St & Armitage Ave,41.918,-87.692,casual,15
start,Stave St & Armitage Ave,41.918,-87.691,casual,1259
start,Elston Ave & George St,41.934,-87.691,casual,584
start,Public Rack - Western Ave & Devon Ave,41.998,-87.69,casual,36
start,Rockwell St & 57th St,41.79,-87.689,casual,132
start,Milwaukee Ave & Armitage Ave,41.918,-87.689,casual,921
start,Rockwell St & 63rd St,41.779,-87.689,casual,32
start,Western Ave & Berteau Ave,41.958,-87.688,casual,338
start,Artesian Ave & Hubbard St,41.889,-87.688,casual,8
start,Western Ave & Grace St,41.95,-87.688,casual,547
start,Western Ave & Division St,41.903,-87.687,casual,1715
start,Western Ave & Congress Pkwy,41.875,-87.686,casual,679
start,Central St & Girard Ave,42.064,-87.686,casual,445
start,Artesian Ave & 55th St,41.794,-87.686,casual,45
start,Oakley Ave & Lyndale St,41.923,-87.685,casual,345
start,Western Ave & 24th St,41.848,-87.685,casual,387
start,Ogden Ave & Roosevelt Rd,41.867,-87.685,casual,258
start,Elmwood Ave & Austin St,42.026,-87.684,casual,405
start,Leavitt St & Lawrence Ave,41.969,-87.684,casual,1133
start,2112 W Peterson Ave,41.991,-87.684,casual,227
start,Benson Ave & Church St,42.048,-87.683,casual,2527
start,Leavitt St & Addison St,41.947,-87.683,casual,1159
start,Leavitt St & Belmont Ave,41.939,-87.683,casual,1468
start,Archer (Damen) Ave & 37th St,41.827,-87.683,casual,156
start,Public Rack - Leavitt St & Potomac Ave,41.905,-87.682,casual,23
start,Western Ave & 104th St,41.705,-87.681,casual,62
start,Damen Ave & Sunnyside Ave,41.963,-87.679,casual,1151
start,Chicago Ave & Washington St,42.033,-87.679,casual,1175
start,Damen Ave & Clybourn Ave,41.932,-87.679,casual,343
start,Damen Ave & Division St,41.903,-87.679,casual,35
start,Damen Ave & Wellington Ave,41.936,-87.679,casual,5
start,Damen Ave & Charleston St,41.92,-87.678,casual,1951
start,Chicago Ave & Sheridan Rd,42.05,-87.678,casual,2994
start,Damen Ave & Pierce Ave,41.909,-87.678,casual,4069
start,Damen Ave & St Paul Ave,41.913,-87.678,casual,588
start,Damen Ave & Evergreen Ave,41.906,-87.678,casual,345
start,Sheridan Rd & Noyes St (NU),42.058,-87.677,casual,3285
start,Damen Ave & Cortland St,41.916,-87.677,casual,3718
start,Hoyne Ave & 47th St,41.808,-87.677,casual,245
start,Lincoln Ave & Waveland Ave,41.949,-87.675,casual,1154
start,Clark St & Jarvis Ave,42.016,-87.675,casual,477
start,Ravenswood Ave & Lawrence Ave,41.969,-87.674,casual,32
start,Honore St & Division St,41.903,-87.674,casual,3097
start,Damen Ave & 77th St,41.754,-87.673,casual,36
start,Damen Ave & 87th St,41.736,-87.673,casual,68
start,Wood St & Cortland St,41.916,-87.673,casual,406
start,Wood St & Webster Ave,41.921,-87.673,casual,823
start,Wood St & Walnut St,41.886,-87.672,casual,222
start,Clark St & Schreiber Ave,41.999,-87.672,casual,5
start,N Paulina St & Lincoln Ave,41.944,-87.671,casual,517
start,Wood St & 35th St,41.83,-87.67,casual,261
start,Paulina St & Cortland St,41.916,-87.67,casual,603
start,Paulina Ave & North Ave,41.91,-87.67,casual,4776
start,Hermitage Ave & Polk St,41.872,-87.67,casual,1011
start,Bosworth Ave & Howard St,42.02,-87.67,casual,463
start,Ashland Ave & Grace St,41.951,-87.669,casual,1598
start,Greenview Ave & Jarvis Ave,42.016,-87.669,casual,1091
start,Ashland Ave & Chicago Ave,41.896,-87.668,casual,1834
start,Walden Pkwy & 100th St,41.712,-87.668,casual,171
start,Clark St & Montrose Ave,41.962,-87.666,casual,2464
start,Glenwood Ave & Touhy Ave,42.013,-87.666,casual,617
start,Glenwood Ave & Morse Ave,42.008,-87.666,casual,1079
start,Eastlake Ter & Howard St,42.019,-87.664,casual,584
start,Southport Ave & Waveland Ave,41.948,-87.664,casual,5169
start,Southport Ave & Grace St,41.952,-87.664,casual,398
start,Laflin St & Cullerton St,41.855,-87.664,casual,995
start,Ashland Ave & 78th St,41.752,-87.664,casual,23
start,Southport Ave & Wellington Ave,41.936,-87.664,casual,4245
start,Sheridan Rd & Columbia Ave,42.005,-87.661,casual,865
start,Broadway & Ridge Ave,41.984,-87.66,casual,1567
start,The Salt Shed,41.907,-87.66,casual,1381
start,Racine Ave & Broadway,41.968,-87.66,casual,783
start,Elizabeth St & Fulton St,41.887,-87.66,casual,1276
start,Elizabeth St & Fulton St,41.887,-87.659,casual,587
start,Racine/Eddy Corral,41.946,-87.659,casual,519
start,Throop St & Taylor St,41.869,-87.659,casual,1486
start,Racine Ave & Wrightwood Ave,41.929,-87.659,casual,2027
start,Lincoln Ave & Diversey Pkwy,41.932,-87.659,casual,3252
start,Vincennes Ave & 107th St,41.699,-87.659,casual,92
start,Public Rack - Racine Ave & Armitage Ave,41.918,-87.658,casual,46
start,Loomis St & Archer Ave,41.842,-87.657,casual,315
start,Vincennes Ave & 104th St,41.705,-87.657,casual,59
start,Eddy/Seminary Corral,41.946,-87.657,casual,1037
start,Public Rack - Clifton Ave & Armitage Ave,41.918,-87.656,casual,7
start,Ada St & 113th Place,41.688,-87.655,casual,7
start,Sheridan Rd & Buena Ave,41.959,-87.655,casual,24
start,Aberdeen St & Monroe St,41.88,-87.655,casual,661
start,Sheridan Rd & Montrose Ave,41.962,-87.655,casual,3785
start,Grace/Sheffield Corral,41.951,-87.655,casual,298
start,Public Rack - Kenmore Ave & Armitage Ave,41.918,-87.655,casual,7
start,Addison/Sheffield SW Corral,41.947,-87.655,casual,3
start,Sheridan Rd & Irving Park Rd,41.954,-87.654,casual,4569
start,Racine Ave & 61st St,41.783,-87.654,casual,13
start,Racine Ave & 65th St,41.775,-87.654,casual,33
start,Ogden Ave & Chicago Ave,41.896,-87.654,casual,2955
start,Sheffield Ave & Webster Ave,41.922,-87.654,casual,3911
start,Public Rack - Sheffield Ave & Dickens Ave,41.92,-87.654,casual,13
start,Public Rack - Carpenter St & Madison St,41.882,-87.654,casual,20
start,Carpenter St & Huron St,41.895,-87.654,casual,3
start,Sheffield Ave & Kingsbury St,41.911,-87.653,casual,3136
start,Wilton Ave & Addison St,41.948,-87.653,casual,26
start,Sheffield Ave & Willow St,41.914,-87.653,casual,2075
start,Sheffield Ave & Wellington Ave,41.936,-87.653,casual,4231
start,Morgan St & Lake St*,41.886,-87.652,casual,33
start,Lakefront Trail & Bryn Mawr Ave,41.984,-87.652,casual,5658
start,North Branch St & Haines St,41.901,-87.651,casual,99
start,Green St & Chicago Ave,41.893,-87.651,casual,875
start,Clarendon Ave & Leland Ave,41.968,-87.65,casual,2162
start,Dayton St & North Ave,41.91,-87.65,casual,3612
start,Peoria St & Kinzie St,41.889,-87.65,casual,1413
start,Clarendon Ave & Gordon Ter,41.958,-87.65,casual,3582
start,Clarendon Ave & Junior Ter,41.961,-87.649,casual,67
start,Dayton St & North Ave,41.911,-87.649,casual,3614
start,Peoria St & Jackson Blvd,41.878,-87.649,casual,41
start,Halsted St & Melrose St,41.941,-87.649,casual,411
start,Halsted St & Roscoe St,41.944,-87.649,casual,5008
start,Halsted St & Roosevelt Rd,41.867,-87.649,casual,1591
start,Halsted St & Maxwell St,41.865,-87.647,casual,2816
start,Halsted St & Polk St,41.872,-87.647,casual,2114
start,Halsted St & 47th Pl,41.808,-87.646,casual,98
start,Broadway & Roscoe Ave,41.944,-87.645,casual,1056
start,Summit Ave & 86th St,41.738,-87.645,casual,17
start,Public Rack - Emerald Ave & 43rd St,41.816,-87.645,casual,50
start,Larrabee St & Armitage Ave,41.918,-87.644,casual,2624
start,Halsted St & 83rd St,41.743,-87.644,casual,32
start,Halsted St & 93rd St,41.725,-87.644,casual,54
start,Larrabee St & North Ave,41.91,-87.644,casual,1827
start,Union Ave & Root St,41.819,-87.643,casual,96
start,Jefferson St & Monroe St,41.88,-87.643,casual,2088
start,Halsted St & 104th St,41.705,-87.642,casual,53
start,Larrabee St & Oak St,41.9,-87.642,casual,891
start,Clinton St & Lake St,41.886,-87.642,casual,4114
start,Halsted St & 119th St,41.678,-87.642,casual,48
start,Clark St & Arlington Pl,41.927,-87.642,casual,56
start,Halsted St & 123rd St,41.671,-87.642,casual,25
start,Clinton St & Jackson Blvd,41.878,-87.641,casual,5050
start,Clinton St & Polk St,41.871,-87.641,casual,535
start,Clybourn Ave & Division St,41.905,-87.64,casual,4
start,Parnell Ave & 31st St,41.838,-87.64,casual,259
start,Canal St & Lake St,41.886,-87.64,casual,574
start,Canal St & Monroe St,41.883,-87.64,casual,2162
start,DuSable Lake Shore Dr & Belmont Ave,41.941,-87.639,casual,7408
start,Sedgwick St & North Ave,41.911,-87.639,casual,4038
start,Sedgwick St & Chicago Ave,41.897,-87.639,casual,475
start,Kingsbury St & Kinzie St 2,41.889,-87.638,casual,3590
start,Sedgwick St & Schiller St,41.908,-87.638,casual,11
start,Orleans St & Chestnut St (NEXT Apts),41.898,-87.638,casual,2392
start,DuSable Lake Shore Dr & Diversey Pkwy,41.933,-87.636,casual,8058
start,DuSable Lake Shore Dr & Diversey Pkwy,41.932,-87.636,casual,24
start,Franklin St & Lake St,41.886,-87.636,casual,3228
start,Shields Ave & 28th Pl,41.843,-87.635,casual,512
start,Shields Ave & 31st St,41.838,-87.635,casual,798
start,Stewart Ave & 63rd St,41.78,-87.635,casual,30
start,Wells St & Institute Pl,41.898,-87.635,casual,4
start,Cannon Dr & Fullerton Ave,41.927,-87.634,casual,2790
start,Parnell Ave & 127th St,41.663,-87.634,casual,32
start,Dearborn St & Erie St,41.893,-87.634,casual,700
start,Princeton Ave & 47th St,41.809,-87.633,casual,215
start,Public Rack - Clark St & Oak St,41.901,-87.631,casual,6
start,Clark St & Lake St,41.886,-87.631,casual,5581
start,Clark St & Washington St,41.883,-87.631,casual,397
start,Clark St & Chicago Ave,41.897,-87.631,casual,3689
start,Archer Ave & Wentworth Ave,41.855,-87.631,casual,1141
start,Princeton Ave & 95th St,41.722,-87.631,casual,45
start,Dearborn Pkwy & Delaware Pl,41.899,-87.63,casual,6731
start,Public Rack - Dearborn St & Kinzie St 1,41.889,-87.629,casual,90
start,Dearborn St & Erie St,41.894,-87.629,casual,6462
start,Dearborn St & Washington St,41.883,-87.629,casual,398
start,Wentworth Ave & 92nd St,41.727,-87.629,casual,35
start,State St & Chicago Ave,41.897,-87.629,casual,9613
start,State St & Randolph St,41.885,-87.629,casual,13
start,Wentworth Ave & 111th St,41.693,-87.628,casual,20
start,State St & Kinzie St,41.889,-87.627,casual,4725
start,Wabash Ave & Grand Ave,41.892,-87.627,casual,55
start,Rush St & Superior St,41.896,-87.627,casual,2
start,Public Rack - Wabash Ave & Balbo Dr,41.873,-87.626,casual,25
start,Wabash Ave & Roosevelt Rd,41.867,-87.626,casual,5898
start,Wabash Ave & Adams St,41.879,-87.626,casual,3241
start,Wabash Ave & 16th St,41.86,-87.626,casual,2433
start,State St & 33rd St,41.835,-87.626,casual,1004
start,Public Rack - Rush St & Ontario St,41.893,-87.625,casual,28
start,Michigan Ave & Lake St,41.886,-87.624,casual,8542
start,Michigan Ave & Lake St,41.887,-87.624,casual,2
start,Public Rack - Michigan Ave & Delaware Pl,41.899,-87.624,casual,86
start,Public Rack - St Clair St & Superior St,41.896,-87.623,casual,42
start,Indiana Ave & Roosevelt Rd,41.868,-87.623,casual,9044
start,State St & 111th St,41.693,-87.623,casual,22
start,State St & 95th St,41.722,-87.623,casual,318
start,State St & 123rd St,41.671,-87.623,casual,25
start,Indiana Ave & 26th St,41.846,-87.623,casual,13
start,Michigan Ave & 71st St,41.765,-87.622,casual,20
start,S Michigan Ave & E 118th St,41.68,-87.621,casual,27
start,Fairbanks Ct & Grand Ave,41.892,-87.621,casual,6038
start,Fairbanks St & Superior St,41.896,-87.62,casual,1841
start,Fairbanks Ct & Grand Ave,41.892,-87.62,casual,31
start,Prairie Ave & 43rd St,41.817,-87.619,casual,367
start,McClurg Ct & Erie St,41.895,-87.618,casual,4172
start,Field Blvd & South Water St,41.886,-87.617,casual,66
start,McClurg Ct & Ohio St,41.893,-87.617,casual,7752
start,McClurg Ct & Ohio St,41.892,-87.617,casual,75
start,DuSable Lake Shore Dr & Monroe St,41.881,-87.617,casual,32163
start,MLK Jr Dr & 56th St,41.793,-87.616,casual,133
start,Public Rack - DuSable Lake Shore Dr & Ontario St,41.894,-87.616,casual,16
start,Shedd Aquarium,41.867,-87.615,casual,16428
start,Vernon Ave & 79th St,41.751,-87.614,casual,23
start,Public Rack - King Dr & 115th St,41.685,-87.613,casual,6
start,Public Rack - Eberhart Ave & 61st St,41.784,-87.613,casual,19
start,Vernon Ave & 107th St,41.7,-87.612,casual,37
start,Fort Dearborn Dr & 31st St*,41.838,-87.608,casual,28
start,Adler Planetarium,41.866,-87.607,casual,10255
start,Cottage Grove Ave & 51st St,41.803,-87.607,casual,324
start,Cottage Grove Ave & 71st St,41.766,-87.605,casual,47
start,Ellis Ave & 55th St,41.794,-87.601,casual,4105
start,Ellis Ave & 58th St,41.789,-87.601,casual,1412
start,Public Rack - Greenwood Ave & Lake Park Ave,41.817,-87.6,casual,12
start,Greenwood Ave & 47th St,41.81,-87.599,casual,395
start,Doty Ave & 111th St,41.695,-87.599,casual,47
start,Greenwood Ave & 79th St,41.751,-87.598,casual,40
start,Woodlawn Ave & 55th St,41.795,-87.597,casual,13
start,Woodlawn Ave & 58th St,41.789,-87.596,casual,2224
start,Kimbark Ave & 53rd St,41.799,-87.595,casual,3394
start,Woodlawn & 103rd,41.707,-87.594,casual,35
start,Dorchester Ave & 53rd St,41.8,-87.592,casual,2
start,Blackstone Ave & 59th St,41.788,-87.59,casual,2268
start,Blackstone Ave & Hyde Park Blvd,41.803,-87.59,casual,1353
start,Blackstone Ave & 53rd St,41.8,-87.59,casual,2272
start,Lake Park Ave & 56th St,41.792,-87.587,casual,1801
start,Stony Island Ave & 64th St,41.779,-87.587,casual,144
start,Lake Park Ave & 53rd St,41.799,-87.586,casual,1892
start,Stony Island Ave & 67th St,41.773,-87.585,casual,177
start,Public Rack - Hyde Park Blvd & 53rd St,41.799,-87.584,casual,67
start,Griffin Museum of Science and Industry,41.792,-87.584,casual,3215
start,Shore Dr & 53rd St,41.799,-87.582,casual,245
start,Public Rack - Jeffery Blvd & 67th St,41.773,-87.577,casual,16
start,Jeffery Blvd & 71st St,41.767,-87.576,casual,129
start,Clyde Ave & 87th St,41.737,-87.573,casual,55
start,Phillips Ave & 79th St,41.752,-87.565,casual,57
start,Phillips Ave & 83rd St,41.745,-87.565,casual,43
start,Marquette Ave & 89th St,41.734,-87.559,casual,1
start,Torrence Ave & 126th Pl,41.666,-87.557,casual,46
start,Exchange Ave & 79th St,41.752,-87.552,casual,89
start,Public Rack - Houston Ave & 131st St,41.657,-87.549,casual,3
start,Public Rack - Ewing Ave & Indianapolis Ave,41.712,-87.535,casual,8
start,Burnham Greenway & 112th St,41.692,-87.53,casual,120
start,Public Rack - Western Ave & 92nd Pl,41.726,-87.682,casual,11
start,MLK Jr Dr & 83rd St,41.743,-87.615,casual,15
start,Vernon Ave & 75th St,41.758,-87.614,casual,23
start,Stony Island Ave & 71st St,41.767,-87.586,casual,3
start,South Shore Dr & 67th St,41.774,-87.567,casual,9
start,Public Rack - Harper Ave & 63rd St,41.781,-87.588,casual,2
start,Ashland Ave & Pershing Rd,41.824,-87.666,casual,1
start,Fort Dearborn Dr & 31st St,41.838,-87.609,casual,5
start,California Ave & 29th St,41.84,-87.694,casual,16
start,Kildare & Cermak,41.851,-87.732,casual,20
start,Tripp Ave & 15th St,41.861,-87.731,casual,35
start,Public Rack - Kedzie Ave & Arthington St,41.87,-87.706,casual,2
start,Loomis St & Lexington St,41.872,-87.662,casual,3
start,Clinton St & Jackson Blvd,41.879,-87.641,casual,12
start,Public Rack - Ogden Ave & Monroe St,41.88,-87.668,casual,15
start,LaSalle St & Calhoun Pl,41.882,-87.632,casual,7
start,Clinton St & Washington Blvd,41.884,-87.642,casual,12
start,Daley Center Plaza,41.884,-87.629,casual,3
start,State St & Randolph St,41.885,-87.627,casual,3
start,Public Rack - Wells St & Ontario St,41.894,-87.634,casual,1
start,Campbell Ave & Augusta Blvd,41.899,-87.689,casual,11
start,Public Rack - Rockwell & Division,41.903,-87.693,casual,4
start,Public Rack - Karlov Ave & Kamerling Ave,41.906,-87.729,casual,18
start,Public Rack - Central Ave & North Ave,41.909,-87.766,casual,2
start,Parkside Ave & Armitage Ave,41.917,-87.767,casual,22
start,Public Rack - Pulaski Rd & Fullerton Ave,41.925,-87.727,casual,12
start,Public Rack - Lockwood Ave & Diversey Ave,41.932,-87.759,casual,5
start,Public Rack - Milwaukee Ave & School St,41.941,-87.726,casual,19
start,Public Rack - St Louis Ave & Berteau Ave,41.958,-87.716,casual,19
start,Public Rack - Kimball Ave & Lawrence Ave,41.968,-87.713,casual,50
start,Public Rack - Spaulding Ave & Bryn Mawr Ave,41.983,-87.711,casual,7
start,Public Rack - Norwood Park,41.987,-87.794,casual,7
start,Public Rack - Kostner & Peterson,41.99,-87.738,casual,2
start,Public Rack - William J Onahan Public School,41.994,-87.793,casual,4
start,Public Rack - Brooks Park,42.004,-87.807,casual,1
start,Chicago Ave & Sheridan Rd,42.051,-87.678,casual,15
start,Public Rack - Harlem & Palatine,41.996,-87.807,casual,5
start,Public Rack - Sayer & Northwest Hwy,41.994,-87.803,casual,3
start,Public Rack - Nordica & Archer,41.792,-87.798,casual,7
start,Public Rack - Northwest Hwy & Bryn Mawr,41.983,-87.783,casual,3
start,Lavergne Ave & Archer Ave,41.798,-87.748,casual,3
start,Public Rack - Central Park & Bryn Mawr,41.983,-87.72,casual,4
start,Public Rack - Monticello Ave & Belmont Ave,41.939,-87.719,casual,8
start,Public Rack - California Ave & Devon Ave - NW,41.998,-87.7,casual,4
start,N Damen Ave & W Chicago Ave,41.896,-87.678,casual,10
start,Wolcott (Ravenswood) Ave & Montrose Ave,41.962,-87.676,casual,3
start,Wood St & Milwaukee Ave,41.906,-87.671,casual,3
start,Loomis Blvd & 84th St,41.742,-87.658,casual,1
start,Racine Ave & 18th St,41.858,-87.657,casual,17
start,Sheridan Rd & Buena Ave,41.957,-87.655,casual,1
start,Grace/Sheffield Corral,41.951,-87.654,casual,2
start,Public Rack - Webster Ave & Halsted St,41.922,-87.649,casual,1
start,Halsted St & North Branch St,41.899,-87.648,casual,2
start,Wells St & Institute Pl,41.897,-87.635,casual,20
start,LaSalle St & Calhoun Pl,41.882,-87.633,casual,3
start,State St & 19th St,41.857,-87.627,casual,1
start,Wabash Ave & Jackson Blvd,41.878,-87.627,casual,6
start,Public Rack - Jeffrey Blvd & 71st St,41.766,-87.576,casual,9
start,Manistee Ave & 95th St,41.723,-87.557,casual,14
start,Public Rack - Imlay & Milwaukee,41.999,-87.79,casual,4
start,Public Rack - Nagle Ave & Belmont Ave,41.938,-87.787,casual,4
start,Public Rack - Central Ave & George St,41.933,-87.766,casual,1
start,Public Rack - Kostner Ave & North Ave,41.909,-87.736,casual,11
start,Kostner Ave & 63rd St,41.779,-87.733,casual,2
start,Public Rack - Pulaski & Rosemont,41.995,-87.729,casual,4
start,Monticello Ave & Lawrence Ave,41.968,-87.719,casual,2
start,Maplewood Ave & 59th St,41.786,-87.688,casual,1
start,Public Rack - Western Ave & 105th St,41.703,-87.681,casual,5
start,Public Rack - Wolcott Ave & 61st St,41.782,-87.672,casual,2
start,Bosworth Ave & Howard St,42.02,-87.669,casual,3
start,Public Rack - Racine Ave & 74th St,41.759,-87.654,casual,2
start,Orleans St & Merchandise Mart Plaza,41.889,-87.636,casual,1
start,Franklin St & Illinois St,41.892,-87.635,casual,1
start,Public Rack - Lafayette Ave & 87th St - NW,41.736,-87.627,casual,1
start,Museum Campus Metra Station,41.869,-87.623,casual,8
start,Fairbanks St & Superior St,41.896,-87.621,casual,2
start,Public Rack - Harvey Ave & North Ave,41.909,-87.782,casual,1
start,Public Rack - Keystone Ave & North Ave,41.91,-87.728,casual,16
start,Public Rack - Independence Blvd & Roosevelt,41.866,-87.719,casual,1
start,Kedzie Ave & Palmer Ct,41.921,-87.707,casual,5
start,Seeley Ave & Roscoe St,41.944,-87.68,casual,1
start,Noble St & Potomac Ave,41.891,-87.664,casual,2
start,Public Rack - Ashland Ave & 74th St,41.76,-87.664,casual,1
start,Public Rack - Loomis Blvd & 47th St,41.809,-87.66,casual,4
start,Carpenter St & 63rd St,41.78,-87.651,casual,12
start,Halsted St & 18th St,41.857,-87.646,casual,9
start,Desplaines St & Kinzie St,41.889,-87.645,casual,5
start,Wacker Dr & Washington St Corral,41.883,-87.638,casual,3
start,St. Clair St & Erie St,41.894,-87.624,casual,1
start,DuSable Lake Shore Dr & Monroe St,41.872,-87.617,casual,1
start,Narragansett Ave & North Ave,41.91,-87.785,casual,3
start,Public Rack - Hiawatha & Mendota,42.007,-87.778,casual,10
start,Public Rack - McVicker Ave & Grand Ave,41.921,-87.777,casual,1
start,Austin Blvd & Lake St,41.888,-87.775,casual,2
start,Public Rack - Parkside & Elston,41.985,-87.77,casual,1
start,Kildare Ave & 26th St,41.844,-87.732,casual,5
start,Public Rack - Keeler Ave & 26th St,41.844,-87.73,casual,2
start,Albany Ave & Belmont Ave,41.939,-87.705,casual,1
start,Public Rack - Kedzie Ave & 58th St,41.788,-87.704,casual,3
start,Public Rack - Rockwell & 111th St,41.691,-87.686,casual,5
start,Public Rack - Halsted St & 113th St,41.689,-87.643,casual,1
start,Public Rack - Indiana Ave & 111th St,41.693,-87.618,casual,1
start,Stony Island Ave & 63rd St,41.781,-87.586,casual,5
start,Public Rack - Haft Ave & Milwaukee Ave,41.996,-87.786,casual,1
start,Mason Ave & Grand Ave,41.921,-87.774,casual,1
start,Public Rack - Homan Ave & 111th St,41.692,-87.706,casual,1
start,Public Rack - Hale Ave & 111th St,41.692,-87.671,casual,2
start,Southport Ave & Diversey Pkwy,41.933,-87.664,casual,4
start,Clark St & Wellington Ave,41.937,-87.647,casual,3
start,Canal St & Monroe St,41.883,-87.639,casual,3
start,Clinton St & Lake St,41.885,-87.639,casual,1
start,Franklin St & Madison St,41.882,-87.636,casual,1
start,Field Blvd & South Water St,41.887,-87.617,casual,5
start,Major Ave & Bloomingdale Ave,41.912,-87.769,casual,1
start,Public Rack - Milwaukee Ave & Lawrence Ave,41.968,-87.76,casual,1
start,Public Rack - Eli Whitney Public School,41.84,-87.725,casual,2
start,Public Rack - Christiana Ave & Bryn Mawr Ave,41.983,-87.713,casual,1
start,Morgan St & Hubbard St,41.89,-87.652,casual,2
start,Normal Ave & Archer Ave,41.849,-87.641,casual,2
start,Delano Ct & Roosevelt Rd,41.868,-87.632,casual,2
start,Clark St & Lake St,41.886,-87.632,casual,2
start,Public Rack - Harvard Ave & 119th St,41.678,-87.631,casual,1
start,Public Rack - Laramie Ave & Fullerton Ave,41.924,-87.757,casual,5
start,Troy St & Jackson Blvd,41.877,-87.705,casual,1
start,Public Rack - California Ave & Devon Ave - NE,41.998,-87.699,casual,5
start,California Ave & Francis Pl,41.918,-87.698,casual,2
start,Lincoln Ave & Montana St,41.926,-87.651,casual,1
start,Pine Grove Ave & Irving Park Rd,41.955,-87.648,casual,2
start,Public Rack - Wells St & Scott St,41.905,-87.634,casual,3
start,Franklin St & Illinois St,41.891,-87.61,casual,1
start,Public Rack - Ave N & 106th St,41.703,-87.539,casual,1
start,Damen Ave & Melrose Ave,41.94,-87.679,casual,1
start,Public Rack - Emerald Ave & 45th St,41.812,-87.644,casual,1
start,Public Rack - Lowe Ave & 94th St,41.724,-87.639,casual,1
start,Financial Pl & Ida B Wells Dr,41.877,-87.633,casual,1
start,Public Rack - State ST & 42nd St,41.819,-87.627,casual,1
start,Wabash Ave & 9th St,41.872,-87.625,casual,1
start,Public Rack - Austin Ave & Wrightwood Ave,41.928,-87.776,casual,1
start,Public Rack - Avers Ave & Archer Ave,41.804,-87.72,casual,1
start,Public Rack - Spaulding Ave & Foster Ave,41.976,-87.71,casual,1
start,Public Rack - Brighton Park Branch Chicago Library,41.815,-87.703,casual,1
start,Western Ave & Congress Pkwy,41.875,-87.687,casual,1
start,Franklin St & Monroe St,41.88,-87.636,casual,3
start,Public Rack - Orleans St & Grand Ave,41.892,-87.636,casual,1
start,Public Rack - Ewing Ave & 99th St,41.716,-87.535,casual,1
start,Public Rack - Hamlin Ave & Fullerton Ave,41.925,-87.721,casual,1
start,Maplewood Ave & 59th St,41.787,-87.687,casual,1
start,Western Ave & Walton St,41.899,-87.687,casual,1
start,Public Rack - Clark St & Diversey Pkwy (North 2),41.934,-87.645,casual,1
start,Clinton St & Tilden St,41.876,-87.64,casual,1
start,State St & Randolph St,41.884,-87.627,casual,2
start,Public Rack - Lawndale Ave & 23rd St,41.85,-87.717,casual,1
start,Wells St & Madison St,41.882,-87.635,casual,1
start,Public Rack - Torrence Ave & 103rd St,41.708,-87.56,casual,2
start,Public Rack - Avenue M & 132nd St,41.656,-87.538,casual,2
start,Kildare Ave & Chicago Ave,41.895,-87.734,casual,1
start,Public Rack - Karlov Ave & 26th St,41.844,-87.727,casual,1
start,Fairfield Ave & Roosevelt Rd,41.867,-87.694,casual,1
start,Public Rack - Marshfield Ave & 87th St,41.736,-87.664,casual,1
start,Lincoln Ave & Fullerton Ave,41.926,-87.646,casual,1
start,Public Rack - Stony Island & 95th St,41.722,-87.585,casual,1
start,Public Rack - Ewing Ave & 112th St,41.692,-87.535,casual,1
start,Public Rack - Cicero Ave & North Ave,41.91,-87.746,casual,1
start,Public Rack - Mt Greenwood Library N,41.693,-87.701,casual,1
start,Dodge Ave & Church St,42.048,-87.699,casual,1
start,Public Rack - Wood St & 47th St,41.809,-87.67,casual,1
start,Southport Ave & Belmont Ave,41.94,-87.664,casual,1
start,Emerald Ave & 28th St,41.844,-87.646,casual,2
start,Public Rack - Kedzie Ave & 63rd St,41.779,-87.703,casual,1
start,Public Rack - St Louis Ave & Flournoy St,41.873,-87.713,casual,1
start,Public Rack - W. Talcott & N. Oriole,41.991,-87.817,casual,1
start,Public Rack - Midway Orange Line,41.786,-87.738,casual,1
start,Public Rack - Komensky Ave & 26th St,41.844,-87.726,casual,1
start,Public Rack - Christiana Ave & Archer Ave,41.812,-87.708,casual,1
start,Sheridan Rd & Greenleaf Ave,42.011,-87.663,casual,1
start,Wabash Ave & Grand Ave,41.884,-87.636,casual,1
end,Public Rack - Delphina & Foster,41.974,-87.841,casual,8
end,Cumberland Ave & Catherine Ave,41.977,-87.837,casual,142
end,Central & Elston,41.986,-87.768,casual,86
end,Public Rack - Oak Park & Higgins,41.979,-87.796,casual,21
end,Public Rack - Nagel & Higgins,41.976,-87.788,casual,22
end,Public Rack - Northwest Hwy & Neva Ave,41.996,-87.805,casual,6
end,Narragansett Ave & Montrose Ave,41.96,-87.787,casual,64
end,Albany Ave & 16th St,41.859,-87.703,casual,77
end,Public Rack - Natoma Ave & Bryn Mawr Ave,41.983,-87.79,casual,6
end,Public Rack - Nashotah & Northwest Hwy,41.988,-87.791,casual,10
end,North Ave & New England Ave,41.909,-87.797,casual,21
end,Public Rack - Ottowa Ave & Touhy Ave,42.011,-87.818,casual,10
end,Melvina Ave & Giddings Ave,41.966,-87.782,casual,151
end,Public Rack - Irving Park Rd & Austin Ave,41.953,-87.777,casual,4
end,Mason Ave & Montrose Ave,41.961,-87.776,casual,97
end,Milwaukee Ave & Agatite Ave,41.962,-87.755,casual,107
end,Lockwood Ave & Wrightwood Ave,41.928,-87.759,casual,151
end,Lamon Ave & Armitage Ave,41.917,-87.749,casual,60
end,Ashland Ave & Augusta Blvd,41.9,-87.668,casual,1531
end,Public Rack - Menard Ave & Belmont Ave,41.938,-87.771,casual,4
end,Menard Ave & Milwaukee Ave,41.981,-87.773,casual,54
end,Public Rack - Natoma Ave & 61st St,41.781,-87.788,casual,8
end,Laramie Ave & Irving Park Rd,41.953,-87.758,casual,269
end,Public Rack - N Narragansett Ave & Grand Ave,41.923,-87.785,casual,7
end,Long Ave & Belmont Ave,41.938,-87.762,casual,172
end,Laramie Ave & Addison St,41.946,-87.757,casual,205
end,Public Rack - Irving Park Rd & Leclaire Ave,41.953,-87.755,casual,10
end,Public Rack - Laramine Ave & Winnemac Ave,41.972,-87.758,casual,12
end,Public Rack - Kenton & Lawrence,41.968,-87.743,casual,7
end,Public Rack - Linder Ave & Archer Ave,41.796,-87.76,casual,4
end,Public Rack - Hiawatha Ave & Minnehaha Ave,42.0,-87.76,casual,11
end,Leamington Ave & Hirsch St,41.906,-87.755,casual,69
end,Leclaire Ave & Belmont Ave,41.939,-87.754,casual,136
end,Mango Ave & North Ave,41.91,-87.769,casual,77
end,Le Mai Ave & Devon Ave,41.997,-87.757,casual,46
end,California Ave & Division St,41.903,-87.697,casual,1468
end,Avondale Ave & Irving Park Rd,41.953,-87.732,casual,749
end,Kenneth Ave & Lawrence Ave,41.968,-87.74,casual,120
end,Kildare Ave & Chicago Ave,41.895,-87.733,casual,42
end,California Ave & Francis Pl,41.918,-87.697,casual,1478
end,Public Rack - Keystone Ave & Irving Park Rd,41.953,-87.73,casual,60
end,Damen Ave & Chicago Ave,41.896,-87.677,casual,3313
end,Public Rack - Peterson Park,41.979,-87.756,casual,22
end,Cicero Ave & Quincy St,41.878,-87.745,casual,41
end,Avers Ave & Belmont Ave,41.939,-87.724,casual,1057
end,Kilpatrick Ave & Grand Ave,41.913,-87.744,casual,74
end,St. Louis Ave & Balmoral Ave,41.98,-87.716,casual,273
end,Augusta Blvd & Laramie Ave,41.899,-87.755,casual,59
end,Kildare Ave & North Ave,41.91,-87.734,casual,121
end,Meade Ave & Fullerton Ave,41.925,-87.778,casual,100
end,Kenosha Ave & Wellington Ave,41.934,-87.734,casual,118
end,Kilbourn Ave & Milwaukee Ave,41.947,-87.74,casual,70
end,Edgebrook Metra,41.997,-87.765,casual,3
end,Lincoln Ave & Melrose St,41.941,-87.669,casual,2780
end,Washtenaw Ave & Lawrence Ave,41.969,-87.696,casual,659
end,Kildare Ave & Division St,41.902,-87.734,casual,38
end,Pulaski Rd & 51st St,41.8,-87.725,casual,361
end,Richmond St & Diversey Ave,41.932,-87.701,casual,1155
end,Western Ave & Gunnison St,41.97,-87.69,casual,1624
end,Monticello Ave & Irving Park Rd,41.954,-87.719,casual,583
end,Kildare Ave & Montrose Ave,41.961,-87.736,casual,193
end,Pulaski Rd & Lake St,41.885,-87.726,casual,89
end,Kostner Ave & Lake St,41.886,-87.735,casual,33
end,Western Ave & Winnebago Ave,41.916,-87.687,casual,2248
end,Lincoln Ave & Belle Plaine Ave,41.956,-87.68,casual,1530
end,Milwaukee Ave & Wolfram St,41.933,-87.714,casual,114
end,Keystone Ave & Fullerton Ave,41.925,-87.728,casual,447
end,Knox Ave & Marquette Ave,41.771,-87.738,casual,56
end,Avers Ave & 16th St,41.859,-87.721,casual,32
end,Public Rack - Kostner Ave & Armitage Ave,41.917,-87.736,casual,50
end,Milwaukee Ave & Fullerton Ave,41.925,-87.701,casual,1842
end,Public Rack - Sawyer Ave & Bryn Mawr Ave - SE,41.983,-87.71,casual,27
end,Public Rack - Kenton Ave & Palmer St,41.921,-87.742,casual,30
end,Central Park Ave & 66th St,41.773,-87.713,casual,21
end,Kedzie Ave & 21st St,41.854,-87.705,casual,262
end,Sheridan Rd & Buena Ave,41.958,-87.655,casual,2956
end,California Ave & Montrose Ave,41.961,-87.695,casual,1064
end,Spaulding Ave & Armitage Ave,41.917,-87.71,casual,1823
end,Public Rack - Spaulding Ave & North Ave,41.91,-87.71,casual,982
end,Keeler Ave & Carmen Ave,41.974,-87.733,casual,157
end,Central Park Ave & Ardmore Ave,41.987,-87.719,casual,102
end,Sacramento Blvd & Addison St,41.946,-87.703,casual,301
end,Southport Ave & Diversey Pkwy,41.933,-87.663,casual,493
end,Francisco Ave & 47th St,41.808,-87.697,casual,81
end,Kildare Ave & 55th St,41.793,-87.731,casual,45
end,Albany Ave & 26th St,41.845,-87.702,casual,89
end,Damen Ave & Foster Ave,41.976,-87.68,casual,1868
end,Campbell Ave & Augusta Blvd,41.9,-87.69,casual,1768
end,Milwaukee Ave & Rockwell St,41.92,-87.693,casual,1516
end,Broadway & Cornelia Ave,41.946,-87.646,casual,5624
end,Karlov Ave & Armitage Ave,41.917,-87.729,casual,307
end,California Ave & Cortez St,41.9,-87.697,casual,2013
end,Campbell Ave & Fullerton Ave,41.925,-87.689,casual,935
end,Clark St & Drummond Pl,41.931,-87.644,casual,4157
end,Kedzie Ave & 60th St,41.785,-87.703,casual,99
end,Pulaski Rd & 68th St,41.769,-87.723,casual,31
end,Public Rack - 63rd Pl & Narraganssett Ave,41.777,-87.782,casual,8
end,Public Rack - Strohacker Park,41.795,-87.732,casual,5
end,Harding Ave & 31st St,41.837,-87.723,casual,21
end,Western Ave & Roscoe St,41.943,-87.687,casual,873
end,Damen Ave & 81st St,41.747,-87.673,casual,105
end,Western Ave & Walton St,41.898,-87.687,casual,1764
end,Narragansett Ave & School St,41.94,-87.786,casual,32
end,Public Rack - Milwaukee Ave & Addison St,41.947,-87.736,casual,13
end,Scottsdale Park,41.742,-87.736,casual,37
end,Fulton Market,41.887,-87.648,casual,5372
end,Paulina St & Division St,41.904,-87.67,casual,2245
end,Kedzie Ave & 52nd St,41.799,-87.703,casual,73
end,Campbell Ave & 51st St,41.801,-87.687,casual,109
end,Damen Ave & Thomas St (Augusta Blvd),41.901,-87.677,casual,2251
end,Campbell Ave & North Ave,41.91,-87.69,casual,1613
end,Leavitt St & North Ave,41.91,-87.682,casual,1826
end,Public Rack - Clybourn Ave & Webster Ave,41.922,-87.664,casual,107
end,Halsted St & Wrightwood Ave,41.929,-87.649,casual,4473
end,Public Rack - Milwaukee Ave & Haussen Ct,41.938,-87.722,casual,122
end,Elston Ave & Henderson St,41.942,-87.701,casual,63
end,Manor Ave & Leland Ave,41.966,-87.701,casual,442
end,Monticello Ave & Diversey Ave,41.932,-87.718,casual,74
end,Public Rack - Hyde Park Blvd & 55th St,41.795,-87.584,casual,77
end,Prospect Sq & 91st St,41.728,-87.668,casual,105
end,Milwaukee Ave & Grand Ave,41.892,-87.648,casual,3926
end,Kedzie Ave & Chicago Ave,41.895,-87.706,casual,284
end,Southport Ave & Roscoe St,41.944,-87.664,casual,5664
end,Rush St & Hubbard St,41.89,-87.626,casual,3126
end,Clark St & Armitage Ave,41.918,-87.636,casual,9337
end,Campbell Ave & Montrose Ave,41.962,-87.691,casual,876
end,Peterson/Ridge Metra,41.992,-87.675,casual,1116
end,Western Ave & Lunt Ave,42.009,-87.69,casual,273
end,California Ave & Madison St,41.881,-87.696,casual,62
end,Navy Pier,41.892,-87.612,casual,56557
end,Michigan Ave & Oak St,41.901,-87.624,casual,23243
end,Racine Ave & Washington Blvd,41.883,-87.657,casual,1243
end,Rockwell St & Eastwood Ave,41.966,-87.694,casual,772
end,Lawndale Ave & 111th St,41.691,-87.713,casual,78
end,Clark St & Newport St,41.945,-87.655,casual,6919
end,Bissell St & Armitage Ave*,41.918,-87.652,casual,4635
end,St Louis Ave & 51st St,41.801,-87.711,casual,31
end,Kedzie Ave & 48th Pl,41.805,-87.704,casual,482
end,Broadway & Granville Ave,41.995,-87.66,casual,2334
end,Lincoln Ave & Addison St,41.946,-87.673,casual,1179
end,Rockwell Ave & Logan Blvd,41.928,-87.693,casual,351
end,Sacramento Blvd & Polk St,41.871,-87.7,casual,10
end,LaSalle St & Illinois St,41.891,-87.632,casual,7753
end,Ashland Ave & Division St,41.903,-87.669,casual,1858
end,W Armitage Ave & N Sheffield Ave,41.918,-87.653,casual,1319
end,Halsted St & Belden St,41.924,-87.649,casual,1367
end,Public Rack - Kedzie Ave & 64th St - SW,41.777,-87.703,casual,34
end,Dorchester Ave & 63rd St,41.78,-87.591,casual,371
end,Aberdeen St & Carroll Ave,41.888,-87.655,casual,2188
end,Desplaines St & Kinzie St,41.889,-87.644,casual,5303
end,Clark St & Wellington Ave,41.936,-87.648,casual,3803
end,Public Rack - Monticello Ave & Belmont Ave,41.939,-87.718,casual,122
end,Elston Ave & Henderson St,41.941,-87.701,casual,327
end,Paulina St & Howard St,42.019,-87.674,casual,859
end,Leavitt St & Augusta Blvd,41.9,-87.682,casual,571
end,Rockwell St & Division St,41.903,-87.692,casual,384
end,State St & Van Buren St,41.877,-87.628,casual,2419
end,Marshfield Ave & Wabansia Ave,41.912,-87.669,casual,264
end,Public Rack - Kedzie Ave & Argyle St,41.972,-87.709,casual,105
end,Warren Park West,42.002,-87.689,casual,308
end,Lincoln Ave & Byron St,41.952,-87.677,casual,1462
end,Canal St & Adams St,41.88,-87.64,casual,8636
end,Greenview Ave & Fullerton Ave,41.925,-87.666,casual,2581
end,Stockton Dr & Wrightwood Ave,41.931,-87.639,casual,4289
end,Wood St & Chicago Ave,41.896,-87.672,casual,1787
end,Lincoln Park Conservatory,41.924,-87.636,casual,7264
end,Ashland Ave & 74th St,41.759,-87.663,casual,30
end,Wells St & Huron St,41.895,-87.634,casual,6576
end,Waveland/Racine Corral,41.949,-87.659,casual,850
end,Elston Ave & Cortland St,41.916,-87.667,casual,3270
end,May St & Taylor St,41.87,-87.654,casual,97
end,Aberdeen St & Jackson Blvd,41.878,-87.655,casual,3557
end,Kedzie Ave & 38th Pl,41.824,-87.704,casual,59
end,Marshfield Ave & 44th St,41.814,-87.666,casual,97
end,Clinton St & Tilden St,41.876,-87.641,casual,1422
end,Wabash Ave & Washington St,41.883,-87.627,casual,2518
end,Clark St & Schiller St,41.908,-87.632,casual,4812
end,Ashland Ave & Wrightwood Ave,41.929,-87.669,casual,1597
end,Kenmore Ave & School St,41.942,-87.656,casual,59
end,Public Rack - Richard Daley College,41.755,-87.724,casual,24
end,Cityfront Plaza Dr & Pioneer Ct,41.891,-87.622,casual,4549
end,Leavitt St & Hirsch St,41.907,-87.682,casual,490
end,Clark St & North Ave,41.912,-87.632,casual,4807
end,Elston Ave & Wabansia Ave,41.913,-87.664,casual,908
end,Sheffield/Newport Corral,41.945,-87.654,casual,1367
end,Winchester Ave & Elston Ave,41.924,-87.676,casual,862
end,Clark St & Fletcher St,41.939,-87.65,casual,486
end,Public Rack - Whipple St & 63rd St,41.779,-87.7,casual,5
end,LaSalle St & Calhoun Pl,41.883,-87.633,casual,1564
end,Clinton St & Washington Blvd,41.883,-87.641,casual,10732
end,Halsted St & Clybourn Ave,41.91,-87.648,casual,5005
end,Public Rack - Milwaukee Ave & Diversey Ave,41.931,-87.712,casual,51
end,Public Rack - Rockwell Ave & Touhy Ave,42.012,-87.695,casual,24
end,Valli Produce - Evanston Plaza,42.04,-87.699,casual,373
end,Clark St & Elmdale Ave,41.991,-87.67,casual,899
end,Clybourn Ave & Division St,41.905,-87.641,casual,1180
end,Green St & Washington Blvd,41.883,-87.649,casual,2483
end,Halsted St & Lake St,41.886,-87.647,casual,898
end,Sacramento Blvd & Fulton Ave,41.887,-87.702,casual,84
end,California Ave & 41st St,41.819,-87.694,casual,232
end,Wolcott Ave & Polk St,41.871,-87.674,casual,1073
end,Kostner Ave & Adams St,41.878,-87.736,casual,14
end,Wood St & Taylor St (Temp),41.869,-87.674,casual,710
end,Oakley Ave & Touhy Ave,42.012,-87.688,casual,250
end,Rockwell St & Archer Ave,41.823,-87.69,casual,262
end,Southport Ave & Wrightwood Ave,41.929,-87.664,casual,2906
end,Sheridan Rd & Loyola Ave,42.001,-87.661,casual,1426
end,Damen Ave & Pershing Rd,41.823,-87.677,casual,153
end,Wacker Dr & Randolph St,41.885,-87.637,casual,825
end,Halsted St & Armitage Ave,41.918,-87.649,casual,1765
end,Wentworth Ave & Cermak Rd*,41.853,-87.632,casual,3763
end,Franklin St & Jackson Blvd,41.878,-87.635,casual,4389
end,Halsted St & Archer Ave,41.847,-87.647,casual,998
end,Western Ave & Fillmore St,41.869,-87.686,casual,427
end,Canal St & Harrison St,41.874,-87.64,casual,786
end,Indiana Ave & 26th St,41.846,-87.622,casual,935
end,Public Rack - Independence Blvd & Roosevelt,41.866,-87.718,casual,26
end,Damen Ave & 51st St,41.801,-87.675,casual,57
end,Ashland Ave & 50th St,41.803,-87.665,casual,123
end,Public Rack - Racine Ave & Nelson St,41.937,-87.659,casual,149
end,Larrabee St & Oak St,41.9,-87.643,casual,823
end,Burling St & Armitage Ave,41.918,-87.647,casual,381
end,May St & Taylor St,41.869,-87.655,casual,1419
end,Wabash Ave & 9th St,41.871,-87.626,casual,4478
end,Wacker Dr & Washington St,41.883,-87.637,casual,2179
end,State St & Randolph St,41.885,-87.628,casual,5176
end,Dan Ryan Woods & 83rd St,41.743,-87.68,casual,187
end,Public Rack - Western Ave & 100th St,41.712,-87.682,casual,12
end,Hoyne Ave & 34th St,41.832,-87.678,casual,91
end,Morgan St & 31st St,41.838,-87.651,casual,1092
end,Ashland Ave & 13th St,41.865,-87.667,casual,735
end,Wells St & Washington St,41.883,-87.634,casual,963
end,Public Rack - Kingsbury Ave & Blackhawk St,41.908,-87.652,casual,58
end,Winthrop Ave & Bryn Mawr Ave,41.984,-87.658,casual,66
end,State St & 19th St,41.857,-87.628,casual,1049
end,Clinton St & 18th St,41.858,-87.641,casual,993
end,Franklin St & Chicago Ave,41.897,-87.636,casual,3061
end,Fort Dearborn Dr & 31st St,41.839,-87.608,casual,887
end,Wells St & Walton St,41.9,-87.634,casual,3529
end,California Ave & 71st St,41.765,-87.693,casual,51
end,Wells St & 19th St,41.857,-87.634,casual,990
end,Franklin St & Adams St,41.879,-87.636,casual,3448
end,Elizabeth St & 47th St,41.808,-87.657,casual,49
end,Ashland Ave & Belle Plaine Ave,41.955,-87.671,casual,161
end,Damen Ave & 59th St,41.786,-87.674,casual,49
end,900 W Harrison St,41.875,-87.65,casual,2248
end,Halsted St & 73rd St,41.762,-87.644,casual,47
end,Eberhart Ave & 61st St,41.784,-87.614,casual,221
end,Clark St & Ida B Wells Dr,41.876,-87.631,casual,1980
end,Ashland Ave & Archer Ave,41.839,-87.666,casual,323
end,Drexel Ave & 60th St,41.786,-87.605,casual,1141
end,Marshfield Ave & Diversey Pkwy,41.932,-87.67,casual,225
end,Delano Ct & Roosevelt Rd,41.867,-87.632,casual,2089
end,Halsted St & Fulton St,41.887,-87.647,casual,787
end,Green St & Chicago Ave,41.896,-87.649,casual,233
end,Wood St & 84th St,41.741,-87.668,casual,21
end,Racine Ave & 13th St,41.865,-87.657,casual,289
end,Inner Lake Shore Dr & Aldine Ave,41.942,-87.64,casual,473
end,Fort Dearborn Dr & 31st St*,41.839,-87.609,casual,2691
end,Calumet Ave & 51st St,41.802,-87.618,casual,272
end,Public Rack - Morgan St & Madison St,41.882,-87.652,casual,12
end,Ping Tom Park (East),41.858,-87.632,casual,197
end,Public Rack - Sacramento Ave & Devon Ave,41.998,-87.705,casual,14
end,Museum Campus Metra Station,41.869,-87.622,casual,452
end,Throop St & 99th St,41.714,-87.655,casual,27
end,Houston Ave & 92nd St,41.728,-87.55,casual,65
end,Halsted St & 111th St,41.692,-87.643,casual,28
end,Stony Island Ave & 75th St,41.759,-87.587,casual,81
end,Larrabee St & Clybourn Ave,41.907,-87.643,casual,598
end,Public Rack - Dearborn St & Superior St,41.896,-87.63,casual,35
end,Public Rack - Sangamon St & Fulton St,41.887,-87.651,casual,27
end,Aberdeen St & 103rd St,41.707,-87.65,casual,46
end,Elizabeth St & 92nd St,41.727,-87.654,casual,21
end,Franklin St & Randolph St,41.884,-87.635,casual,37
end,Public Rack - Wells St & North Ave,41.911,-87.635,casual,64
end,Morgan St & Pershing Rd,41.824,-87.651,casual,103
end,Laflin St & 115th St,41.685,-87.66,casual,33
end,Whipple St & Roosevelt Rd,41.867,-87.701,casual,15
end,Halsted St & 78th St,41.752,-87.644,casual,51
end,Public Rack - Clifton Ave & Webster Ave,41.922,-87.657,casual,13
end,Dauphin Ave & 103rd St,41.707,-87.608,casual,50
end,Stewart Ave & 123rd St,41.671,-87.632,casual,110
end,Public Rack - Halsted St & 95th St - SE,41.721,-87.643,casual,8
end,South Shore Dr & 74th St,41.762,-87.559,casual,232
end,Kilpatrick Ave & Parker Ave,41.931,-87.744,casual,71
end,Public Rack - Orleans St & Grand Ave,41.892,-87.637,casual,15
end,Stony Island Ave & 63rd St,41.781,-87.587,casual,371
end,Public Rack - Princeton Ave & 43rd St,41.816,-87.634,casual,6
end,Shields Ave & 43rd St,41.816,-87.635,casual,86
end,Wabash Ave & 59th St,41.787,-87.624,casual,67
end,Cottage Grove Ave & 43rd St,41.816,-87.607,casual,243
end,Public Rack - Justine St & 87th St,41.736,-87.662,casual,5
end,Wallace St & Pershing Rd,41.823,-87.641,casual,53
end,Wabash Ave & 59th St,41.785,-87.624,casual,24
end,Bennett Ave & 79th St,41.752,-87.578,casual,24
end,Public Rack - Michigan Ave & Wacker Dr (North),41.889,-87.624,casual,95
end,Princeton Ave & Garfield Blvd,41.795,-87.633,casual,146
end,Public Rack - Wabash Ave & Chicago Ave,41.897,-87.626,casual,19
end,Dauphin Ave & 87th St,41.736,-87.601,casual,32
end,Monitor Ave & Division St,41.902,-87.772,casual,53
end,Public Rack - Lake Shore Dr & Hayes Dr,41.781,-87.575,casual,29
end,Public Rack - Harold Washington Park,41.801,-87.585,casual,50
end,Kenwood Ave & 57th St,41.792,-87.593,casual,418
end,Martin Luther King Dr & 111th St,41.693,-87.614,casual,14
end,Front Ave & 115th St,41.686,-87.612,casual,12
end,Yates Blvd & 75th St,41.759,-87.566,casual,44
end,Ellis Ave & 83rd St,41.744,-87.599,casual,65
end,East End Ave & 87th St,41.737,-87.583,casual,37
end,Marquette Ave & 89th St,41.734,-87.558,casual,17
end,University Ave & 65th St,41.777,-87.598,casual,271
end,Rainbow Beach,41.758,-87.549,casual,90
end,Constance Ave & 95th St,41.722,-87.579,casual,18
end,Public Rack - Pullman Community Center,41.704,-87.593,casual,4
end,Loomis St & 95th St,41.721,-87.658,casual,20
end,Commercial Ave & 83rd St,41.745,-87.551,casual,48
end,Yates Blvd & 93rd St,41.726,-87.566,casual,31
end,Burley Ave & 85th St,41.741,-87.545,casual,41
end,Public Rack - Rhodes Ave & 79th St,41.751,-87.611,casual,3
end,Michigan Ave & 105th St,41.703,-87.62,casual,46
end,Commercial Ave & 90th St,41.732,-87.551,casual,5
end,Hegewisch Metra Station,41.649,-87.546,casual,34
end,Avenue O & 134th St,41.652,-87.54,casual,34
end,Baltimore Ave & 133rd St,41.653,-87.547,casual,56
end,Ave L & 114th,41.688,-87.536,casual,90
end,Public Rack - Mackinaw Ave & 108th St,41.699,-87.543,casual,5
end,Public Rack - Lafayette Ave & 119th St,41.678,-87.623,casual,1
end,Public Rack - Langley Ave & 105th Pl,41.702,-87.606,casual,6
end,Public Rack - Halsted St & 109th St,41.696,-87.643,casual,2
end,Avenue O & 118th St,41.681,-87.538,casual,26
end,Stony Island Ave & 90th St,41.731,-87.586,casual,35
end,South Chicago Ave & Elliot Ave,41.747,-87.58,casual,6
end,Western Ave & 81st St,41.746,-87.683,casual,8
end,Public Rack - King Dr & 71st St,41.766,-87.615,casual,2
end,Public Rack - S. Kilpatrick and W. 79th,41.749,-87.74,casual,9
end,Pulaski Rd & 84th St,41.74,-87.722,casual,23
end,Ashland Ave & Garfield Blvd,41.793,-87.664,casual,42
end,Public Rack - Pulaski Rd & 44th St,41.813,-87.722,casual,10
end,Ashland Ave & 63rd St,41.779,-87.665,casual,32
end,Public Rack - Kildare Ave & 63rd St,41.778,-87.73,casual,2
end,Public Rack - 61st St & Melvina Ave,41.781,-87.777,casual,2
end,Public Rack - Talman Ave & 51st St,41.801,-87.691,casual,8
end,Komensky Ave & 55th St,41.793,-87.724,casual,12
end,Kildare Ave & 26th St,41.845,-87.733,casual,6
end,Tripp Ave & 31st St,41.837,-87.731,casual,34
end,Public Rack - 4810 Keeler Ave,41.969,-87.733,casual,6
end,Homan Ave & Fillmore St,41.868,-87.711,casual,11
end,Public Rack - Pulaski Rd & 15th St,41.86,-87.725,casual,2
end,Public Rack - Penn Elementary School / KIPP Ascend Middle School,41.859,-87.722,casual,9
end,Public Rack - Wacker Dr & Madison St (East),41.882,-87.637,casual,15
end,Latrobe Ave & Chicago Ave,41.895,-87.757,casual,21
end,Public Rack - Maplewood Ave & Chicago Ave,41.892,-87.692,casual,6
end,Central Ave & Parker Ave,41.93,-87.766,casual,33
end,Franklin St & Illinois St,41.891,-87.636,casual,1
end,Mango Ave & Diversey Ave,41.931,-87.77,casual,39
end,Public Rack - Nordica Ave & Higgins Ave,41.98,-87.802,casual,2
end,Public Rack - Milwaukee Ave & Kennedy Expy,41.971,-87.764,casual,6
end,Public Rack - Central Park & Peterson,41.99,-87.719,casual,9
end,Public Rack - Oketo & Talcott,41.989,-87.813,casual,9
end,Public Rack - Kenneth & Carmen,41.973,-87.739,casual,8
end,Public Rack - Overhill Ave & Touhy Ave,42.011,-87.819,casual,7
end,Public Rack - Melvina & Foster,41.976,-87.783,casual,7
end,Public Rack - Cicero Ave & Cortland St - midblock,41.916,-87.746,casual,5
end,Public Rack - Mulligan & Northwest Hwy,41.985,-87.787,casual,6
end,Public Rack - Parkside & Archer,41.796,-87.763,casual,3
end,Latrobe Ave & Chicago Ave,41.895,-87.754,casual,4
end,Public Rack - S Menard & W 63rd,41.777,-87.767,casual,1
end,Public Rack - Springfield & 79th,41.75,-87.721,casual,2
end,Springfield Ave & 47th St,41.808,-87.721,casual,10
end,Public Rack - Kedzie Ave & Archer Ave,41.814,-87.705,casual,2
end,Public Rack - Chase Ave & Touhy Ave - NW,42.014,-87.69,casual,5
end,Public Rack - Jensen Park,41.965,-87.721,casual,12
end,Public Rack - Hoyne Ave & Grand Ave,41.891,-87.679,casual,12
end,Public Rack - Orleans St & Ontario St,41.893,-87.639,casual,9
end,Public Rack - Pullman - Ross Dress for Less,41.699,-87.597,casual,2
end,State St & 29th St,41.842,-87.626,casual,6
end,Michigan Ave & 113th St,41.689,-87.621,casual,7
end,Burley Ave & 91st St,41.731,-87.546,casual,13
end,Oglesby Ave & 100th St,41.713,-87.566,casual,51
end,Public Rack - Ewing Ave & 107th St,41.7,-87.535,casual,13
end,Public Rack - Canfield & Victoria,41.985,-87.823,casual,4
end,Public Rack - Pulaski Rd & 85th St,41.738,-87.722,casual,1
end,Public Rack - Trumbull Ave & 111th St,41.692,-87.707,casual,13
end,Public Rack - Hamilton Ave & 95th St,41.721,-87.676,casual,1
end,Public Rack - Kedvale Ave & Avondale Ave,41.953,-87.731,casual,2
end,Damen Ave & 33rd St,41.834,-87.676,casual,9
end,Public Rack - Cottage Grove Ave & 92nd St,41.727,-87.605,casual,1
end,Public Rack - Cottage Grove Ave & 87th St,41.736,-87.606,casual,1
end,Public Rack - Parnell Ave & 119th St,41.677,-87.636,casual,2
end,Public Rack - Wells St & Grand Ave,41.891,-87.634,casual,9
end,Public Rack - Ozanam Ave & Devon Ave,41.997,-87.821,casual,4
end,Public Rack - Avers & Granville,41.994,-87.725,casual,5
end,Public Rack - Christiana Ave & Lawrence Ave,41.969,-87.713,casual,4
end,Public Rack - Ashland Ave & 45th St,41.812,-87.665,casual,1
end,Public Rack - Linder Ave & 64th Pl,41.776,-87.758,casual,9
end,Public Rack - Kedzie Ave & Walnut St,41.886,-87.706,casual,2
end,Public Rack - Oakley Blvd & Grand Ave,41.891,-87.684,casual,9
end,Public Rack - May St & 78th St,41.752,-87.653,casual,1
end,Public Rack - Austin Ave & Roscoe St,41.942,-87.776,casual,2
end,Public Rack - Melvina Ave & Belmont Ave,41.938,-87.781,casual,8
end,Public Rack - Cicero & Rosemont,41.996,-87.749,casual,2
end,Public Rack - Western Ave & 106th St - East,41.701,-87.681,casual,1
end,Public Rack - Albany Ave & 63rd St,41.779,-87.701,casual,1
end,Public Rack - Stony Island Ave & 86th St,41.738,-87.586,casual,1
end,Public Rack - Austin Branch Chicago Public Library,41.889,-87.766,casual,1
end,Public Rack - Austin Ave & Archer Ave,41.794,-87.772,casual,5
end,Public Rack - Newcastle Ave & Belmont Ave,41.938,-87.796,casual,2
end,Public Rack - Walden Pkwy & 99th St,41.714,-87.668,casual,1
end,Public Rack - Mackinaw Ave & 106th St,41.703,-87.543,casual,2
end,Public Rack - Marquette Rd & 67th St,41.773,-87.613,casual,3
end,Public Rack - Commercial Ave & 89th St,41.734,-87.551,casual,3
end,Public Rack - Lawndale Ave & 63rd St,41.779,-87.714,casual,4
end,Public Rack - Newcastle Ave & Belden Ave,41.921,-87.797,casual,3
end,Public Rack - Peoria St & 60th St,41.785,-87.647,casual,2
end,Public Rack - Rutherford Ave & Belmont Ave,41.938,-87.794,casual,2
end,Public Rack - Western Blvd & 53rd St,41.797,-87.683,casual,1
end,Public Rack - Western Ave & 106th St - West,41.701,-87.682,casual,2
end,Public Rack - Lemont Ave & Keating Ave,41.991,-87.747,casual,1
end,Public Rack - Emerald Ave & 45th St,41.812,-87.645,casual,4
end,Public Rack - Langley Ave & 79th St,41.751,-87.607,casual,1
end,Public Rack - Spencer Elementary Technology Academy,41.885,-87.75,casual,1
end,Public Rack - Kolin Ave & Archer Ave,41.801,-87.732,casual,2
end,Public Rack - Hoyne Ave & 110th Pl,41.692,-87.674,casual,2
end,Public Rack - Trebes Park,41.922,-87.658,casual,2
end,Public Rack - Oketo Ave & Belmont Ave,41.938,-87.812,casual,2
end,Public Rack - Ashland Ave & 63rd St,41.779,-87.664,casual,1
end,Public Rack - Back of the Yards Park,41.804,-87.658,casual,2
end,Public Rack - Prairie Ave & 78th St,41.752,-87.618,casual,1
end,Public Rack - West Chatham Park,41.746,-87.632,casual,1
end,Public Rack - St Louis & 83rd,41.742,-87.71,casual,1
end,Public Rack - Prairie Ave & 85th St,41.74,-87.618,casual,1
end,Public Rack - Rutherford & 53rd,41.795,-87.791,casual,1
end,Public Rack - Cottage Grove Ave & 111th St,41.693,-87.61,casual,1
end,Public Rack - Buffalo Ave & 89th St,41.733,-87.545,casual,1
end,Public Rack - Baltimore Ave & 132nd St,41.655,-87.547,casual,1
end,Public Rack - Sawyer Ave & Chicago Ave,41.895,-87.708,casual,1
end,Central Ave & Chicago Ave,41.894,-87.767,casual,1
end,Public Rack - Pulaski Rd & 40th St,41.819,-87.724,casual,1
end,Public Rack - 10557 S Western Ave,41.702,-87.681,casual,1
end,Public Rack - Ashland Ave & 83rd St,41.743,-87.664,casual,1
end,Public Rack - Forrestville Ave & 47th St,41.809,-87.613,casual,1
start,Public Rack - Delphina & Foster,41.974,-87.841,casual,12
start,Cumberland Ave & Catherine Ave,41.977,-87.837,casual,140
start,Public Rack - Overhill Ave & Touhy Ave,42.011,-87.819,casual,13
start,Public Rack - Oketo & Talcott,41.989,-87.813,casual,7
start,Public Rack - Northwest Hwy & Neva Ave,41.996,-87.805,casual,8
start,North Ave & New England Ave,41.909,-87.797,casual,36
start,Public Rack - Oak Park & Higgins,41.979,-87.796,casual,14
start,Public Rack - Nashotah & Northwest Hwy,41.988,-87.791,casual,48
start,Public Rack - Nagel & Higgins,41.976,-87.788,casual,24
start,Narragansett Ave & Montrose Ave,41.96,-87.787,casual,97
start,Narragansett Ave & School St,41.94,-87.786,casual,30
start,Public Rack - 63rd Pl & Narraganssett Ave,41.777,-87.782,casual,5
start,Melvina Ave & Giddings Ave,41.966,-87.782,casual,149
start,Public Rack - Melvina Ave & Belmont Ave,41.938,-87.781,casual,8
start,Meade Ave & Fullerton Ave,41.925,-87.778,casual,88
start,Public Rack - Irving Park Rd & Austin Ave,41.953,-87.777,casual,4
start,Mason Ave & Montrose Ave,41.961,-87.776,casual,89
start,Menard Ave & Milwaukee Ave,41.981,-87.773,casual,63
start,Monitor Ave & Division St,41.902,-87.772,casual,38
start,Mango Ave & Diversey Ave,41.931,-87.77,casual,40
start,Mango Ave & North Ave,41.91,-87.769,casual,73
start,Central & Elston,41.986,-87.768,casual,104
start,Central Ave & Parker Ave,41.93,-87.766,casual,65
start,Public Rack - Milwaukee Ave & Kennedy Expy,41.971,-87.764,casual,18
start,Long Ave & Belmont Ave,41.938,-87.762,casual,174
start,Lockwood Ave & Wrightwood Ave,41.928,-87.759,casual,135
start,Laramie Ave & Irving Park Rd,41.953,-87.758,casual,240
start,Public Rack - Laramine Ave & Winnemac Ave,41.972,-87.758,casual,7
start,Laramie Ave & Addison St,41.946,-87.757,casual,211
start,Latrobe Ave & Chicago Ave,41.895,-87.757,casual,15
start,Le Mai Ave & Devon Ave,41.997,-87.757,casual,43
start,Public Rack - Peterson Park,41.979,-87.756,casual,38
start,Augusta Blvd & Laramie Ave,41.899,-87.755,casual,76
start,Milwaukee Ave & Agatite Ave,41.962,-87.755,casual,150
start,Leamington Ave & Hirsch St,41.906,-87.755,casual,67
start,Public Rack - Irving Park Rd & Leclaire Ave,41.953,-87.755,casual,29
start,Leclaire Ave & Belmont Ave,41.939,-87.754,casual,95
start,Milwaukee Ave & Cuyler Ave,41.955,-87.75,casual,1
start,Lamon Ave & Armitage Ave,41.917,-87.749,casual,69
start,Cicero Ave & Quincy St,41.878,-87.745,casual,44
start,Kilpatrick Ave & Parker Ave,41.931,-87.744,casual,73
start,Kilpatrick Ave & Grand Ave,41.913,-87.744,casual,62
start,Public Rack - Kenton Ave & Palmer St,41.921,-87.742,casual,19
start,Kilbourn Ave & Milwaukee Ave,41.947,-87.74,casual,111
start,Kenneth Ave & Lawrence Ave,41.968,-87.74,casual,117
start,Public Rack - S. Kilpatrick and W. 79th,41.749,-87.74,casual,10
start,Public Rack - Kenneth & Carmen,41.973,-87.739,casual,14
start,Knox Ave & Marquette Ave,41.771,-87.738,casual,40
start,Public Rack - Kostner Ave & Armitage Ave,41.917,-87.736,casual,30
start,Kildare Ave & Montrose Ave,41.961,-87.736,casual,261
start,Kildare Ave & North Ave,41.91,-87.734,casual,123
start,Kenosha Ave & Wellington Ave,41.934,-87.734,casual,110
start,Kildare Ave & Chicago Ave,41.895,-87.733,casual,46
start,Keeler Ave & Carmen Ave,41.974,-87.733,casual,158
start,Avondale Ave & Irving Park Rd,41.953,-87.732,casual,819
start,Public Rack - Kedvale Ave & Avondale Ave,41.953,-87.731,casual,3
start,Kildare Ave & 55th St,41.793,-87.731,casual,49
start,Tripp Ave & 31st St,41.837,-87.731,casual,31
start,Public Rack - Keystone Ave & Irving Park Rd,41.953,-87.73,casual,47
start,Karlov Ave & Armitage Ave,41.917,-87.729,casual,217
start,Keystone Ave & Fullerton Ave,41.925,-87.728,casual,390
start,Pulaski Rd & Lake St,41.885,-87.726,casual,68
start,Pulaski Rd & 51st St,41.8,-87.725,casual,424
start,Komensky Ave & 55th St,41.793,-87.724,casual,52
start,Public Rack - Richard Daley College,41.755,-87.724,casual,19
start,Avers Ave & Belmont Ave,41.939,-87.724,casual,1018
start,Pulaski Rd & 68th St,41.769,-87.723,casual,26
start,Public Rack - Pulaski Rd & 44th St,41.813,-87.722,casual,14
start,Pulaski Rd & 84th St,41.74,-87.722,casual,26
start,Public Rack - Pulaski Rd & 85th St,41.738,-87.722,casual,1
start,Public Rack - Milwaukee Ave & Haussen Ct,41.938,-87.722,casual,130
start,Springfield Ave & 47th St,41.808,-87.721,casual,40
start,Public Rack - Springfield & 79th,41.75,-87.721,casual,4
start,Public Rack - Jensen Park,41.965,-87.721,casual,36
start,Monticello Ave & Irving Park Rd,41.954,-87.719,casual,585
start,Central Park Ave & Ardmore Ave,41.987,-87.719,casual,103
start,Public Rack - Central Park & Peterson,41.99,-87.719,casual,10
start,Public Rack - Independence Blvd & Roosevelt,41.866,-87.718,casual,7
start,Monticello Ave & Diversey Ave,41.932,-87.718,casual,67
start,Public Rack - Monticello Ave & Belmont Ave,41.939,-87.718,casual,115
start,St. Louis Ave & Balmoral Ave,41.98,-87.716,casual,174
start,Milwaukee Ave & Wolfram St,41.933,-87.714,casual,133
start,Central Park Ave & 66th St,41.773,-87.713,casual,20
start,Lawndale Ave & 111th St,41.691,-87.713,casual,74
start,Public Rack - Milwaukee Ave & Diversey Ave,41.931,-87.712,casual,79
start,St Louis Ave & 51st St,41.801,-87.711,casual,32
start,Homan Ave & Fillmore St,41.868,-87.711,casual,46
start,Spaulding Ave & Armitage Ave,41.917,-87.71,casual,1775
start,Public Rack - Spaulding Ave & North Ave,41.91,-87.71,casual,780
start,Public Rack - Sawyer Ave & Lawrence Ave,41.968,-87.71,casual,1
start,Public Rack - Sawyer Ave & Bryn Mawr Ave - SE,41.983,-87.71,casual,22
start,Public Rack - Kedzie Ave & Argyle St,41.972,-87.709,casual,86
start,Kedzie Ave & Chicago Ave,41.895,-87.706,casual,232
start,Kedzie Ave & 21st St,41.854,-87.705,casual,231
start,Kedzie Ave & 48th Pl,41.805,-87.704,casual,538
start,Kedzie Ave & 38th Pl,41.824,-87.704,casual,51
start,Kedzie Ave & 52nd St,41.799,-87.703,casual,124
start,Kedzie Ave & 60th St,41.785,-87.703,casual,95
start,Albany Ave & 16th St,41.859,-87.703,casual,84
start,Sacramento Blvd & Addison St,41.946,-87.703,casual,321
start,Public Rack - Kedzie Ave & 64th St - SW,41.777,-87.703,casual,7
start,Sacramento Blvd & Fulton Ave,41.887,-87.702,casual,126
start,Albany Ave & 26th St,41.845,-87.702,casual,71
start,Whipple St & Roosevelt Rd,41.867,-87.701,casual,27
start,Richmond St & Diversey Ave,41.932,-87.701,casual,1116
start,Elston Ave & Henderson St,41.941,-87.701,casual,285
start,Elston Ave & Henderson St,41.942,-87.701,casual,71
start,Manor Ave & Leland Ave,41.966,-87.701,casual,411
start,Milwaukee Ave & Fullerton Ave,41.925,-87.701,casual,1883
start,Sacramento Blvd & Polk St,41.871,-87.7,casual,28
start,Valli Produce - Evanston Plaza,42.04,-87.699,casual,348
start,California Ave & Division St,41.903,-87.697,casual,1323
start,California Ave & Francis Pl,41.918,-87.697,casual,1459
start,California Ave & Cortez St,41.9,-87.697,casual,1891
start,Francisco Ave & 47th St,41.808,-87.697,casual,90
start,Washtenaw Ave & Lawrence Ave,41.969,-87.696,casual,662
start,California Ave & Madison St,41.881,-87.696,casual,125
start,California Ave & Montrose Ave,41.961,-87.695,casual,1009
start,Public Rack - Rockwell Ave & Touhy Ave,42.012,-87.695,casual,19
start,California Ave & 41st St,41.819,-87.694,casual,203
start,Rockwell St & Eastwood Ave,41.966,-87.694,casual,809
start,California Ave & 71st St,41.765,-87.693,casual,48
start,Milwaukee Ave & Rockwell St,41.92,-87.693,casual,1674
start,Rockwell Ave & Logan Blvd,41.928,-87.693,casual,308
start,Rockwell St & Division St,41.903,-87.692,casual,393
start,Campbell Ave & Montrose Ave,41.962,-87.691,casual,843
start,Public Rack - Talman Ave & 51st St,41.801,-87.691,casual,4
start,Western Ave & Lunt Ave,42.009,-87.69,casual,241
start,Public Rack - Chase Ave & Touhy Ave - NW,42.014,-87.69,casual,2
start,Campbell Ave & Augusta Blvd,41.9,-87.69,casual,1591
start,Campbell Ave & North Ave,41.91,-87.69,casual,1321
start,Western Ave & Gunnison St,41.97,-87.69,casual,1426
start,Rockwell St & Archer Ave,41.823,-87.69,casual,264
start,Campbell Ave & Fullerton Ave,41.925,-87.689,casual,933
start,Warren Park West,42.002,-87.689,casual,270
start,Oakley Ave & Touhy Ave,42.012,-87.688,casual,217
start,Western Ave & Roscoe St,41.943,-87.687,casual,912
start,Western Ave & Winnebago Ave,41.916,-87.687,casual,2325
start,Campbell Ave & 51st St,41.801,-87.687,casual,100
start,Western Ave & Walton St,41.898,-87.687,casual,1919
start,Western Ave & Fillmore St,41.869,-87.686,casual,387
start,Ogden Ave & Roosevelt Rd,41.866,-87.684,casual,2
start,Leavitt St & Armitage Ave,41.918,-87.683,casual,32
start,Leavitt St & North Ave,41.91,-87.682,casual,2020
start,Leavitt St & Hirsch St,41.907,-87.682,casual,556
start,Leavitt St & Augusta Blvd,41.9,-87.682,casual,521
start,Lincoln Ave & Belle Plaine Ave,41.956,-87.68,casual,1598
start,Dan Ryan Woods & 83rd St,41.743,-87.68,casual,192
start,Damen Ave & Foster Ave,41.976,-87.68,casual,1888
start,Damen Ave & Foster Ave,41.976,-87.679,casual,25
start,Public Rack - Hoyne Ave & Grand Ave,41.891,-87.679,casual,8
start,Hoyne Ave & 34th St,41.832,-87.678,casual,96
start,Damen Ave & Thomas St (Augusta Blvd),41.901,-87.677,casual,2226
start,Lincoln Ave & Byron St,41.952,-87.677,casual,1525
start,Damen Ave & Chicago Ave,41.896,-87.677,casual,3251
start,Damen Ave & Pershing Rd,41.823,-87.677,casual,125
start,Winchester Ave & Elston Ave,41.924,-87.676,casual,992
start,Peterson/Ridge Metra,41.992,-87.675,casual,1205
start,Damen Ave & 51st St,41.801,-87.675,casual,58
start,Damen Ave & 59th St,41.786,-87.674,casual,51
start,Wood St & Taylor St (Temp),41.869,-87.674,casual,830
start,Wolcott Ave & Polk St,41.871,-87.674,casual,1294
start,Paulina St & Howard St,42.019,-87.674,casual,977
start,Lincoln Ave & Addison St,41.946,-87.673,casual,1164
start,Damen Ave & 81st St,41.747,-87.673,casual,108
start,Wood St & Chicago Ave,41.896,-87.672,casual,1708
start,Ashland Ave & Belle Plaine Ave,41.955,-87.671,casual,165
start,Paulina St & Division St,41.904,-87.67,casual,2379
start,Clark St & Elmdale Ave,41.991,-87.67,casual,924
start,Marshfield Ave & Diversey Pkwy,41.932,-87.67,casual,193
start,Lincoln Ave & Melrose St,41.941,-87.67,casual,32
start,Lincoln Ave & Melrose St,41.941,-87.669,casual,2519
start,Marshfield Ave & Wabansia Ave,41.912,-87.669,casual,266
start,Ashland Ave & Division St,41.903,-87.669,casual,1934
start,Ashland Ave & Augusta Blvd,41.9,-87.669,casual,4
start,Ashland Ave & Wrightwood Ave,41.929,-87.669,casual,1639
start,Ashland Ave & Augusta Blvd,41.9,-87.668,casual,1599
start,Wood St & 84th St,41.741,-87.668,casual,25
start,Walsh Park,41.914,-87.668,casual,10
start,Prospect Sq & 91st St,41.728,-87.668,casual,121
start,Elston Ave & Cortland St,41.916,-87.667,casual,3318
start,Ashland Ave & 13th St,41.865,-87.667,casual,781
start,Marshfield Ave & 44th St,41.814,-87.666,casual,79
start,Greenview Ave & Fullerton Ave,41.925,-87.666,casual,2415
start,Ashland Ave & Archer Ave,41.839,-87.666,casual,350
start,Ashland Ave & 63rd St,41.779,-87.665,casual,41
start,Ashland Ave & 50th St,41.803,-87.665,casual,116
start,Public Rack - Clybourn Ave & Webster Ave,41.922,-87.664,casual,77
start,Elston Ave & Wabansia Ave,41.913,-87.664,casual,974
start,Southport Ave & Roscoe St,41.944,-87.664,casual,5850
start,Southport Ave & Wrightwood Ave,41.929,-87.664,casual,2733
start,Ashland Ave & 74th St,41.759,-87.663,casual,48
start,Southport Ave & Diversey Pkwy,41.933,-87.663,casual,460
start,Public Rack - Justine St & 87th St,41.736,-87.662,casual,13
start,Blue Island Ave & 18th St,41.857,-87.662,casual,30
start,Sheridan Rd & Loyola Ave,42.001,-87.661,casual,1357
start,Broadway & Granville Ave,41.995,-87.66,casual,2319
start,Laflin St & 115th St,41.685,-87.66,casual,27
start,Waveland/Racine Corral,41.949,-87.659,casual,915
start,Public Rack - Racine Ave & Nelson St,41.937,-87.659,casual,161
start,Racine Ave & Fullerton Ave,41.926,-87.659,casual,17
start,Public Rack - Trebes Park,41.922,-87.658,casual,8
start,Winthrop Ave & Bryn Mawr Ave,41.984,-87.658,casual,63
start,Loomis St & 95th St,41.721,-87.658,casual,25
start,Public Rack - Clifton Ave & Webster Ave,41.922,-87.657,casual,11
start,Racine Ave & Washington Blvd,41.883,-87.657,casual,1337
start,Racine Ave & 13th St,41.865,-87.657,casual,347
start,Elizabeth St & 47th St,41.808,-87.657,casual,38
start,Racine Ave & 15th St,41.861,-87.656,casual,19
start,Kenmore Ave & School St,41.942,-87.656,casual,76
start,May St & Taylor St,41.869,-87.655,casual,1547
start,Sheridan Rd & Buena Ave,41.958,-87.655,casual,2871
start,Aberdeen St & Jackson Blvd,41.878,-87.655,casual,3889
start,Throop St & 99th St,41.714,-87.655,casual,34
start,Sheridan Rd & Lawrence Ave,41.969,-87.655,casual,33
start,Clark St & Newport St,41.945,-87.655,casual,6790
start,Aberdeen St & Carroll Ave,41.888,-87.655,casual,2311
start,May St & Taylor St,41.87,-87.654,casual,96
start,Sheridan Rd & Buena Ave,41.958,-87.654,casual,5
start,Sheffield/Newport Corral,41.945,-87.654,casual,1350
start,W Armitage Ave & N Sheffield Ave,41.918,-87.653,casual,1384
start,Bissell St & Armitage Ave*,41.918,-87.652,casual,4117
start,Public Rack - Kingsbury Ave & Blackhawk St,41.908,-87.652,casual,53
start,Morgan St & 31st St,41.838,-87.651,casual,1096
start,Public Rack - Sangamon St & Fulton St,41.887,-87.651,casual,28
start,Morgan St & Pershing Rd,41.824,-87.651,casual,116
start,Clark St & Fletcher St,41.939,-87.65,casual,446
start,Aberdeen St & 103rd St,41.707,-87.65,casual,45
start,900 W Harrison St,41.875,-87.65,casual,2649
start,Halsted St & Wrightwood Ave,41.929,-87.649,casual,4792
start,Halsted St & Belden St,41.924,-87.649,casual,1421
start,Green St & Chicago Ave,41.896,-87.649,casual,282
start,Halsted St & Armitage Ave,41.918,-87.649,casual,1608
start,Green St & Washington Blvd,41.883,-87.649,casual,2300
start,Broadway & Waveland Ave,41.949,-87.648,casual,6
start,Milwaukee Ave & Grand Ave,41.892,-87.648,casual,4569
start,Fulton Market,41.887,-87.648,casual,4748
start,Halsted St & Clybourn Ave,41.91,-87.648,casual,5225
start,Clark St & Wellington Ave,41.936,-87.648,casual,4267
start,Halsted St & Fulton St,41.887,-87.647,casual,809
start,Burling St & Armitage Ave,41.918,-87.647,casual,410
start,Halsted St & Lake St,41.886,-87.647,casual,830
start,Halsted St & Archer Ave,41.847,-87.647,casual,1118
start,Broadway & Cornelia Ave,41.946,-87.647,casual,40
start,Broadway & Cornelia Ave,41.946,-87.646,casual,5954
start,Broadway & Belmont Ave,41.94,-87.646,casual,83
start,Desplaines St & Kinzie St,41.889,-87.644,casual,6155
start,Clark St & Drummond Pl,41.931,-87.644,casual,4081
start,Halsted St & 73rd St,41.762,-87.644,casual,60
start,Halsted St & 78th St,41.752,-87.644,casual,25
start,Larrabee St & North Ave,41.91,-87.643,casual,31
start,Larrabee St & Division St,41.904,-87.643,casual,47
start,Larrabee St & Clybourn Ave,41.907,-87.643,casual,630
start,Larrabee St & Oak St,41.9,-87.643,casual,806
start,Halsted St & 111th St,41.692,-87.643,casual,34
start,Clinton St & Madison St,41.882,-87.642,casual,25
start,Pine Grove Ave & Wellington Ave,41.937,-87.642,casual,19
start,Clinton St & Washington Blvd,41.883,-87.641,casual,10277
start,Wallace St & Pershing Rd,41.823,-87.641,casual,70
start,Clinton St & 18th St,41.858,-87.641,casual,1012
start,Clinton St & Tilden St,41.876,-87.641,casual,1763
start,Clybourn Ave & Division St,41.905,-87.641,casual,1398
start,Canal St & Adams St,41.88,-87.64,casual,8746
start,Inner Lake Shore Dr & Aldine Ave,41.942,-87.64,casual,461
start,Canal St & Harrison St,41.874,-87.64,casual,963
start,Stockton Dr & Wrightwood Ave,41.931,-87.639,casual,4272
start,Wacker Dr & Washington St,41.883,-87.637,casual,2424
start,Wacker Dr & Randolph St,41.885,-87.637,casual,913
start,Public Rack - Wacker Dr & Madison St (East),41.882,-87.637,casual,12
start,DuSable Lake Shore Dr & Diversey Pkwy,41.932,-87.637,casual,4
start,Clark St & Armitage Ave,41.918,-87.636,casual,9548
start,Lincoln Park Conservatory,41.924,-87.636,casual,6872
start,Franklin St & Chicago Ave,41.897,-87.636,casual,3996
start,Franklin St & Illinois St,41.891,-87.636,casual,86
start,Franklin St & Adams St,41.879,-87.636,casual,2767
start,Franklin St & Jackson Blvd,41.878,-87.635,casual,5090
start,Franklin St & Randolph St,41.884,-87.635,casual,48
start,Wells St & Elm St,41.903,-87.635,casual,150
start,Franklin St & Jackson Blvd,41.877,-87.635,casual,4
start,Shields Ave & 43rd St,41.816,-87.635,casual,69
start,Public Rack - Wells St & North Ave,41.911,-87.635,casual,53
start,Wells St & Walton St,41.9,-87.634,casual,4347
start,Wells St & Huron St,41.895,-87.634,casual,7477
start,Wells St & Washington St,41.883,-87.634,casual,1182
start,Wells St & 19th St,41.857,-87.634,casual,1238
start,Princeton Ave & Garfield Blvd,41.795,-87.633,casual,117
start,LaSalle St & Calhoun Pl,41.883,-87.633,casual,1900
start,Stewart Ave & 123rd St,41.671,-87.632,casual,109
start,Delano Ct & Roosevelt Rd,41.867,-87.632,casual,2525
start,LaSalle St & Adams St,41.88,-87.632,casual,30
start,Clark St & North Ave,41.912,-87.632,casual,4245
start,Ping Tom Park (East),41.858,-87.632,casual,226
start,Wentworth Ave & Cermak Rd*,41.853,-87.632,casual,3270
start,LaSalle St & Illinois St,41.891,-87.632,casual,7856
start,Clark St & Schiller St,41.908,-87.632,casual,4834
start,Clark St & Schiller St,41.908,-87.631,casual,33
start,Clark St & Ida B Wells Dr,41.876,-87.631,casual,2784
start,Public Rack - Dearborn St & Superior St,41.896,-87.63,casual,21
start,Dearborn St & Monroe St,41.881,-87.629,casual,10
start,State St & Chicago Ave,41.896,-87.629,casual,23
start,State St & Randolph St,41.885,-87.628,casual,4867
start,State St & Randolph St,41.884,-87.628,casual,14
start,State St & Van Buren St,41.877,-87.628,casual,2909
start,State St & 19th St,41.857,-87.628,casual,1020
start,Wabash Ave & Cermak Rd,41.853,-87.627,casual,36
start,Wabash Ave & Washington St,41.883,-87.627,casual,2241
start,Rush St & Hubbard St,41.89,-87.626,casual,3064
start,Wabash Ave & 9th St,41.871,-87.626,casual,4727
start,Michigan Ave & Lake St,41.886,-87.625,casual,62
start,Michigan Ave & Lake St,41.887,-87.625,casual,1
start,Wabash Ave & 59th St,41.787,-87.624,casual,73
start,Public Rack - Michigan Ave & Wacker Dr (North),41.889,-87.624,casual,78
start,Michigan Ave & Oak St,41.901,-87.624,casual,22814
start,Michigan Ave & Pearson St,41.898,-87.623,casual,48
start,Indiana Ave & 26th St,41.846,-87.622,casual,971
start,Cityfront Plaza Dr & Pioneer Ct,41.89,-87.622,casual,64
start,Cityfront Plaza Dr & Pioneer Ct,41.891,-87.622,casual,5212
start,Museum Campus Metra Station,41.869,-87.622,casual,396
start,Michigan Ave & 105th St,41.703,-87.62,casual,45
start,New St & Illinois St,41.891,-87.618,casual,20
start,McClurg Ct & Erie St,41.894,-87.618,casual,80
start,Calumet Ave & 51st St,41.802,-87.618,casual,271
start,Eberhart Ave & 61st St,41.784,-87.614,casual,158
start,Burnham Harbor,41.858,-87.614,casual,31
start,Martin Luther King Dr & 111th St,41.693,-87.614,casual,46
start,Front Ave & 115th St,41.686,-87.612,casual,8
start,Navy Pier,41.892,-87.612,casual,54775
start,Fort Dearborn Dr & 31st St*,41.839,-87.609,casual,2504
start,Fort Dearborn Dr & 31st St,41.839,-87.608,casual,1096
start,Dauphin Ave & 103rd St,41.707,-87.608,casual,57
start,Cottage Grove Ave & 43rd St,41.816,-87.607,casual,278
start,Public Rack - Langley Ave & 105th Pl,41.702,-87.606,casual,4
start,Drexel Ave & 60th St,41.786,-87.605,casual,1154
start,Dauphin Ave & 87th St,41.736,-87.601,casual,59
start,Ellis Ave & 83rd St,41.744,-87.599,casual,65
start,University Ave & 65th St,41.777,-87.598,casual,265
start,Public Rack - Woodlawn Ave & 63rd St S,41.78,-87.596,casual,6
start,Kenwood Ave & 57th St,41.792,-87.593,casual,532
start,Dorchester Ave & 63rd St,41.78,-87.591,casual,321
start,Blackstone Ave & 59th St,41.788,-87.591,casual,41
start,Stony Island Ave & 75th St,41.759,-87.587,casual,93
start,Stony Island Ave & 63rd St,41.781,-87.587,casual,352
start,Stony Island Ave & 90th St,41.731,-87.586,casual,29
start,Public Rack - Harold Washington Park,41.801,-87.585,casual,72
start,Public Rack - Hyde Park Blvd & 55th St,41.795,-87.584,casual,104
start,Constance Ave & 95th St,41.722,-87.579,casual,20
start,Yates Blvd & 75th St,41.759,-87.566,casual,41
start,Yates Blvd & 93rd St,41.726,-87.566,casual,42
start,Oglesby Ave & 100th St,41.713,-87.566,casual,49
start,South Shore Dr & 74th St,41.762,-87.559,casual,208
start,Marquette Ave & 89th St,41.734,-87.558,casual,13
start,Commercial Ave & 83rd St,41.745,-87.551,casual,37
start,Commercial Ave & 90th St,41.732,-87.551,casual,4
start,Houston Ave & 92nd St,41.728,-87.55,casual,58
start,Rainbow Beach,41.758,-87.549,casual,78
start,Baltimore Ave & 133rd St,41.653,-87.547,casual,53
start,Hegewisch Metra Station,41.649,-87.546,casual,31
start,Burley Ave & 91st St,41.731,-87.546,casual,33
start,Burley Ave & 85th St,41.741,-87.545,casual,33
start,Avenue O & 134th St,41.652,-87.54,casual,33
start,Avenue O & 118th St,41.681,-87.538,casual,28
start,Ave L & 114th,41.688,-87.536,casual,86
start,Michigan Ave & 113th St,41.689,-87.621,casual,12
start,Public Rack - Trumbull Ave & 111th St,41.692,-87.707,casual,12
start,Public Rack - Halsted St & 109th St,41.696,-87.643,casual,2
start,Public Rack - Mackinaw Ave & 108th St,41.699,-87.543,casual,3
start,Michigan Ave & 105th St,41.703,-87.621,casual,1
start,Elizabeth St & 92nd St,41.727,-87.654,casual,21
start,East End Ave & 87th St,41.737,-87.583,casual,45
start,Scottsdale Park,41.742,-87.736,casual,35
start,Public Rack - St Louis & 83rd,41.742,-87.71,casual,2
start,Western Ave & 81st St,41.746,-87.683,casual,13
start,Bennett Ave & 79th St,41.752,-87.578,casual,18
start,Halsted St & 78th St,41.753,-87.644,casual,2
start,Public Rack - Linder Ave & 64th Pl,41.776,-87.758,casual,9
start,Public Rack - S Menard & W 63rd,41.777,-87.767,casual,1
start,Public Rack - Kildare Ave & 63rd St,41.778,-87.73,casual,1
start,Public Rack - Lake Shore Dr & Hayes Dr,41.781,-87.575,casual,24
start,Public Rack - Natoma Ave & 61st St,41.781,-87.788,casual,9
start,Wabash Ave & 59th St,41.785,-87.624,casual,21
start,Ashland Ave & Garfield Blvd,41.793,-87.664,casual,35
start,Public Rack - Parkside & Archer,41.796,-87.763,casual,4
start,Damen Ave & 33rd St,41.834,-87.676,casual,11
start,McCormick Place,41.852,-87.619,casual,44
start,Public Rack - Penn Elementary School / KIPP Ascend Middle School,41.859,-87.722,casual,6
start,Kostner Ave & Adams St,41.878,-87.736,casual,9
start,Public Rack - Morgan St & Madison St,41.882,-87.652,casual,12
start,Green St & Randolph St*,41.884,-87.648,casual,11
start,Wells St & Hubbard St,41.89,-87.635,casual,8
start,Public Rack - Oakley Blvd & Grand Ave,41.891,-87.684,casual,10
start,New St & Illinois St,41.892,-87.619,casual,2
start,Public Rack - Orleans St & Ontario St,41.893,-87.639,casual,6
start,Sedgwick St & Huron St,41.895,-87.639,casual,1
start,Public Rack - Wabash Ave & Chicago Ave,41.897,-87.626,casual,8
start,Kildare Ave & Division St,41.902,-87.734,casual,56
start,Paulina St & Division St,41.904,-87.671,casual,10
start,Drake Ave & Armitage Ave,41.918,-87.715,casual,2
start,Public Rack - Newcastle Ave & Belden Ave,41.921,-87.797,casual,1
start,Southport Ave & Clybourn Ave,41.922,-87.667,casual,1
start,St. Louis Ave & Fullerton Ave,41.925,-87.715,casual,22
start,Public Rack - Jonathan Y Scammon Public School,41.942,-87.733,casual,20
start,Public Rack - Austin Ave & Roscoe St,41.942,-87.776,casual,6
start,Waveland/Racine Corral,41.949,-87.66,casual,2
start,Public Rack - Kenton & Lawrence,41.968,-87.743,casual,3
start,Public Rack - Natoma Ave & Bryn Mawr Ave,41.983,-87.79,casual,7
start,Public Rack - Mulligan & Northwest Hwy,41.985,-87.787,casual,9
start,Glenwood Ave & Morse Ave,42.008,-87.665,casual,42
start,Benson Ave & Church St,42.048,-87.684,casual,14
start,Public Rack - Newcastle Ave & Belmont Ave,41.938,-87.796,casual,4
start,Public Rack - N Narragansett Ave & Grand Ave,41.923,-87.785,casual,6
start,Public Rack - Linder Ave & Archer Ave,41.796,-87.76,casual,6
start,Public Rack - Forest Glen Station,41.979,-87.755,casual,1
start,Public Rack - Spencer Elementary Technology Academy,41.885,-87.75,casual,2
start,Public Rack - Milwaukee Ave & Addison St,41.947,-87.736,casual,13
start,Kostner Ave & Lake St,41.886,-87.735,casual,48
start,Public Rack - Kolin Ave & Archer Ave,41.801,-87.732,casual,4
start,Public Rack - Avers & Granville,41.994,-87.725,casual,5
start,Harding Ave & 31st St,41.837,-87.723,casual,18
start,Avers Ave & 16th St,41.859,-87.721,casual,23
start,Public Rack - Whipple St & 63rd St,41.779,-87.7,casual,8
start,Public Rack - Maplewood Ave & Chicago Ave,41.892,-87.692,casual,8
start,Public Rack - Western Ave & 100th St,41.712,-87.682,casual,11
start,Wood St & Hubbard St,41.889,-87.672,casual,8
start,Hermitage Ave & Polk St,41.871,-87.67,casual,1
start,Elston Ave & Cortland St,41.917,-87.667,casual,2
start,Public Rack - Clybourn Ave & Webster Ave,41.922,-87.665,casual,2
start,Halsted St & Roosevelt Rd,41.868,-87.649,casual,2
start,Public Rack - Emerald Ave & 45th St,41.813,-87.644,casual,1
start,Larrabee St & Kingsbury St 2,41.897,-87.643,casual,10
start,Wacker Dr & Randolph St,41.884,-87.637,casual,4
start,Franklin St & Lake St,41.886,-87.637,casual,1
start,Lincoln Park Conservatory,41.921,-87.636,casual,1
start,Public Rack - Wells St & Grand Ave,41.891,-87.634,casual,13
start,State St & Kinzie St,41.889,-87.628,casual,12
start,State St & 29th St,41.842,-87.626,casual,6
start,Michigan Ave & 11th St,41.869,-87.624,casual,12
start,Cottage Grove Ave & 43rd St,41.817,-87.607,casual,3
start,Public Rack - Cottage Grove Ave & 92nd St,41.727,-87.605,casual,2
start,Lake Park Ave & 53rd St,41.799,-87.587,casual,3
start,South Chicago Ave & Elliot Ave,41.747,-87.58,casual,20
start,Public Rack - Baltimore Ave & 132nd St,41.655,-87.547,casual,1
start,Public Rack - Ewing Ave & 107th St,41.7,-87.535,casual,10
start,Public Rack - Canfield & Victoria,41.985,-87.823,casual,5
start,Public Rack - Ottowa Ave & Touhy Ave,42.011,-87.818,casual,8
start,Public Rack - Melvina & Foster,41.976,-87.783,casual,7
start,Public Rack - Hiawatha Ave & Minnehaha Ave,42.0,-87.76,casual,8
start,Lamon Ave & Chicago Ave,41.895,-87.749,casual,1
start,Public Rack - Christiana Ave & Lawrence Ave,41.969,-87.713,casual,6
start,Public Rack - Sacramento Ave & Devon Ave,41.998,-87.705,casual,13
start,Public Rack - Western Ave & Devon Ave,41.997,-87.69,casual,2
start,Public Rack - Western Ave & 106th St - East,41.701,-87.681,casual,1
start,Public Rack - May St & 78th St,41.752,-87.653,casual,1
start,Clark St & Lincoln Ave,41.916,-87.634,casual,1
start,Public Rack - Princeton Ave & 43rd St,41.816,-87.634,casual,5
start,Michigan Ave & Oak St,41.902,-87.624,casual,2
start,Michigan Ave & Pearson St,41.897,-87.623,casual,8
start,Public Rack - Forrestville Ave & 47th St,41.809,-87.613,casual,2
start,Public Rack - Nordica Ave & Higgins Ave,41.98,-87.802,casual,1
start,Public Rack - Parkside & Elston,41.985,-87.769,casual,1
start,Edgebrook Metra,41.997,-87.765,casual,4
start,Latrobe Ave & Chicago Ave,41.895,-87.754,casual,4
start,Public Rack - Kedzie Ave & Walnut St,41.886,-87.706,casual,2
start,Elston Ave & George St,41.934,-87.69,casual,1
start,Western Ave & Walton St,41.898,-87.686,casual,6
start,Public Rack - Western Ave & 106th St - West,41.701,-87.682,casual,1
start,Damen Ave & Foster Ave,41.975,-87.68,casual,2
start,Public Rack - Hamilton Ave & 95th St,41.721,-87.676,casual,1
start,Public Rack - Halsted St & 95th St - SE,41.721,-87.643,casual,3
start,Public Rack - Orleans St & Grand Ave,41.892,-87.637,casual,10
start,DuSable Lake Shore Dr & Diversey Pkwy,41.933,-87.637,casual,5
start,Dearborn St & Adams St 2,41.879,-87.629,casual,1
start,Indiana Ave & 103rd St,41.707,-87.619,casual,1
start,Public Rack - Langley Ave & 79th St,41.751,-87.607,casual,1
start,Ellis Ave & 55th St,41.794,-87.602,casual,1
start,Public Rack - Rutherford Ave & Belmont Ave,41.938,-87.794,casual,8
start,Public Rack - Cicero Ave & Belle Plaine Ave,41.956,-87.747,casual,1
start,Public Rack - Lemont Ave & Keating Ave,41.991,-87.747,casual,1
start,Public Rack - Cicero Ave & Cortland St - midblock,41.916,-87.746,casual,4
start,Monticello Ave & Lawrence Ave,41.968,-87.718,casual,4
start,Conservatory Dr & Lake St,41.885,-87.717,casual,3
start,Public Rack - Kedzie Ave & Archer Ave,41.814,-87.705,casual,2
start,Public Rack - Albany Ave & 63rd St,41.779,-87.701,casual,1
start,Aberdeen St & Carroll Ave,41.888,-87.654,casual,1
start,Public Rack - Emerald Ave & 45th St,41.812,-87.645,casual,4
start,DuSable Lake Shore Dr & Wellington Ave,41.936,-87.637,casual,1
start,LaSalle St & Illinois St,41.891,-87.631,casual,1
start,Federal St & Polk St,41.872,-87.629,casual,1
start,Ritchie Ct & Banks St,41.906,-87.626,casual,1
start,Dusable Harbor,41.887,-87.614,casual,1
start,Public Rack - Ozanam Ave & Devon Ave,41.997,-87.821,casual,2
start,Kildare Ave & 26th St,41.845,-87.733,casual,6
start,Public Rack - State St & 47th st,41.809,-87.627,casual,1
start,Public Rack - Commercial Ave & 89th St,41.734,-87.551,casual,2
start,Public Rack - Strohacker Park,41.795,-87.732,casual,5
start,Public Rack - 83rd Pl & Kedzie Ave N,41.742,-87.702,casual,1
start,Public Rack - Hoyne Ave & 110th Pl,41.692,-87.674,casual,4
start,Public Rack - Walden Pkwy & 99th St,41.714,-87.668,casual,2
start,Morgan St & Lake St*,41.885,-87.653,casual,2
start,Green St & Lake St,41.885,-87.648,casual,3
start,McClurg Ct & Ohio St,41.893,-87.619,casual,2
start,Public Rack - Marquette Rd & 67th St,41.773,-87.613,casual,3
start,Public Rack - Torrence Ave & 98th St,41.717,-87.56,casual,2
start,Lavergne Ave & Diversey Ave,41.931,-87.752,casual,1
start,Public Rack - Cicero & Rosemont,41.996,-87.749,casual,1
start,Lincoln Ave & Peterson Ave,41.99,-87.708,casual,1
start,Public Rack - Ashland Ave & 83rd St,41.743,-87.664,casual,1
start,LaSalle St & Illinois St,41.89,-87.632,casual,1
start,Lockwood Ave & Wrightwood Ave,41.928,-87.758,casual,2
start,Central Park Blvd & 5th Ave,41.876,-87.716,casual,1
start,Public Rack - Sacramento Ave & Devon Ave,41.998,-87.704,casual,1
start,Paulina St & Montrose Ave,41.961,-87.671,casual,5
start,Public Rack - Rhodes Ave & 79th St,41.751,-87.611,casual,2
start,Wood St & Beach Ave,41.908,-87.672,casual,3
start,Southport Ave & Clybourn Ave,41.921,-87.667,casual,1
start,Public Rack - Ashland Ave & 63rd St,41.779,-87.664,casual,2
start,Public Rack - Back of the Yards Park,41.804,-87.658,casual,1
start,Green St & Madison St,41.882,-87.65,casual,1
start,Public Rack - Lafayette Ave & 119th St,41.678,-87.623,casual,1
start,Public Rack - Northwest Hwy & Overhill Ave,42.011,-87.813,casual,1
start,Public Rack - Menard Ave & Belmont Ave,41.938,-87.771,casual,5
start,Public Rack - Hamlin Ave & Chicago Ave,41.895,-87.722,casual,1
start,Kedzie Ave & Armitage Ave,41.917,-87.707,casual,1
start,Kedzie Ave & Archer Ave,41.815,-87.704,casual,1
start,Campbell Ave & North Ave,41.911,-87.689,casual,1
start,Greenview Ave & Fullerton Ave,41.926,-87.666,casual,1
start,N Green St & W Lake St,41.885,-87.649,casual,1
start,Halsted St & 104th St,41.705,-87.643,casual,1
start,Pine Grove Ave & Wellington Ave,41.936,-87.641,casual,2
start,Ritchie Ct & Banks St,41.907,-87.627,casual,1
start,Public Rack - Milwaukee Ave & Waveland Ave,41.948,-87.738,casual,1
start,Kosciuszko Park,41.93,-87.724,casual,3
start,Public Rack - Lincoln Ave & Fullteron Ave (Northwest),41.926,-87.65,casual,1
start,Orleans St & Merchandise Mart Plaza,41.889,-87.637,casual,1
start,Wells St & Concord Ln,41.912,-87.634,casual,1
start,Public Rack - N Sayre Ave & W Belden Ave,41.921,-87.801,casual,1
start,Damen Ave & Foster Ave,41.975,-87.679,casual,3
start,Public Rack - Buffalo Ave & 89th St,41.733,-87.545,casual,1
start,Public Rack - 4810 Keeler Ave,41.969,-87.733,casual,2
start,California Ave & Fletcher St,41.939,-87.698,casual,1
start,Western Ave & Berteau Ave,41.958,-87.689,casual,1
start,Damen Ave & Wabansia Ave,41.912,-87.678,casual,1
start,Wallace St & 28th St,41.843,-87.642,casual,1
start,Public Rack - King Dr & 71st St,41.766,-87.615,casual,2
start,Public Rack - Pullman - Ross Dress for Less,41.699,-87.597,casual,1
start,Public Rack - Vincennes Ave & 77th St,41.757,-87.565,casual,1
start,Public Rack - Lawndale Ave & 63rd St,41.779,-87.714,casual,1
start,Public Rack - Austin Ave & Archer Ave,41.794,-87.772,casual,1
start,Desplaines St & Randolph St,41.883,-87.644,casual,2
start,Broadway & Cuyler Ave,41.956,-87.651,casual,1
start,Public Rack - Peterson Ave & Drake Ave,41.99,-87.717,casual,1
start,Public Rack - Keystone Ave & Irving Park Rd,41.954,-87.729,casual,1
start,Public Rack - Western Blvd & 53rd St,41.797,-87.683,casual,1
start,Loomis St & Archer Ave,41.842,-87.658,casual,1
start,Public Rack - Halsted St Metra Station,41.861,-87.647,casual,1
start,Public Rack - Emerald Ave & 43rd St,41.816,-87.644,casual,1
start,State St & Chicago Ave,41.897,-87.628,casual,1
start,New St & Illinois St,41.89,-87.618,casual,1
start,Public Rack - Cottage Grove Ave & 111th St,41.693,-87.61,casual,1
start,Public Rack - Mackinaw Ave & 106th St,41.703,-87.543,casual,1
end,Orange Ave & Addison St,41.945,-87.824,member,33
end,Nordica Ave & Medill Ave,41.922,-87.802,member,95
end,Public Rack - Norwood Park Station,41.992,-87.799,member,10
end,Roscoe & Harlem,41.942,-87.807,member,7
end,Oriole Ave & Irving Park Rd,41.952,-87.817,member,12
end,Kedzie Ave & Leland Ave,41.967,-87.708,member,1223
end,Public Rack - Olmstead Ave & Oliphant Ave,42.002,-87.817,member,17
end,Sayre Ave & Diversey Ave,41.931,-87.801,member,57
end,Oakley Ave & Irving Park Rd,41.954,-87.686,member,1698
end,Damen Ave & Clybourn Ave,41.932,-87.678,member,2240
end,Public Rack - Neola & Northwest Hwy,41.99,-87.795,member,4
end,Drake Ave & Addison St,41.947,-87.718,member,1277
end,Lincoln Ave & Sunnyside Ave,41.963,-87.685,member,4271
end,Hyacinth Ave & Milwaukee Ave,41.993,-87.784,member,234
end,California Ave & Fletcher St,41.938,-87.698,member,1860
end,Shabbona Park,41.945,-87.799,member,47
end,Kedzie Ave & Milwaukee Ave,41.93,-87.708,member,2814
end,Elston Ave & Carmen Ave,41.974,-87.75,member,248
end,Long & Irving Park,41.953,-87.762,member,167
end,Long Ave & North Ave,41.909,-87.761,member,125
end,Mason Ave & Grand Ave,41.92,-87.774,member,20
end,Linder Ave & Montrose Ave,41.961,-87.765,member,197
end,Public Rack - Peterson Ave & Milwaukee Ave,41.99,-87.781,member,12
end,Kedzie Ave & Milwaukee Ave,41.929,-87.708,member,3941
end,Merrimac Park,41.953,-87.785,member,123
end,Austin Blvd & Lake St,41.888,-87.774,member,205
end,Central Ave & Madison St,41.88,-87.763,member,85
end,Austin Blvd & Madison St,41.88,-87.774,member,85
end,Public Rack - Laramie Ave & Belmont Ave,41.939,-87.756,member,16
end,Wellington Ave & Mulligan Ave,41.935,-87.784,member,41
end,Public Rack - Mason Ave & Milwaukee Ave,41.986,-87.777,member,4
end,Menard Ave & Lawrence Ave,41.968,-87.773,member,212
end,Logan Blvd & Elston Ave,41.929,-87.684,member,3027
end,Kedzie Ave & Armitage Ave,41.918,-87.707,member,1285
end,Public Rack - Leamington & Elston,41.978,-87.756,member,106
end,Avers Ave & Foster Ave,41.975,-87.725,member,182
end,Public Rack - Leoti Ave & Central Ave (south),41.998,-87.763,member,2
end,Ashland Ave & Wellington Ave,41.936,-87.67,member,4439
end,Walsh Park,41.915,-87.668,member,3561
end,Sawyer Ave & Irving Park Rd,41.954,-87.709,member,1098
end,Lynch Ave & Elston Ave,41.981,-87.761,member,82
end,Kilbourn Ave & Irving Park Rd,41.954,-87.741,member,458
end,Blue Island Ave & 18th St,41.858,-87.662,member,3574
end,Long Ave & Diversey Ave,41.931,-87.761,member,109
end,Kimball Ave & Belmont Ave,41.939,-87.712,member,2870
end,Central Ave & Altgeld St,41.926,-87.766,member,133
end,Clark St & Berwyn Ave,41.978,-87.669,member,2369
end,Wells St & Elm St,41.903,-87.634,member,18918
end,Millennium Park,41.881,-87.624,member,7702
end,Public Rack - Leclaire Ave & Division St,41.902,-87.753,member,3
end,Lavergne Ave & Division St,41.902,-87.751,member,44
end,Lincoln Ave & Melrose St,41.94,-87.67,member,8120
end,Broadway & Oakdale Ave,41.936,-87.644,member,4221
end,Harding Ave & Chicago Ave,41.895,-87.725,member,47
end,Keystone Ave & Montrose Ave,41.961,-87.729,member,707
end,Wilton Ave & Diversey Pkwy,41.932,-87.653,member,11711
end,Christiana Ave & Lawrence Ave,41.968,-87.712,member,1385
end,Clark St & Bryn Mawr Ave,41.984,-87.669,member,5013
end,Narragansett Ave & North Ave,41.909,-87.785,member,40
end,Franklin St & Illinois St,41.891,-87.635,member,9281
end,Damen Ave & Wellington Ave,41.936,-87.678,member,3120
end,Public Rack - Cicero Ave & North Ave,41.909,-87.746,member,17
end,Sheffield Ave & Wrightwood Ave,41.929,-87.654,member,8446
end,Public Rack - Milwaukee Ave & Warner Ave,41.956,-87.751,member,13
end,Public Rack - Central & Berteau,41.957,-87.767,member,5
end,Green St & Lake St,41.886,-87.648,member,5585
end,Wells St & Evergreen Ave,41.907,-87.635,member,9248
end,Kosciuszko Park,41.931,-87.724,member,1253
end,Kilbourn Ave & Roscoe St,41.943,-87.74,member,217
end,Sheridan Rd & Argyle St,41.973,-87.655,member,5231
end,Sheffield Ave & Fullerton Ave,41.926,-87.654,member,11134
end,Sheffield Ave & Waveland Ave,41.949,-87.655,member,7520
end,Laramie Ave & Gladys Ave,41.876,-87.755,member,9
end,Clark St & Grace St,41.951,-87.659,member,5937
end,Francisco Ave & Montrose Ave,41.961,-87.701,member,814
end,Public Rack - Hamlin Ave & Montrose Ave,41.961,-87.722,member,295
end,Kenton Ave & Madison St,41.88,-87.741,member,32
end,Desplaines St & Randolph St,41.884,-87.644,member,4701
end,Central Park Ave & Ogden Ave,41.854,-87.715,member,293
end,Halsted St & 21st St,41.854,-87.647,member,1543
end,St. Clair St & Erie St,41.894,-87.623,member,13763
end,Troy St & North Ave,41.91,-87.705,member,1106
end,Milwaukee Ave & The 606,41.914,-87.683,member,8290
end,Ashland Ave & Grace St,41.953,-87.669,member,196
end,Pulaski Rd & Eddy St,41.946,-87.731,member,436
end,Pulaski Rd & Congress Pkwy,41.874,-87.726,member,52
end,Wood St & Hubbard St,41.89,-87.672,member,2970
end,Broadway & Barry Ave,41.938,-87.644,member,12224
end,Racine Ave & Belmont Ave,41.94,-87.659,member,6815
end,Damen Ave & Melrose Ave,41.941,-87.679,member,2629
end,Bernard St & Elston Ave,41.95,-87.714,member,653
end,Campbell Ave & Irving Park Rd,41.954,-87.691,member,449
end,Pine Grove Ave & Irving Park Rd,41.954,-87.648,member,9667
end,Leavitt St & Division St,41.903,-87.684,member,2419
end,Monticello Ave & Chicago Ave,41.896,-87.718,member,50
end,Kostner Ave & 63rd St,41.779,-87.732,member,27
end,Public Rack - Kedvale Ave & 63rd St W,41.779,-87.727,member,124
end,McCormick Blvd & Devon Ave,41.997,-87.711,member,777
end,Winthrop Ave & Lawrence Ave,41.969,-87.658,member,3709
end,DuSable Lake Shore Dr & North Blvd,41.912,-87.627,member,13723
end,Broadway & Belmont Ave,41.94,-87.645,member,9014
end,Clark St & Leland Ave,41.967,-87.667,member,5466
end,Clark St & Berwyn Ave,41.978,-87.668,member,5327
end,Wilton Ave & Addison St,41.947,-87.653,member,3730
end,Michigan Ave & Madison St,41.882,-87.625,member,4250
end,Claremont Ave & Hirsch St,41.908,-87.686,member,1544
end,Clark St & Columbia Ave,42.004,-87.672,member,1635
end,Broadway & Thorndale Ave,41.99,-87.66,member,8178
end,Public Rack - Komensky Ave & 63rd St,41.779,-87.724,member,15
end,California Ave & Byron St,41.952,-87.698,member,1796
end,Southport Ave & Irving Park Rd,41.954,-87.664,member,4533
end,Paulina St & Montrose Ave,41.962,-87.671,member,3451
end,Western Ave & Leland Ave,41.966,-87.688,member,3770
end,Broadway & Wilson Ave,41.965,-87.658,member,6207
end,Pulaski Rd & Ann Lurie Pl,41.816,-87.725,member,170
end,Kenneth Ave & 50th St,41.802,-87.734,member,15
end,Damen Ave & Wicker Park Ave,41.909,-87.677,member,5880
end,Winchester (Ravenswood) Ave & Balmoral Ave,41.98,-87.678,member,1507
end,Racine Ave & Congress Pkwy,41.875,-87.657,member,4032
end,Wells St & Randolph St,41.884,-87.634,member,8650
end,SCOOTERS CLASSIC - 2132 W Hubbard ST,41.89,-87.68,member,2701
end,Wood St & Milwaukee Ave,41.906,-87.672,member,1648
end,Albany Ave & Bloomingdale Ave,41.914,-87.705,member,2652
end,Whipple/Irving Park,41.954,-87.704,member,520
end,Wolcott (Ravenswood) Ave & Montrose Ave,41.961,-87.676,member,4013
end,Hoyne Ave & Balmoral Ave,41.98,-87.682,member,1416
end,Wilton Ave & Belmont Ave,41.94,-87.653,member,14083
end,Public Rack - Komensky Ave & 59th St,41.786,-87.724,member,20
end,Archer Ave & Homan Ave,41.812,-87.709,member,31
end,Central Park Ave & Washington Blvd,41.883,-87.715,member,33
end,Francisco Ave & Foster Ave,41.976,-87.701,member,1872
end,Pulaski Rd & 75th St,41.757,-87.722,member,29
end,Federal St & Polk St,41.872,-87.63,member,11748
end,Conservatory Dr & Lake St,41.886,-87.717,member,225
end,Lincoln Ave & Fullerton Ave,41.924,-87.646,member,11587
end,Lakeview Ave & Fullerton Pkwy,41.926,-87.639,member,9422
end,Central Park Ave & Douglas Blvd,41.862,-87.716,member,29
end,Public Rack - Central Park Ave & Fillmore St,41.868,-87.715,member,8
end,Sangamon St & Lake St,41.886,-87.651,member,7003
end,Public Rack - Washtenaw Ave & Superior St,41.895,-87.695,member,371
end,State St & 35th St,41.831,-87.627,member,1574
end,Field Museum,41.865,-87.618,member,2522
end,Sangamon St & Adams St,41.879,-87.651,member,2260
end,Wabash Ave & Grand Ave,41.891,-87.627,member,12469
end,Mies van der Rohe Way & Chicago Ave,41.897,-87.622,member,8270
end,Noble St & Milwaukee Ave,41.901,-87.663,member,5402
end,Damen Ave & Wabansia Ave,41.912,-87.677,member,2214
end,Public Rack - Pulaski Rd & Armitage Ave,41.917,-87.727,member,12
end,Theater on the Lake,41.926,-87.631,member,11434
end,Burling St & Diversey Pkwy,41.933,-87.648,member,8229
end,Albany Ave & Belmont Ave,41.94,-87.705,member,445
end,Ravenswood Ave & Irving Park Rd,41.955,-87.674,member,3563
end,Lincoln Ave & Peterson Ave,41.99,-87.709,member,531
end,Rush St & Superior St,41.896,-87.626,member,8686
end,Damen Ave & Division St,41.903,-87.678,member,6051
end,Kedzie Ave & Lake St,41.885,-87.706,member,241
end,Wells St & Hubbard St,41.89,-87.634,member,15805
end,Francisco Ave & Chicago Ave,41.896,-87.699,member,1356
end,Mies van der Rohe Way & Chestnut St,41.899,-87.622,member,8916
end,Seeley Ave & Roscoe St,41.943,-87.68,member,3471
end,Ridge Blvd & Howard St,42.019,-87.685,member,410
end,Calumet Ave & 18th St,41.858,-87.619,member,5479
end,Mozart St & Jackson Blvd,41.878,-87.697,member,155
end,California Ave & Lake St,41.884,-87.696,member,404
end,Central Park Ave & Ohio St,41.892,-87.716,member,110
end,Wood St & Augusta Blvd,41.899,-87.672,member,4638
end,Larrabee St & Division St,41.903,-87.643,member,7061
end,Halsted St & Willow St,41.914,-87.649,member,6104
end,Broadway & Sunnyside Ave,41.963,-87.656,member,3593
end,Lawndale Ave & 30th St,41.839,-87.717,member,41
end,Campbell Ave & North Ave,41.911,-87.69,member,4025
end,May St & Taylor St,41.869,-87.656,member,1953
end,Cicero Ave & Lake St,41.887,-87.745,member,23
end,Public Rack - Kimball Ave & Carmen Ave,41.974,-87.713,member,18
end,Sacramento Ave & Lunt Ave,42.008,-87.705,member,198
end,Public Rack - Hamlin Ave & Madison St,41.881,-87.721,member,4
end,Lincolnwood Dr & Central St,42.065,-87.715,member,150
end,Hastings LWS,41.864,-87.68,member,487
end,Ashland Ave & Grand Ave,41.891,-87.667,member,2892
end,Halsted St & North Branch St,41.899,-87.649,member,461
end,Southport Ave & Clark St,41.957,-87.664,member,2475
end,Granville Ave & Clark St,41.994,-87.67,member,622
end,Dearborn St & Van Buren St,41.876,-87.629,member,4107
end,Damen Ave & Leland Ave,41.967,-87.679,member,4925
end,Clark St & Touhy Ave,42.013,-87.674,member,631
end,Clark St & Arlington Pl,41.927,-87.641,member,5688
end,Wentworth Ave & 35th St,41.831,-87.633,member,1100
end,Dodge Ave & Church St,42.048,-87.698,member,481
end,Clark St & Elm St,41.903,-87.631,member,19276
end,Sacramento Ave & Lyndale St,41.922,-87.702,member,676
end,LaSalle St & Jackson Blvd,41.878,-87.632,member,13219
end,Maplewood Ave & 59th St,41.786,-87.687,member,50
end,Rockwell St & Cermak Rd,41.852,-87.691,member,206
end,Wabash Ave & Wacker Pl,41.887,-87.626,member,3561
end,Kingsbury St & Erie St,41.894,-87.642,member,15400
end,Spaulding Ave & Division St,41.903,-87.709,member,1254
end,Francisco Ave & Bloomingdale Ave,41.914,-87.699,member,732
end,Southport Ave & Clybourn Ave,41.922,-87.666,member,1113
end,Public Rack - Hamlin Ave & Fullerton Ave,41.924,-87.721,member,122
end,Pine Grove Ave & Waveland Ave,41.949,-87.646,member,11708
end,Sheridan Rd & Greenleaf Ave,42.011,-87.662,member,1531
end,Western Ave & Howard St,42.019,-87.69,member,816
end,Paulina St & 18th St,41.858,-87.669,member,2936
end,Dodge Ave & Main St,42.035,-87.699,member,464
end,Kingsbury St & Kinzie St,41.889,-87.639,member,19049
end,Morgan St & Hubbard St,41.89,-87.653,member,1087
end,Dearborn St & Monroe St,41.881,-87.63,member,7085
end,Franklin St & Washington St,41.883,-87.635,member,5255
end,Clifton Ave & Armitage Ave,41.918,-87.657,member,7385
end,Kedzie Ave & 24th St,41.848,-87.705,member,62
end,Western Ave & 21st St,41.854,-87.686,member,724
end,Washtenaw Ave & Ogden Ave,41.862,-87.693,member,229
end,Fairfield Ave & Roosevelt Rd,41.867,-87.695,member,245
end,Western Ave & Monroe St,41.881,-87.687,member,845
end,Canal St & Jackson Blvd,41.878,-87.64,member,10027
end,Wolcott Ave & Fargo Ave,42.017,-87.678,member,415
end,Ridge Blvd & Touhy Ave,42.012,-87.683,member,588
end,Western Ave & 101st St,41.71,-87.682,member,18
end,Kedzie Ave & 45th St,41.811,-87.704,member,9
end,Dearborn St & Adams St,41.879,-87.63,member,7520
end,Halsted St & Dickens Ave,41.92,-87.649,member,6918
end,Western Ave & 79th St,41.751,-87.683,member,30
end,La Villita Park,41.839,-87.702,member,32
end,Troy Ave & 27th St,41.843,-87.704,member,8
end,Damen Ave & Cullerton St,41.855,-87.676,member,1875
end,Orleans St & Hubbard St,41.89,-87.637,member,6179
end,Noble St & Potomac Ave,41.906,-87.663,member,1102
end,Ellis Ave & 53rd St,41.799,-87.601,member,4872
end,Public Rack - Western Blvd & 49th St,41.805,-87.684,member,29
end,Public Rack - Western Ave & 47th Pl,41.808,-87.685,member,108
end,Michigan Ave & Ida B Wells Dr,41.876,-87.624,member,2721
end,Dearborn St & Madison St,41.882,-87.63,member,3209
end,Sangamon St & Washington Blvd,41.883,-87.651,member,5653
end,Morgan St & Lake St*,41.885,-87.652,member,7898
end,Field Blvd & South Water St,41.886,-87.618,member,7939
end,Michigan Ave & Pearson St,41.898,-87.624,member,4144
end,Dearborn St & Division St,41.904,-87.63,member,4993
end,Dodge Ave & Mulford St,42.023,-87.7,member,288
end,Evanston Civic Center,42.057,-87.687,member,834
end,Sheridan Rd & Lawrence Ave,41.97,-87.655,member,3528
end,Western Blvd & 48th Pl,41.806,-87.683,member,324
end,Calumet Ave & 33rd St,41.835,-87.618,member,2248
end,Central Ave & Wellington Ave,41.935,-87.767,member,44
end,Halsted St & 35th St,41.831,-87.647,member,1756
end,Dearborn St & Adams St 2,41.88,-87.629,member,1906
end,Buckingham Fountain,41.87,-87.624,member,4753
end,Rhodes Ave & 32nd St,41.836,-87.614,member,2159
end,Clark/Racine Corral,41.95,-87.659,member,313
end,Pulaski Rd & 60th Pl,41.783,-87.723,member,11
end,Public Rack - Orleans St & Chicago Ave,41.896,-87.638,member,7
end,Public Rack - Forest Glen & Peterson,41.99,-87.743,member,11
end,Rockwell St & 47th St,41.809,-87.689,member,47
end,Michigan Ave & 8th St,41.873,-87.624,member,6070
end,Paulina St & Flournoy St,41.873,-87.669,member,5816
end,W Washington Blvd & N Peoria St,41.883,-87.65,member,559
end,Columbus Dr & Randolph St,41.885,-87.62,member,13202
end,N Carpenter St & W Lake St,41.886,-87.653,member,2064
end,Larrabee St & Menomonee St,41.915,-87.643,member,4032
end,University Library (NU),42.053,-87.673,member,1550
end,Racine Ave & 35th St,41.831,-87.656,member,458
end,Michigan Ave & 14th St,41.864,-87.624,member,7250
end,Damen Ave & Madison St,41.881,-87.675,member,1261
end,Paulina St & Adams St,41.879,-87.669,member,789
end,May St & Hubbard St,41.89,-87.656,member,1877
end,Racine Ave & Garfield Blvd,41.794,-87.655,member,23
end,Lock St & 31st St,41.838,-87.659,member,462
end,Public Rack - California Ave & Pershing Rd,41.823,-87.695,member,42
end,Public Rack - Southport Ave & Fullteron Ave,41.925,-87.663,member,42
end,Sheffield Ave & School St,41.942,-87.654,member,620
end,Western Ave & 111th St,41.691,-87.681,member,26
end,Public Rack - 111th St - Morgan Park Metra,41.693,-87.671,member,12
end,California Ave & 36th St,41.828,-87.695,member,48
end,Racine Ave & 115th St,41.685,-87.652,member,24
end,Wabash Ave & Jackson Blvd,41.878,-87.626,member,1732
end,Public Rack - Hoyne Ave & Walton St,41.899,-87.68,member,56
end,Wallace St & 35th St,41.831,-87.641,member,708
end,Damen Ave & 74th St,41.759,-87.674,member,18
end,Winthrop Ave & Sheridan Rd,41.998,-87.659,member,62
end,Francisco Ave & Hollywood Ave,41.984,-87.702,member,22
end,Cornell Ave & Hyde Park Blvd,41.802,-87.587,member,4313
end,Public Rack - Wells St & Lake St,41.886,-87.634,member,63
end,Public Rack - Trader Joe's Clybourn Ave,41.915,-87.655,member,49
end,Ellis Ave & 60th St,41.785,-87.601,member,12167
end,Clark/Eddy,41.947,-87.656,member,247
end,Vincennes Ave & 95th St,41.721,-87.65,member,79
end,Public Rack - Milwaukee Ave & Pensacola Ave,41.96,-87.753,member,9
end,State St & 45th St,41.813,-87.626,member,73
end,MLK Jr Dr & Pershing Rd,41.825,-87.617,member,731
end,Public Rack - Wells St & Monroe St,41.881,-87.634,member,29
end,Woodlawn Ave & Lake Park Ave,41.814,-87.597,member,536
end,Public Rack - Wabash Ave & 87th St,41.736,-87.623,member,1
end,Public Rack - Washington Park Ct & 51st St,41.802,-87.615,member,35
end,Public Rack - Rockwell St & Chicago Ave,41.896,-87.692,member,39
end,Public Rack - Western Ave & Chicago Ave,41.896,-87.687,member,21
end,Hale Ave & 107th St,41.699,-87.669,member,26
end,Racine Ave & 57th St,41.79,-87.655,member,11
end,Public Rack - Pulaski & Ardmore,41.986,-87.728,member,16
end,Public Rack - Wells St & Scott St,41.905,-87.635,member,169
end,Public Rack - Clybourn Ave & Dickens Ave,41.919,-87.661,member,49
end,Public Rack - Halsted St & Fullerton Ave,41.926,-87.648,member,37
end,Lake Park Ave & 47th St,41.809,-87.592,member,1364
end,Woodlawn Ave & 55th St,41.795,-87.596,member,6386
end,State St & 29th St,41.842,-87.627,member,278
end,Indiana Ave & 103rd St,41.707,-87.618,member,66
end,Halsted St & 96th St,41.72,-87.643,member,182
end,Public Rack - Michigan Ave & Wacker Dr (South),41.888,-87.624,member,41
end,Major Ave & Addison St,41.946,-87.769,member,13
end,Public Rack - Kilpatrick & Elston,41.97,-87.743,member,44
end,University Ave & 57th St,41.791,-87.6,member,15672
end,Clark St & Elm St,41.903,-87.633,member,151
end,Halsted St & 59th St,41.788,-87.645,member,31
end,Public Rack - Lafayette Ave & 95th St,41.722,-87.625,member,14
end,Public Rack - Desplaines St & Fulton St,41.887,-87.643,member,47
end,Wallace St & Pershing Rd,41.824,-87.64,member,53
end,Calumet Ave & 35th St,41.831,-87.618,member,671
end,Public Rack - Wells St & Schiller St,41.908,-87.635,member,45
end,Buckingham Fountain,41.876,-87.621,member,86
end,MLK Jr Dr & 47th St,41.81,-87.616,member,331
end,Hamilton Park,41.763,-87.637,member,9
end,Halsted St & 69th St,41.769,-87.645,member,26
end,Wabash Ave & 87th St,41.737,-87.623,member,82
end,Stony Island Ave & 82nd St,41.747,-87.586,member,32
end,Public Rack - Woodlawn Ave & 63rd St N,41.781,-87.596,member,268
end,Michigan Ave & 9th St,41.871,-87.624,member,181
end,Chicago State University,41.719,-87.608,member,93
end,63rd St Beach,41.781,-87.576,member,399
end,Cottage Grove Ave & 49th St,41.806,-87.607,member,206
end,Cottage Grove Ave & 78th St,41.753,-87.605,member,156
end,Public Rack - Maryland Ave & 87th ST,41.737,-87.604,member,5
end,Prairie Ave & Garfield Blvd,41.795,-87.619,member,901
end,Public Rack - Langley Ave & 49th St,41.805,-87.609,member,65
end,Dorchester Ave & 49th St,41.806,-87.592,member,750
end,Jeffery Blvd & 67th St,41.774,-87.577,member,201
end,Public Rack - Dearborn St & Jackson Ave,41.878,-87.629,member,26
end,Cottage Grove Ave & 67th St,41.774,-87.606,member,341
end,Cottage Grove Ave & 63rd St,41.781,-87.606,member,600
end,Martin Luther King Dr & 87th St,41.737,-87.614,member,38
end,Public Rack - State ST & 42nd St,41.819,-87.626,member,7
end,Public Rack - South Shore Dr & 71st St,41.766,-87.563,member,173
end,Public Rack - Prairie Ave & 47th St,41.809,-87.619,member,73
end,Jeffery Blvd & 76th St,41.757,-87.576,member,27
end,Public Rack - Kimbark Ave & 67th St,41.774,-87.594,member,11
end,Steelworkers Park,41.738,-87.531,member,54
end,South Chicago Ave & 83rd St,41.744,-87.575,member,20
end,Evans Ave & 75th St,41.758,-87.606,member,53
end,Big Marsh Park,41.686,-87.574,member,73
end,Yates Ave & 95th St,41.722,-87.565,member,6
end,Olive Harvey College,41.71,-87.59,member,4
end,Ewing Ave & 106th St,41.703,-87.536,member,74
end,Commercial Ave & 90th St,41.732,-87.552,member,30
end,Ewing Ave & 97th St,41.72,-87.535,member,10
end,Cottage Grove Ave & 111th Pl,41.692,-87.61,member,12
end,Commercial Ave & 100th St,41.713,-87.551,member,8
end,Cottage Grove Ave & 107th St,41.7,-87.608,member,1
end,Public Rack - Brandon Ave & 91st St,41.73,-87.547,member,5
end,Public Rack - Ingleside Ave & 79th St,41.751,-87.601,member,1
end,State St & 76th St,41.757,-87.625,member,27
end,Rhodes Ave & 71st St,41.766,-87.612,member,9
end,May St & 69th St,41.769,-87.653,member,10
end,Public Rack - Prairie Ave & Garfield Blvd S,41.794,-87.619,member,2
end,Kedzie Ave & 54th Pl,41.793,-87.703,member,37
end,Mulligan Ave & Archer Ave,41.793,-87.781,member,24
end,Vincennes Ave & 75th St,41.758,-87.631,member,4
end,Public Rack - Wentworth Park,41.789,-87.78,member,5
end,St Louis Ave & Norman Bobbins Pl,41.794,-87.711,member,14
end,Public Rack - Langley Ave & Oakwood Blvd,41.823,-87.61,member,5
end,Public Rack - Kedvale Ave & 26th St,41.844,-87.728,member,2
end,Mayfield Ave & Roosevelt Rd,41.866,-87.772,member,30
end,Keeler Ave & Roosevelt Rd,41.866,-87.73,member,7
end,Public Rack - Sheffield Ave & Belden Ave,41.923,-87.654,member,12
end,Public Rack - Champlain Ave & 65th St,41.776,-87.609,member,15
end,Paulina St & Division St,41.903,-87.67,member,1
end,Public Rack - Damen Ave & Division St,41.903,-87.676,member,48
end,Mango Ave & Grand Ave,41.92,-87.769,member,5
end,Oketo Ave & Addison St,41.945,-87.812,member,12
end,Newcastle Ave & Irving Park Rd,41.953,-87.798,member,5
end,Public Rack - Ozark Ave & Addison St,41.945,-87.82,member,4
end,Public Rack - Irving Park Rd & Parkside Ave,41.953,-87.689,member,4
end,Public Rack - Foster Ave & Drake Ave,41.976,-87.717,member,37
end,Mason Ave & Belmont Ave,41.938,-87.773,member,20
end,Public Rack - Northwest Hwy & Raven St,41.993,-87.799,member,1
end,Public Rack - Newland Ave & Diversey Ave,41.931,-87.799,member,3
end,Public Rack - Lockwood & Archer,41.797,-87.755,member,7
end,Cicero Ave & Flournoy St,41.872,-87.747,member,24
end,Lawler Ave & 50th St,41.802,-87.749,member,7
end,Public Rack - Pulaski & 52nd,41.797,-87.723,member,1
end,Public Rack - Avers Ave & Ogden Ave,41.853,-87.721,member,3
end,Columbus Ave & 83rd Pl,41.741,-87.714,member,5
end,Public Rack - Linder & 51st,41.8,-87.76,member,14
end,Public Rack - Central Park Ave & 16th St,41.859,-87.716,member,2
end,Public Rack - Homan Ave & Roosevelt,41.866,-87.711,member,4
end,Public Rack - Narragansett Ave & Fullerton Ave,41.924,-87.784,member,6
end,Kedzie Ave & 83rd St,41.743,-87.702,member,4
end,Public Rack - Maplewood Ave & 63rd St,41.779,-87.687,member,2
end,Public Rack - Ashland Ave & 71st St,41.766,-87.664,member,12
end,Loomis St & 89th St,41.732,-87.658,member,9
end,Public Rack - Racine Ave & 109th Pl,41.695,-87.653,member,1
end,Homewood Ave & 115th St,41.685,-87.671,member,2
end,Public Rack - Kingston Ave & 75th St,41.759,-87.562,member,11
end,Public Rack - King Dr & Oakwood Blvd,41.823,-87.616,member,14
end,Public Rack - Cottage Grove & 86th St,41.738,-87.605,member,8
end,Public Rack - Cottage Grove Ave & 75th St,41.759,-87.606,member,1
end,Kildare Ave & Archer Ave,41.801,-87.73,member,7
end,Public Rack - Milwaukee Ave & Lawrence Ave,41.967,-87.76,member,9
end,Whipple St & Roosevelt Rd,41.867,-87.702,member,3
end,Public Rack - Central Park Ave & Fulton Blvd,41.886,-87.716,member,4
end,Public Rack - Hoyne Ave & 51st St,41.801,-87.677,member,1
end,Public Rack - Sacramento Blvd & Washington Blvd,41.883,-87.7,member,10
end,Public Rack - Pulaski & 84th,41.739,-87.721,member,2
end,Public Rack - Homan Ave & Lake St,41.885,-87.711,member,5
end,Public Rack - 532 E 43rd St,41.817,-87.613,member,21
end,Stony Island Ave & South Chicago Ave,41.751,-87.585,member,10
end,Public Rack - Emil G Hirch Metropolitan High School,41.754,-87.602,member,2
end,Ewing Ave & 98th St,41.718,-87.535,member,11
end,Public Rack - Nina Ave & Avondale Ave,41.991,-87.799,member,2
end,Monitor Ave & Fullerton Ave,41.924,-87.772,member,5
end,Public Rack - Kedzie Ave & 61st Pl W,41.782,-87.703,member,2
end,Public Rack - Albany Ave & 103rd St,41.707,-87.7,member,1
end,Public Rack - Menard Ave & Adams Blvd,41.878,-87.769,member,1
end,Public Rack - Kedzie & 103rd St - W,41.705,-87.701,member,2
end,Public Rack - Normal Blvd & 61st Pl,41.782,-87.637,member,4
end,Public Rack - Ewing Ave & 106th St,41.702,-87.535,member,1
end,Public Rack - Harriet E Sayre Public School,41.914,-87.799,member,1
end,Public Rack - S. New England/ W. 65th,41.774,-87.793,member,1
end,Public Rack - Elston Ave & Gunnison St,41.969,-87.741,member,4
end,Homan Ave & 65th St,41.775,-87.708,member,2
end,Public Rack - Division St & Christiana Ave,41.903,-87.711,member,4
end,Public Rack - Western Ave & 110th St,41.694,-87.682,member,3
end,Eberhart Ave & 131st St,41.658,-87.611,member,4
end,Ellis Ave & 58th St,41.79,-87.601,member,1
end,Public Rack - Pulaski Rd & Roosevelt Rd,41.866,-87.724,member,3
end,Public Rack - Lawndale Ave & Polk St,41.871,-87.718,member,2
end,Public Rack - Talman Ave & Pershing Rd,41.823,-87.691,member,1
end,Public Rack - California & 82nd,41.745,-87.693,member,1
end,Public Rack - Austin Blvd & North Ave,41.909,-87.776,member,1
end,Clinton St & Washington Blvd,41.883,-87.642,member,1
end,Public Rack - Ashland Ave & 76th St,41.756,-87.664,member,2
end,Public Rack - Wentworth Ave & 79th St,41.751,-87.63,member,1
end,Public Rack - Ashland Ave & 46th St,41.811,-87.665,member,2
end,Public Rack - Vincennes Ave & 87th St,41.736,-87.645,member,1
end,Wentworth Ave & 104th St,41.705,-87.629,member,3
end,Public Rack - Orville T Bright School,41.7,-87.562,member,2
end,Eggleston Ave & 92nd St,41.728,-87.635,member,2
end,Wells St & Elm St,41.915,-87.635,member,1
end,Public Rack - Austin & Higgins,41.973,-87.778,member,1
end,Public Rack - Osceola Ave & Touhy Ave,42.012,-87.813,member,2
end,Public Rack - Racine Ave & 76th,41.756,-87.654,member,2
end,Public Rack - Western Ave & 98th St,41.715,-87.682,member,1
end,Public Rack - 85th Pl & Pulaski Rd,41.737,-87.721,member,1
end,Public Rack - Ewing Ave & 95th St,41.722,-87.536,member,1
end,Shields Ave & 57th St,41.791,-87.635,member,2
end,Public Rack - Bell Ave & 95th St,41.721,-87.679,member,2
end,Public Rack - Wentworth Ave & 103rd St,41.707,-87.628,member,1
end,Public Rack - Fairfield Ave & 63rd St,41.779,-87.693,member,1
end,Public Rack - Saginaw Ave & 93rd St,41.726,-87.559,member,1
end,Commercial Ave & 130th St,41.659,-87.551,member,2
end,Public Rack - Normandy Ave & Archer Ave,41.792,-87.789,member,2
end,Public Rack - Kedvale Ave & Addison St,41.947,-87.731,member,2
end,Public Rack - Baltimore Ave & 134th St,41.651,-87.547,member,1
end,Public Rack - Pullman - Walmart,41.697,-87.598,member,2
end,Public Rack - Bensley Ave & 103rd St,41.708,-87.563,member,2
end,Public Rack - 63rd St and Natoma Ave,41.778,-87.788,member,1
end,Public Rack - Leoti Ave & Central Ave (north),41.998,-87.764,member,1
end,Public Rack - Homan Ave & 62nd Pl,41.78,-87.708,member,1
end,California Ave & Francis Pl,41.919,-87.698,member,1
end,Public Rack - Normal Ave & 111th St,41.692,-87.635,member,1
start,Harlem Ave & Irving Park Rd,41.953,-87.807,member,100
start,Harlem Ave & Grace St,41.949,-87.807,member,31
start,Public Rack - Mont Clare Ave & Higgins Ave,41.981,-87.805,member,14
start,Public Rack - Sayer & Northwest Hwy,41.994,-87.803,member,7
start,Public Rack - William J Onahan Public School,41.994,-87.793,member,6
start,Milwaukee Ave & Highland Ave,41.996,-87.787,member,234
start,Narragansett Ave & Wrightwood Ave,41.927,-87.785,member,133
start,Narragansett Ave & McLean Ave,41.916,-87.785,member,32
start,Meade Ave & Diversey Ave,41.931,-87.778,member,31
start,Public Rack - Hiawatha & Mendota,42.007,-87.778,member,17
start,Marmora Ave & Irving Park Rd,41.953,-87.775,member,58
start,Austin Blvd & Chicago Ave,41.895,-87.775,member,45
start,Austin Blvd & Lake St,41.888,-87.775,member,1
start,Farragut Ave & Central Ave,41.977,-87.768,member,170
start,Parkside Ave & Armitage Ave,41.917,-87.767,member,34
start,Central Ave & Roscoe St,41.942,-87.767,member,49
start,Edgebrook Metra,41.998,-87.765,member,286
start,Pine Ave & Division St,41.902,-87.764,member,102
start,Public Rack - Minuteman Park,41.785,-87.763,member,29
start,Lockwood Ave & Grand Ave,41.918,-87.758,member,173
start,Lawler Ave & North Ave,41.909,-87.752,member,38
start,Public Rack - Milwaukee Ave & Culyer Ave,41.955,-87.749,member,14
start,Public Rack - Cicero Ave & Belle Plaine Ave,41.956,-87.748,member,33
start,Cicero Ave & Roscoe Ave,41.942,-87.747,member,223
start,Cicero Ave & Wrightwood Ave,41.928,-87.747,member,242
start,Lamon Ave & 47th St,41.808,-87.746,member,2
start,Knox Ave & Montrose Ave,41.961,-87.745,member,528
start,Kilbourn Ave & Milwaukee Ave,41.949,-87.74,member,196
start,Kilbourn Ave & Diversey Ave,41.932,-87.739,member,228
start,Kilbourn Ave & Belden Ave,41.922,-87.739,member,441
start,Midway Orange Line,41.787,-87.739,member,225
start,Kostner Ave & Devon Ave,41.997,-87.738,member,127
start,Public Rack - Kostner Ave & North Ave,41.909,-87.736,member,14
start,Lowell Ave & Armitage Ave,41.917,-87.735,member,214
start,Kildare Ave & 26th St,41.844,-87.732,member,17
start,Kildare & Cermak,41.851,-87.732,member,18
start,Tripp Ave & 15th St,41.861,-87.731,member,71
start,Kildare Ave & Archer Ave,41.8,-87.731,member,38
start,Karlov Ave & Lawrence Ave,41.968,-87.73,member,343
start,Public Rack - Karlov Ave & Milwaukee Ave,41.943,-87.73,member,88
start,Public Rack - Pulaski & Rosemont,41.995,-87.729,member,20
start,Public Rack - Keystone Ave & North Ave,41.91,-87.728,member,43
start,Public Rack - Springfield Ave & Lawrence Ave,41.968,-87.726,member,68
start,Komensky Ave & 31st St,41.837,-87.726,member,110
start,Public Rack - Legler Regional Library,41.879,-87.725,member,3
start,Harding Ave & Division St,41.902,-87.725,member,69
start,Public Rack - 2302 S Pulaski Rd,41.849,-87.725,member,3
start,Public Rack - Hamlin Ave & Montrose Ave,41.961,-87.723,member,3
start,Hamlin Ave & Grand Ave,41.904,-87.722,member,108
start,Archer Ave & 49th St,41.804,-87.721,member,46
start,Public Rack - Avondale Ave & Addison St,41.947,-87.72,member,22
start,Monticello Ave & Lawrence Ave,41.968,-87.72,member,298
start,Public Rack - Central Park & Bryn Mawr,41.983,-87.72,member,6
start,Public Rack - Lawndale Ave & Diversey Ave,41.932,-87.719,member,54
start,Public Rack - Monticello Ave & Belmont Ave,41.939,-87.719,member,28
start,Lawndale Ave & 16th St,41.859,-87.718,member,21
start,W 103rd St & S Avers Ave,41.706,-87.717,member,46
start,Central Park Ave & Elbridge Ave,41.935,-87.717,member,2072
start,Central Park Ave & Bloomingdale Ave,41.914,-87.717,member,1599
start,Public Rack - Lawndale Ave & 23rd St,41.85,-87.717,member,7
start,Central Park Ave & North Ave,41.91,-87.717,member,592
start,Central Park & Augusta Blvd,41.899,-87.716,member,332
start,St Louis Ave & Foster Ave,41.976,-87.716,member,547
start,Lawndale Ave & 59th St,41.786,-87.716,member,54
start,Public Rack - St Louis Ave & Berteau Ave,41.958,-87.716,member,32
start,Central Park Blvd & 5th Ave,41.876,-87.715,member,180
start,Public Rack - Kimball Ave & Lawrence Ave,41.968,-87.713,member,73
start,Public Rack - Christiana & Lincoln,41.993,-87.713,member,21
start,Kimball Ave & Wrightwood Ave,41.928,-87.712,member,325
start,Public Rack - Bryn Mawr Ave & Spaulding Ave,41.983,-87.712,member,50
start,Milwaukee Ave & Diversey Ave,41.933,-87.712,member,220
start,Public Rack - Spaulding Ave & Bryn Mawr Ave,41.983,-87.711,member,54
start,Spaulding Ave & Milwaukee Ave,41.931,-87.711,member,876
start,Public Rack - Spaulding Ave & Evergreen Ave,41.905,-87.709,member,40
start,Kedzie Ave & Bryn Mawr Ave,41.982,-87.709,member,631
start,Kedzie Ave & Palmer Ct,41.922,-87.707,member,3031
start,Kedzie Ave & Roosevelt Rd,41.866,-87.706,member,89
start,Troy St & Grace St,41.95,-87.706,member,502
start,Kedzie Ave & Harrison St,41.874,-87.705,member,83
start,Troy St & Jackson Blvd,41.878,-87.705,member,81
start,Columbus Ave & 79th St,41.749,-87.704,member,14
start,Public Rack - Kedzie Ave & 58th St,41.788,-87.704,member,4
start,Kedzie Ave & 54th Pl,41.794,-87.703,member,41
start,Albany Ave & Douglas Blvd,41.863,-87.703,member,42
start,Kedzie Ave & 57th St,41.79,-87.703,member,178
start,N Shore Channel Trail & Argyle St,41.972,-87.703,member,490
start,Sacramento Ave & Linden Pl,41.926,-87.703,member,684
start,Archer Ave & 43rd St,41.815,-87.702,member,25
start,Humboldt Blvd & Armitage Ave,41.918,-87.702,member,2822
start,Public Rack - Mt Greenwood Library N,41.693,-87.701,member,1
start,Sacramento Ave & 25th St,41.847,-87.7,member,77
start,Public Rack - California Ave & Devon Ave - NE,41.998,-87.699,member,16
start,Central St Metra,42.064,-87.699,member,615
start,Fairfield Ave & Pratt Blvd,42.004,-87.699,member,229
start,California Ave & Winona St,41.975,-87.698,member,323
start,California Ave & Francis Pl,41.918,-87.698,member,12
start,California Ave & Division St,41.903,-87.698,member,48
start,California Ave & Milwaukee Ave,41.923,-87.697,member,6949
start,California Ave & North Ave,41.91,-87.697,member,2220
start,Washtenaw Ave & Peterson Ave,41.991,-87.697,member,200
start,Public Rack - California Ave & Ogden Ave,41.861,-87.696,member,10
start,California & 16th St,41.859,-87.696,member,229
start,Talman Ave & Addison St,41.947,-87.695,member,2177
start,Lincoln Ave & Balmoral Ave,41.979,-87.693,member,630
start,Stave St & Armitage Ave,41.918,-87.691,member,2576
start,Elston Ave & George St,41.934,-87.691,member,990
start,Public Rack - Western Ave & Devon Ave,41.998,-87.69,member,111
start,Campbell Ave & Augusta Blvd,41.899,-87.689,member,38
start,Rockwell St & 57th St,41.79,-87.689,member,28
start,Milwaukee Ave & Armitage Ave,41.918,-87.689,member,1828
start,Rockwell St & 63rd St,41.779,-87.689,member,25
start,Western Ave & Berteau Ave,41.958,-87.688,member,1304
start,Artesian Ave & Hubbard St,41.889,-87.688,member,82
start,Western Ave & Grace St,41.95,-87.688,member,1105
start,Western Ave & Division St,41.903,-87.687,member,2716
start,Western Ave & Congress Pkwy,41.875,-87.686,member,1196
start,Central St & Girard Ave,42.064,-87.686,member,548
start,Artesian Ave & 55th St,41.794,-87.686,member,77
start,Western Ave & 24th St,41.848,-87.685,member,425
start,Oakley Ave & Lyndale St,41.923,-87.685,member,787
start,Ogden Ave & Roosevelt Rd,41.867,-87.685,member,1365
start,Leavitt St & Lawrence Ave,41.969,-87.684,member,2485
start,Elmwood Ave & Austin St,42.026,-87.684,member,674
start,2112 W Peterson Ave,41.991,-87.684,member,604
start,Benson Ave & Church St,42.048,-87.683,member,3957
start,Leavitt St & Addison St,41.947,-87.683,member,1501
start,Leavitt St & Belmont Ave,41.939,-87.683,member,2940
start,Archer (Damen) Ave & 37th St,41.827,-87.683,member,231
start,Public Rack - Leavitt St & Potomac Ave,41.905,-87.682,member,35
start,Public Rack - Western Ave & 92nd Pl,41.726,-87.682,member,41
start,Public Rack - Western Ave & 105th St,41.703,-87.681,member,2
start,Western Ave & 104th St,41.705,-87.681,member,26
start,Damen Ave & Sunnyside Ave,41.963,-87.679,member,2846
start,Chicago Ave & Washington St,42.033,-87.679,member,1752
start,Damen Ave & Clybourn Ave,41.932,-87.679,member,781
start,Damen Ave & Division St,41.903,-87.679,member,94
start,Damen Ave & Wellington Ave,41.936,-87.679,member,17
start,Damen Ave & Charleston St,41.92,-87.678,member,3742
start,N Damen Ave & W Chicago Ave,41.896,-87.678,member,57
start,Chicago Ave & Sheridan Rd,42.051,-87.678,member,43
start,Chicago Ave & Sheridan Rd,42.05,-87.678,member,2914
start,Damen Ave & Pierce Ave,41.909,-87.678,member,7722
start,Damen Ave & St Paul Ave,41.913,-87.678,member,1650
start,Damen Ave & Evergreen Ave,41.906,-87.678,member,764
start,Sheridan Rd & Noyes St (NU),42.058,-87.677,member,3520
start,Damen Ave & Cortland St,41.916,-87.677,member,6663
start,Hoyne Ave & 47th St,41.808,-87.677,member,304
start,Lincoln Ave & Waveland Ave,41.949,-87.675,member,3174
start,Clark St & Jarvis Ave,42.016,-87.675,member,993
start,Ravenswood Ave & Lawrence Ave,41.969,-87.674,member,115
start,Honore St & Division St,41.903,-87.674,member,6427
start,Damen Ave & 77th St,41.754,-87.673,member,11
start,Damen Ave & 87th St,41.736,-87.673,member,37
start,Wood St & Cortland St,41.916,-87.673,member,914
start,Wood St & Webster Ave,41.921,-87.673,member,2026
start,Wood St & Walnut St,41.886,-87.672,member,357
start,N Paulina St & Lincoln Ave,41.944,-87.671,member,1202
start,Wood St & 35th St,41.83,-87.67,member,610
start,Paulina St & Cortland St,41.916,-87.67,member,1507
start,Paulina Ave & North Ave,41.91,-87.67,member,11058
start,Bosworth Ave & Howard St,42.02,-87.67,member,1765
start,Hermitage Ave & Polk St,41.872,-87.67,member,4201
start,Ashland Ave & Grace St,41.951,-87.669,member,2875
start,Greenview Ave & Jarvis Ave,42.016,-87.669,member,1995
start,Ashland Ave & Chicago Ave,41.896,-87.668,member,5059
start,Public Rack - Ogden Ave & Monroe St,41.88,-87.668,member,17
start,Walden Pkwy & 100th St,41.712,-87.668,member,58
start,Clark St & Montrose Ave,41.962,-87.666,member,4815
start,Glenwood Ave & Touhy Ave,42.013,-87.666,member,1080
start,Glenwood Ave & Morse Ave,42.008,-87.666,member,3401
start,Eastlake Ter & Howard St,42.019,-87.664,member,982
start,Southport Ave & Waveland Ave,41.948,-87.664,member,11826
start,Southport Ave & Grace St,41.952,-87.664,member,1170
start,Laflin St & Cullerton St,41.855,-87.664,member,1697
start,Ashland Ave & 78th St,41.752,-87.664,member,16
start,Southport Ave & Wellington Ave,41.936,-87.664,member,7053
start,Public Rack - Laflin St &51st ST,41.801,-87.662,member,1
start,Sheridan Rd & Columbia Ave,42.005,-87.661,member,2193
start,Broadway & Ridge Ave,41.984,-87.66,member,3385
start,Public Rack - Loomis Blvd & 47th St,41.809,-87.66,member,16
start,The Salt Shed,41.907,-87.66,member,1651
start,Elizabeth St & Fulton St,41.887,-87.66,member,3880
start,Racine Ave & Broadway,41.968,-87.66,member,2252
start,Elizabeth St & Fulton St,41.887,-87.659,member,1144
start,Racine/Eddy Corral,41.946,-87.659,member,537
start,Racine Ave & Wrightwood Ave,41.929,-87.659,member,3834
start,Throop St & Taylor St,41.869,-87.659,member,3365
start,Lincoln Ave & Diversey Pkwy,41.932,-87.659,member,7020
start,Public Rack - Racine Ave & Armitage Ave,41.918,-87.658,member,52
start,Loomis St & Archer Ave,41.842,-87.657,member,579
start,Vincennes Ave & 104th St,41.705,-87.657,member,38
start,Eddy/Seminary Corral,41.946,-87.657,member,815
start,Racine Ave & 18th St,41.858,-87.657,member,78
start,Racine Ave & 18th St,41.859,-87.656,member,1
start,Public Rack - Clifton Ave & Armitage Ave,41.918,-87.656,member,18
start,Sheridan Rd & Buena Ave,41.959,-87.655,member,75
start,Aberdeen St & Monroe St,41.88,-87.655,member,2852
start,Grace/Sheffield Corral,41.951,-87.655,member,454
start,Sheridan Rd & Montrose Ave,41.962,-87.655,member,8198
start,Sheridan Rd & Irving Park Rd,41.954,-87.654,member,9716
start,Racine Ave & 65th St,41.775,-87.654,member,21
start,Ogden Ave & Chicago Ave,41.896,-87.654,member,7248
start,Sheffield Ave & Webster Ave,41.922,-87.654,member,8389
start,Public Rack - Sheffield Ave & Dickens Ave,41.92,-87.654,member,17
start,Public Rack - Carpenter St & Madison St,41.882,-87.654,member,45
start,Sheffield Ave & Kingsbury St,41.911,-87.653,member,9470
start,Sheffield Ave & Willow St,41.914,-87.653,member,6498
start,Sheffield Ave & Wellington Ave,41.936,-87.653,member,8596
start,Lakefront Trail & Bryn Mawr Ave,41.984,-87.652,member,6193
start,Morgan St & Lake St*,41.886,-87.652,member,102
start,North Branch St & Haines St,41.901,-87.651,member,215
start,Green St & Chicago Ave,41.893,-87.651,member,1979
start,Clarendon Ave & Leland Ave,41.968,-87.65,member,4718
start,Dayton St & North Ave,41.91,-87.65,member,10117
start,Peoria St & Kinzie St,41.889,-87.65,member,3500
start,Clarendon Ave & Gordon Ter,41.958,-87.65,member,9540
start,Clarendon Ave & Junior Ter,41.961,-87.649,member,207
start,Dayton St & North Ave,41.911,-87.649,member,7846
start,Peoria St & Jackson Blvd,41.878,-87.649,member,173
start,Peoria St & Jackson Blvd,41.877,-87.649,member,8
start,Halsted St & Melrose St,41.941,-87.649,member,1640
start,Halsted St & Roscoe St,41.944,-87.649,member,9192
start,Halsted St & Roosevelt Rd,41.867,-87.649,member,4146
start,Halsted St & North Branch St,41.899,-87.648,member,14
start,Pine Grove Ave & Irving Park Rd,41.955,-87.648,member,36
start,Halsted St & Maxwell St,41.865,-87.647,member,4916
start,Halsted St & Polk St,41.872,-87.647,member,7539
start,Halsted St & Polk St,41.872,-87.646,member,2
start,Halsted St & 18th St,41.857,-87.646,member,58
start,Halsted St & 47th Pl,41.808,-87.646,member,149
start,Public Rack - Clark St & Diversey Pkwy (North 2),41.933,-87.646,member,1
start,Broadway & Roscoe Ave,41.944,-87.645,member,2409
start,Public Rack - Emerald Ave & 43rd St,41.816,-87.645,member,149
start,Desplaines St & Kinzie St,41.889,-87.645,member,30
start,Larrabee St & Armitage Ave,41.918,-87.644,member,4891
start,Halsted St & 83rd St,41.743,-87.644,member,24
start,Larrabee St & North Ave,41.91,-87.644,member,3888
start,Union Ave & Root St,41.819,-87.643,member,114
start,Jefferson St & Monroe St,41.88,-87.643,member,4739
start,Halsted St & 104th St,41.705,-87.642,member,24
start,Larrabee St & Oak St,41.9,-87.642,member,3122
start,Clinton St & Lake St,41.886,-87.642,member,14042
start,Clinton St & Washington Blvd,41.884,-87.642,member,136
start,Clark St & Arlington Pl,41.927,-87.642,member,292
start,Clinton St & Jackson Blvd,41.878,-87.641,member,18523
start,Clinton St & Jackson Blvd,41.879,-87.641,member,62
start,Clinton St & Polk St,41.871,-87.641,member,582
start,Canal St & Lake St,41.886,-87.64,member,2405
start,Parnell Ave & 31st St,41.838,-87.64,member,327
start,Canal St & Monroe St,41.883,-87.64,member,8040
start,Public Rack - Lowe Ave & 94th St,41.724,-87.639,member,1
start,DuSable Lake Shore Dr & Belmont Ave,41.941,-87.639,member,9229
start,Sedgwick St & North Ave,41.911,-87.639,member,8271
start,Sedgwick St & Chicago Ave,41.897,-87.639,member,1397
start,Kingsbury St & Kinzie St 2,41.889,-87.638,member,15636
start,Sedgwick St & Schiller St,41.908,-87.638,member,86
start,Orleans St & Chestnut St (NEXT Apts),41.898,-87.638,member,5030
start,Wacker Dr & Washington St Corral,41.883,-87.638,member,20
start,DuSable Lake Shore Dr & Diversey Pkwy,41.933,-87.636,member,10785
start,DuSable Lake Shore Dr & Diversey Pkwy,41.932,-87.636,member,70
start,Franklin St & Lake St,41.886,-87.636,member,8987
start,Shields Ave & 28th Pl,41.843,-87.635,member,1160
start,Shields Ave & 31st St,41.838,-87.635,member,2391
start,Stewart Ave & 63rd St,41.78,-87.635,member,18
start,Wells St & Institute Pl,41.897,-87.635,member,48
start,Cannon Dr & Fullerton Ave,41.927,-87.634,member,1896
start,Public Rack - Wells St & Scott St,41.905,-87.634,member,2
start,Dearborn St & Erie St,41.893,-87.634,member,1653
start,Princeton Ave & 47th St,41.809,-87.633,member,247
start,Delano Ct & Roosevelt Rd,41.868,-87.632,member,12
start,Clark St & Lake St,41.886,-87.632,member,6
start,Public Rack - Clark St & Oak St,41.901,-87.631,member,34
start,Clark St & Lake St,41.886,-87.631,member,13139
start,Clark St & Washington St,41.883,-87.631,member,933
start,Clark St & Chicago Ave,41.897,-87.631,member,7734
start,Archer Ave & Wentworth Ave,41.855,-87.631,member,1146
start,Princeton Ave & 95th St,41.722,-87.631,member,13
start,Dearborn St & Maple St,41.902,-87.631,member,4
start,Dearborn Pkwy & Delaware Pl,41.899,-87.63,member,14522
start,Public Rack - Dearborn St & Kinzie St 1,41.889,-87.629,member,101
start,Dearborn St & Erie St,41.894,-87.629,member,11678
start,McClurg Ct & Ohio St,41.903,-87.629,member,1
start,Daley Center Plaza,41.884,-87.629,member,21
start,Dearborn St & Washington St,41.883,-87.629,member,1240
start,State St & Chicago Ave,41.897,-87.629,member,25587
start,Wentworth Ave & 92nd St,41.727,-87.629,member,52
start,State St & Randolph St,41.885,-87.627,member,18
start,State St & Kinzie St,41.889,-87.627,member,8843
start,Wabash Ave & Grand Ave,41.892,-87.627,member,120
start,State St & Randolph St,41.884,-87.627,member,6
start,Public Rack - Lafayette Ave & 87th St - NW,41.736,-87.627,member,5
start,Wabash Ave & Jackson Blvd,41.878,-87.627,member,4
start,Wabash Ave & Roosevelt Rd,41.867,-87.626,member,12091
start,Wabash Ave & Adams St,41.879,-87.626,member,5215
start,Wabash Ave & 16th St,41.86,-87.626,member,5501
start,State St & 33rd St,41.835,-87.626,member,2830
start,Public Rack - Rush St & Ontario St,41.893,-87.625,member,32
start,Michigan Ave & Lake St,41.886,-87.624,member,11179
start,Public Rack - Michigan Ave & Delaware Pl,41.899,-87.624,member,66
start,Indiana Ave & Roosevelt Rd,41.868,-87.623,member,11632
start,State St & 111th St,41.693,-87.623,member,10
start,State St & 95th St,41.722,-87.623,member,76
start,Museum Campus Metra Station,41.869,-87.623,member,10
start,Indiana Ave & 26th St,41.846,-87.623,member,23
start,Orleans St & Merchandise Mart Plaza,41.885,-87.622,member,2
start,Michigan Ave & 71st St,41.765,-87.622,member,22
start,Fairbanks Ct & Grand Ave,41.892,-87.621,member,9531
start,Fairbanks Ct & Grand Ave,41.892,-87.62,member,103
start,Fairbanks St & Superior St,41.896,-87.62,member,4469
start,Fairbanks St & Superior St,41.895,-87.62,member,4
start,Prairie Ave & 43rd St,41.817,-87.619,member,276
start,McClurg Ct & Erie St,41.895,-87.618,member,8859
start,McClurg Ct & Ohio St,41.893,-87.617,member,14075
start,Field Blvd & South Water St,41.886,-87.617,member,183
start,McClurg Ct & Ohio St,41.892,-87.617,member,310
start,Field Blvd & South Water St,41.887,-87.617,member,12
start,DuSable Lake Shore Dr & Monroe St,41.881,-87.617,member,8609
start,MLK Jr Dr & 56th St,41.793,-87.616,member,72
start,Public Rack - DuSable Lake Shore Dr & Ontario St,41.894,-87.616,member,15
start,Shedd Aquarium,41.867,-87.615,member,3500
start,MLK Jr Dr & 83rd St,41.743,-87.615,member,125
start,Vernon Ave & 75th St,41.758,-87.614,member,245
start,Vernon Ave & 79th St,41.751,-87.614,member,81
start,Public Rack - King Dr & 115th St,41.685,-87.613,member,6
start,Public Rack - Eberhart Ave & 61st St,41.784,-87.613,member,9
start,Vernon Ave & 107th St,41.7,-87.612,member,28
start,Fort Dearborn Dr & 31st St*,41.838,-87.608,member,21
start,Adler Planetarium,41.866,-87.607,member,3798
start,Cottage Grove Ave & 51st St,41.803,-87.607,member,534
start,Ellis Ave & 55th St,41.794,-87.601,member,13057
start,Ellis Ave & 58th St,41.789,-87.601,member,6359
start,Greenwood Ave & 47th St,41.81,-87.599,member,1348
start,Woodlawn Ave & 55th St,41.795,-87.597,member,65
start,Woodlawn Ave & 58th St,41.789,-87.596,member,6260
start,Kimbark Ave & 53rd St,41.799,-87.595,member,9071
start,Blackstone Ave & 59th St,41.788,-87.59,member,6551
start,Blackstone Ave & Hyde Park Blvd,41.803,-87.59,member,2717
start,Blackstone Ave & 53rd St,41.8,-87.59,member,5915
start,Lake Park Ave & 56th St,41.792,-87.587,member,4460
start,Stony Island Ave & 64th St,41.779,-87.587,member,125
start,Lake Park Ave & 53rd St,41.799,-87.586,member,4540
start,Stony Island Ave & 67th St,41.773,-87.585,member,120
start,Public Rack - Stony Island & 95th St,41.722,-87.585,member,2
start,Public Rack - Hyde Park Blvd & 53rd St,41.799,-87.584,member,137
start,Griffin Museum of Science and Industry,41.792,-87.584,member,2613
start,Shore Dr & 53rd St,41.799,-87.582,member,503
start,Public Rack - Jeffery Blvd & 67th St,41.773,-87.577,member,10
start,Jeffery Blvd & 71st St,41.767,-87.576,member,317
start,Public Rack - Jeffrey Blvd & 71st St,41.766,-87.576,member,11
start,South Shore Dr & 67th St,41.774,-87.567,member,10
start,Phillips Ave & 79th St,41.752,-87.565,member,75
start,Phillips Ave & 83rd St,41.745,-87.565,member,45
start,Exchange Ave & 79th St,41.752,-87.552,member,62
start,Public Rack - Ave N & 106th St,41.703,-87.539,member,1
start,Public Rack - Ewing Ave & Indianapolis Ave,41.712,-87.535,member,10
start,Burnham Greenway & 112th St,41.692,-87.53,member,57
start,Parnell Ave & 127th St,41.663,-87.634,member,5
start,Halsted St & 119th St,41.678,-87.642,member,12
start,Ada St & 113th Place,41.688,-87.655,member,5
start,Kedzie Ave & 110th St,41.692,-87.701,member,11
start,Doty Ave & 111th St,41.695,-87.599,member,11
start,Vincennes Ave & 107th St,41.699,-87.659,member,16
start,Woodlawn & 103rd,41.707,-87.594,member,3
start,Clyde Ave & 87th St,41.737,-87.573,member,13
start,Summit Ave & 86th St,41.738,-87.645,member,17
start,Mozart St & 79th St,41.75,-87.694,member,3
start,Greenwood Ave & 79th St,41.751,-87.598,member,17
start,Public Rack - East End Ave & 75th St,41.759,-87.583,member,2
start,Public Rack - Stony Is Ave & 73rd St,41.762,-87.585,member,2
start,Springfield Ave & 71st St,41.764,-87.72,member,15
start,Kedzie Ave & Redfield Dr,41.765,-87.703,member,36
start,Cottage Grove Ave & 71st St,41.766,-87.605,member,28
start,Public Rack - Parkside & 63rd,41.778,-87.763,member,13
start,Public Rack - Kedzie Ave & 63rd St,41.779,-87.703,member,1
start,Stony Island Ave & 63rd St,41.781,-87.586,member,3
start,Racine Ave & 61st St,41.783,-87.654,member,14
start,Public Rack - Midway Orange Line,41.786,-87.738,member,3
start,Dorchester Ave & 53rd St,41.8,-87.592,member,4
start,Public Rack - Lowe Park,41.8,-87.641,member,6
start,Sacramento Ave & 51st St,41.801,-87.699,member,17
start,Public Rack - Greenwood Ave & Lake Park Ave,41.817,-87.6,member,32
start,Fort Dearborn Dr & 31st St,41.838,-87.609,member,4
start,California Ave & 29th St,41.84,-87.694,member,17
start,Fairfield Ave & Roosevelt Rd,41.867,-87.694,member,2
start,Public Rack - Michele Clark Magnet High School,41.873,-87.753,member,1
start,Public Rack - Wabash Ave & Balbo Dr,41.873,-87.626,member,12
start,Clinton St & Tilden St,41.876,-87.64,member,2
start,Franklin St & Monroe St,41.88,-87.636,member,18
start,Canal St & Monroe St,41.883,-87.639,member,20
start,State St & Randolph St,41.885,-87.629,member,31
start,Canal St & Lake St,41.886,-87.639,member,3
start,Elizabeth St & Fulton St,41.886,-87.66,member,1
start,Clark St & Lake St,41.887,-87.631,member,1
start,Laramie Ave & Kinzie St,41.888,-87.756,member,51
start,Orleans St & Merchandise Mart Plaza,41.889,-87.636,member,2
start,Morgan St & Hubbard St,41.89,-87.652,member,12
start,Noble St & Potomac Ave,41.891,-87.664,member,3
start,Carpenter St & Huron St,41.895,-87.654,member,9
start,Rush St & Superior St,41.896,-87.627,member,9
start,State St & Chicago Ave,41.896,-87.628,member,1
start,Damen Ave & Chicago Ave,41.897,-87.677,member,1
start,Wells St & Institute Pl,41.898,-87.635,member,21
start,Rush St & Illinois St,41.898,-87.63,member,1
start,Public Rack - Menard Ave & Agusta Blvd,41.898,-87.771,member,3
start,Wabash Ave & Grand Ave,41.899,-87.628,member,1
start,Public Rack - Rockwell & Division,41.903,-87.693,member,7
start,Clybourn Ave & Division St,41.905,-87.64,member,8
start,Public Rack - Karlov Ave & Kamerling Ave,41.906,-87.729,member,26
start,Wood St & Milwaukee Ave,41.906,-87.671,member,8
start,Public Rack - Central Ave & North Ave,41.909,-87.766,member,9
start,Menard Ave & North Ave,41.91,-87.77,member,30
start,Western Ave & Wabansia Ave,41.912,-87.687,member,10
start,Stave St & Armitage Ave,41.918,-87.692,member,18
start,Public Rack - Kenmore Ave & Armitage Ave,41.918,-87.655,member,19
start,Kedzie Ave & Palmer Ct,41.921,-87.707,member,12
start,Public Rack - Fullerton Ave & Narragansett Ave,41.924,-87.786,member,13
start,Public Rack - Austin Ave & Wrightwood Ave,41.928,-87.776,member,4
start,Addison/Sheffield SW Corral,41.947,-87.655,member,5
start,Wilton Ave & Addison St,41.948,-87.653,member,53
start,Broadway & Cuyler Ave,41.956,-87.652,member,4
start,Wolcott (Ravenswood) Ave & Montrose Ave,41.962,-87.676,member,5
start,Public Rack - Avers & Lawrence,41.968,-87.724,member,28
start,Public Rack - Oak Park Ave & Foster Ave,41.975,-87.812,member,10
start,Public Rack - W. Talcott & N. Oriole,41.991,-87.817,member,2
start,Clark St & Schreiber Ave,41.999,-87.672,member,9
start,Public Rack - Harlem & Palatine,41.996,-87.807,member,3
start,Public Rack - Norwood Park,41.987,-87.794,member,5
start,Public Rack - Northwest Hwy & Bryn Mawr,41.983,-87.783,member,1
start,Public Rack - McVicker Ave & Grand Ave,41.921,-87.777,member,4
start,Major Ave & Addison St,41.946,-87.772,member,27
start,Public Rack - Lockwood Ave & Diversey Ave,41.932,-87.759,member,23
start,Public Rack - Milwaukee Ave & School St,41.941,-87.726,member,26
start,Monticello Ave & Lawrence Ave,41.968,-87.719,member,5
start,Public Rack - Wood St & 47th St,41.809,-87.67,member,2
start,Southport Ave & Belmont Ave,41.94,-87.664,member,6
start,Sheridan Rd & Irving Park Rd,41.954,-87.655,member,2
start,Clark St & Wellington Ave,41.937,-87.647,member,4
start,Public Rack - Halsted St & 94th St,41.723,-87.644,member,1
start,Canal St & Adams St,41.88,-87.641,member,1
start,Franklin St & Lake St,41.885,-87.635,member,2
start,LaSalle St & Calhoun Pl,41.882,-87.633,member,11
start,LaSalle St & Calhoun Pl,41.882,-87.632,member,13
start,Public Rack - Burnside Academy,41.729,-87.608,member,1
start,Public Rack - Paxton Ave & 79th St,41.752,-87.57,member,1
start,Manistee Ave & 95th St,41.723,-87.557,member,10
start,Public Rack - Avenue O & 118th St,41.681,-87.54,member,1
start,Public Rack - Haft Ave & Milwaukee Ave,41.996,-87.786,member,1
start,Public Rack - Bryn Mawr Ave & Milwaukee Ave,41.983,-87.774,member,1
start,Public Rack - Pulaski Rd & Fullerton Ave,41.925,-87.727,member,16
start,Public Rack - Hamlin Ave & Fullerton Ave,41.925,-87.721,member,1
start,Public Rack - Bernard St & Foster Ave,41.976,-87.713,member,11
start,Public Rack - Spaulding Ave & Foster Ave,41.976,-87.71,member,9
start,Public Rack - Kedzie Ave & 62nd Pl,41.78,-87.703,member,1
start,Western Ave & Walton St,41.899,-87.687,member,7
start,Seeley Ave & Roscoe St,41.944,-87.68,member,1
start,Public Rack - Hale Ave & 111th St,41.692,-87.671,member,1
start,Halsted St & 93rd St,41.725,-87.644,member,4
start,Shields Ave & 57th St,41.791,-87.634,member,1
start,Public Rack - Wells St & Schiller St,41.908,-87.634,member,3
start,Public Rack - Clark St & Oak St,41.901,-87.632,member,2
start,Dearborn St & Erie St,41.891,-87.63,member,1
start,Dearborn St & Van Buren St,41.876,-87.63,member,3
start,State St & 19th St,41.857,-87.627,member,2
start,Public Rack - St Clair St & Superior St,41.896,-87.623,member,16
start,Public Rack - Indiana Ave & 111th St,41.693,-87.618,member,1
start,Rhodes Ave & 32nd St,41.837,-87.614,member,2
start,Public Rack - Harper Ave & 63rd St,41.781,-87.588,member,2
start,Public Rack - Central Ave & George St,41.933,-87.766,member,2
start,Public Rack - Laporte Ave & Armitage Ave,41.917,-87.75,member,2
start,Public Rack - Keeler Ave & 26th St,41.844,-87.73,member,1
start,Public Rack - California Ave & Devon Ave - NW,41.998,-87.7,member,10
start,Public Rack - Western Ave & 92nd Pl,41.725,-87.682,member,2
start,Public Rack - Western Ave & 111th St - SE,41.692,-87.681,member,1
start,Broadway & Ridge Ave,41.968,-87.676,member,1
start,Loomis St & Lexington St,41.872,-87.662,member,16
start,Public Rack - Racine Ave & 74th St,41.759,-87.654,member,2
start,Milwaukee Ave & Grand Ave,41.891,-87.649,member,1
start,Michigan Ave & Lake St,41.887,-87.624,member,8
start,Fairbanks St & Superior St,41.896,-87.621,member,6
start,Public Rack - Ewing Ave & 99th St,41.716,-87.535,member,5
start,Public Rack - Touhy Ave & Oconto Ave,42.012,-87.808,member,6
start,Public Rack - Montrose Ave & Lavergne Ave,41.961,-87.752,member,3
start,Lavergne Ave & 46th St,41.809,-87.748,member,1
start,Kildare Ave & Chicago Ave,41.895,-87.734,member,4
start,Public Rack - St Louis Ave & Flournoy St,41.873,-87.713,member,3
start,Southport Ave & Diversey Pkwy,41.933,-87.664,member,7
start,Grace/Sheffield Corral,41.951,-87.654,member,10
start,Franklin St & Madison St,41.882,-87.636,member,4
start,Wells St & Madison St,41.882,-87.635,member,4
start,Public Rack - Dearborn St & Jackson Ave,41.878,-87.63,member,5
start,Public Rack - Brooks Park,42.004,-87.807,member,1
start,Public Rack - Mobile Ave & Archer Ave,41.793,-87.78,member,1
start,Public Rack - Kostner & Peterson,41.99,-87.738,member,4
start,Public Rack - Western Ave & 96th St,41.718,-87.682,member,1
start,Public Rack - Oakley & 79th Pl,41.749,-87.68,member,1
start,Public Rack - Wells St & Ontario St,41.894,-87.634,member,1
start,Wentworth Ave & 111th St,41.693,-87.628,member,6
start,Mies van der Rohe Way & Chestnut St,41.9,-87.622,member,1
start,Front Ave & 115th St,41.686,-87.613,member,1
start,Public Rack - Imlay & Milwaukee,41.999,-87.79,member,4
start,Knox Ave & Montrose Ave,41.961,-87.746,member,1
start,Public Rack - Eli Whitney Public School,41.84,-87.725,member,3
start,Dodge Ave & Church St,42.048,-87.699,member,2
start,Western Ave & 28th St,41.841,-87.685,member,1
start,Wells St & Elm St,41.911,-87.651,member,1
start,Carpenter St & 63rd St,41.78,-87.651,member,5
start,Lincoln Ave & Montana St,41.926,-87.651,member,1
start,Public Rack - Clark St & Diversey Pkwy (North 2),41.934,-87.645,member,2
start,Desplaines St & Randolph St,41.883,-87.645,member,2
start,Shields Ave & 31st St,41.839,-87.635,member,1
start,Dearborn St & Adams St 2,41.879,-87.628,member,1
start,Wabash Ave & Wacker Pl,41.887,-87.627,member,2
start,St. Clair St & Erie St,41.894,-87.624,member,2
start,State St & 123rd St,41.671,-87.623,member,1
start,Public Rack - Oglesby Ave & 105th St,41.705,-87.566,member,1
start,Public Rack - Leader & Caldwell,41.991,-87.754,member,1
start,Hamlin Ave & 62nd Pl,41.78,-87.718,member,6
start,Public Rack - Kedzie Ave & Arthington St,41.87,-87.706,member,2
start,Public Rack - Western & 83rd,41.744,-87.683,member,1
start,Rush St & Superior St,41.895,-87.627,member,1
start,Public Rack - Lake Park Ave & 44th St,41.815,-87.598,member,1
start,Public Rack - Torrence Ave & 103rd St,41.708,-87.56,member,1
start,Burley Ave & 91st St,41.73,-87.546,member,1
start,Public Rack - Ashland Ave & 91st St,41.728,-87.663,member,1
start,Kingsbury St & Kinzie St 1,41.889,-87.653,member,1
start,Dearborn St & Maple St,41.902,-87.629,member,1
start,Dearborn St & Erie St,41.894,-87.627,member,1
start,Public Rack - Panama Ave & Forest Preserve Ave,41.943,-87.829,member,1
start,Public Rack - Nagle Ave & Belmont Ave,41.938,-87.787,member,2
start,Public Rack - Parkside & Elston,41.985,-87.77,member,4
start,Public Rack - Lorel Ave & Grand Ave,41.918,-87.76,member,3
start,Lavergne Ave & Archer Ave,41.798,-87.748,member,1
start,Public Rack - Rockwell & 111th St,41.691,-87.686,member,2
start,Public Rack - 63rd & Western Ave N,41.779,-87.684,member,1
start,Bosworth Ave & Howard St,42.02,-87.669,member,1
start,Sheridan Rd & Greenleaf Ave,42.011,-87.663,member,1
start,Mies van der Rohe Way & Chestnut St,41.899,-87.625,member,1
start,Public Rack - Laramie Ave & Fullerton Ave,41.924,-87.757,member,2
start,Kilbourn Ave & Roscoe St,41.943,-87.739,member,1
start,"Public Rack - Senka ""Edward Duke"" Park",41.791,-87.711,member,1
start,Public Rack - Webster Ave & Halsted St,41.922,-87.649,member,2
start,Public Rack - Vincennes Ave & 91st St,41.728,-87.649,member,1
start,Clark St & Armitage Ave,41.918,-87.637,member,1
start,Public Rack - Jeffery Blvd & 81st St,41.749,-87.576,member,1
start,Public Rack - Exchange Ave & 131st St,41.657,-87.553,member,1
start,Public Rack - Natoma Ave & Bryn Mawr Ave,41.983,-87.791,member,1
start,Public Rack - Harvey Ave & North Ave,41.909,-87.782,member,1
start,Public Rack - Loomis St & 87th St,41.735,-87.658,member,1
start,Public Rack - Orleans St & Grand Ave,41.892,-87.636,member,2
start,Fairbanks Ct & Grand Ave,41.893,-87.62,member,1
start,Field Blvd & South Water St,41.886,-87.616,member,1
start,Woodlawn Ave & 58th St,41.79,-87.597,member,1
start,Public Rack - Houston Ave & 91st St,41.73,-87.549,member,2
start,Public Rack - Ewing Ave & 112th St,41.692,-87.535,member,1
start,Public Rack - Cicero Ave & Wellington Ave,41.936,-87.747,member,1
start,Public Rack - Cicero Ave & North Ave,41.91,-87.746,member,1
start,Southport Ave & Wrightwood Ave,41.861,-87.659,member,1
start,Public Rack - Kingsbury Ave & Blackhawk St,41.908,-87.651,member,3
start,Public Rack - Milwaukee Ave & Higgins Ave,41.968,-87.761,member,1
start,Pulaski Rd & Lake St,41.885,-87.727,member,1
start,Chicago Ave & Washington St,42.046,-87.679,member,1
start,Emerald Ave & 28th St,41.844,-87.646,member,2
start,Fairbanks Ct & Grand Ave,41.893,-87.621,member,1
start,Columbus Dr & Randolph St,41.765,-87.573,member,1
start,S Michigan Ave & E 118th St,41.68,-87.621,member,1
start,Public Rack - Western Ave & 107th Pl,41.698,-87.681,member,1
start,Public Rack - Avenue J & 106th St,41.703,-87.534,member,2
start,Stony Island Ave & 71st St,41.767,-87.586,member,1
start,Wabash Ave & Grand Ave,41.884,-87.636,member,1
start,Public Rack - Sangamon St & Fulton St,41.887,-87.652,member,1
start,Kildare Ave & Division St,41.903,-87.734,member,1
start,Public Rack - Central Ave & Congress Pkwy,41.874,-87.765,member,1
start,Public Rack - Delphina & Foster,41.974,-87.841,member,23
start,Cumberland Ave & Catherine Ave,41.977,-87.837,member,54
start,Public Rack - Canfield & Victoria,41.985,-87.823,member,2
start,Public Rack - Ottowa Ave & Touhy Ave,42.011,-87.818,member,4
start,Public Rack - Northwest Hwy & Neva Ave,41.996,-87.805,member,11
start,North Ave & New England Ave,41.909,-87.797,member,24
start,Public Rack - Nashotah & Northwest Hwy,41.988,-87.791,member,30
start,Public Rack - Natoma Ave & Bryn Mawr Ave,41.983,-87.79,member,3
start,Public Rack - Nagel & Higgins,41.976,-87.788,member,40
start,Narragansett Ave & Montrose Ave,41.96,-87.787,member,149
start,Public Rack - Mulligan & Northwest Hwy,41.985,-87.787,member,3
start,Public Rack - Melvina & Foster,41.976,-87.783,member,6
start,Melvina Ave & Giddings Ave,41.966,-87.782,member,208
start,Meade Ave & Fullerton Ave,41.925,-87.778,member,63
start,Public Rack - Austin Ave & Roscoe St,41.942,-87.776,member,3
start,Mason Ave & Montrose Ave,41.961,-87.776,member,165
start,Menard Ave & Milwaukee Ave,41.981,-87.773,member,42
start,Monitor Ave & Division St,41.902,-87.772,member,20
start,Mango Ave & Diversey Ave,41.931,-87.77,member,16
start,Mango Ave & North Ave,41.91,-87.769,member,20
start,Central & Elston,41.986,-87.768,member,73
start,Central Ave & Parker Ave,41.93,-87.766,member,146
start,Public Rack - Milwaukee Ave & Kennedy Expy,41.971,-87.764,member,31
start,Long Ave & Belmont Ave,41.938,-87.762,member,48
start,Public Rack - Hiawatha Ave & Minnehaha Ave,42.0,-87.76,member,8
start,Lockwood Ave & Wrightwood Ave,41.928,-87.759,member,373
start,Laramie Ave & Irving Park Rd,41.953,-87.758,member,105
start,Public Rack - Laramine Ave & Winnemac Ave,41.972,-87.758,member,7
start,Laramie Ave & Addison St,41.946,-87.757,member,54
start,Latrobe Ave & Chicago Ave,41.895,-87.757,member,34
start,Le Mai Ave & Devon Ave,41.997,-87.757,member,66
start,Public Rack - Peterson Park,41.979,-87.756,member,74
start,Milwaukee Ave & Agatite Ave,41.962,-87.755,member,263
start,Leamington Ave & Hirsch St,41.906,-87.755,member,11
start,Public Rack - Irving Park Rd & Leclaire Ave,41.953,-87.755,member,46
start,Leclaire Ave & Belmont Ave,41.939,-87.754,member,86
start,Lamon Ave & Armitage Ave,41.917,-87.749,member,67
start,Lamon Ave & Chicago Ave,41.895,-87.749,member,4
start,Public Rack - Cicero Ave & Cortland St - midblock,41.916,-87.746,member,7
start,Kilpatrick Ave & Parker Ave,41.931,-87.744,member,172
start,Kilpatrick Ave & Grand Ave,41.913,-87.744,member,266
start,Public Rack - Kenton & Lawrence,41.968,-87.743,member,14
start,Kilbourn Ave & Milwaukee Ave,41.947,-87.74,member,78
start,Kenneth Ave & Lawrence Ave,41.968,-87.74,member,492
start,Public Rack - Kenneth & Carmen,41.973,-87.739,member,39
start,Knox Ave & Marquette Ave,41.771,-87.738,member,15
start,Public Rack - Kostner Ave & Armitage Ave,41.917,-87.736,member,25
start,Public Rack - Milwaukee Ave & Addison St,41.947,-87.736,member,16
start,Kildare Ave & Montrose Ave,41.961,-87.736,member,349
start,Kostner Ave & Lake St,41.886,-87.735,member,25
start,Kildare Ave & North Ave,41.91,-87.734,member,207
start,Kenosha Ave & Wellington Ave,41.934,-87.734,member,248
start,Kildare Ave & Division St,41.902,-87.734,member,206
start,Keeler Ave & Carmen Ave,41.974,-87.733,member,199
start,Public Rack - 4810 Keeler Ave,41.969,-87.733,member,6
start,Public Rack - Jonathan Y Scammon Public School,41.942,-87.733,member,91
start,Avondale Ave & Irving Park Rd,41.953,-87.732,member,1935
start,STAFF & VISITORS @ West Chicago Warehouse,41.895,-87.731,member,2
start,Kildare Ave & 55th St,41.793,-87.731,member,9
start,Tripp Ave & 31st St,41.837,-87.731,member,24
start,Public Rack - Keystone Ave & Irving Park Rd,41.953,-87.73,member,78
start,Karlov Ave & Armitage Ave,41.917,-87.729,member,675
start,Keystone Ave & Fullerton Ave,41.925,-87.728,member,874
start,Pulaski Rd & Lake St,41.885,-87.726,member,60
start,Pulaski Rd & 51st St,41.8,-87.725,member,295
start,Avers Ave & Belmont Ave,41.939,-87.724,member,1732
start,Harding Ave & 31st St,41.837,-87.723,member,19
start,Public Rack - Pulaski Rd & 44th St,41.813,-87.722,member,107
start,Public Rack - Penn Elementary School / KIPP Ascend Middle School,41.859,-87.722,member,29
start,Pulaski Rd & 84th St,41.74,-87.722,member,30
start,Public Rack - Milwaukee Ave & Haussen Ct,41.938,-87.722,member,205
start,Springfield Ave & 47th St,41.808,-87.721,member,41
start,Avers Ave & 16th St,41.859,-87.721,member,58
start,Public Rack - Jensen Park,41.965,-87.721,member,165
start,Monticello Ave & Irving Park Rd,41.954,-87.719,member,1466
start,Central Park Ave & Ardmore Ave,41.987,-87.719,member,326
start,Public Rack - Central Park & Peterson,41.99,-87.719,member,45
start,Monticello Ave & Diversey Ave,41.932,-87.718,member,174
start,Public Rack - Monticello Ave & Belmont Ave,41.939,-87.718,member,148
start,Public Rack - Peterson Ave & Drake Ave,41.99,-87.717,member,34
start,St. Louis Ave & Balmoral Ave,41.98,-87.716,member,901
start,Drake Ave & Armitage Ave,41.918,-87.715,member,18
start,St. Louis Ave & Fullerton Ave,41.925,-87.715,member,38
start,Milwaukee Ave & Wolfram St,41.933,-87.714,member,254
start,Public Rack - Christiana Ave & Lawrence Ave,41.969,-87.713,member,9
start,Public Rack - Milwaukee Ave & Diversey Ave,41.931,-87.712,member,187
start,Homan Ave & Fillmore St,41.868,-87.711,member,96
start,Spaulding Ave & Armitage Ave,41.917,-87.71,member,2876
start,Public Rack - Spaulding Ave & North Ave,41.91,-87.71,member,1418
start,Public Rack - Sawyer Ave & Bryn Mawr Ave - SE,41.983,-87.71,member,41
start,Public Rack - Kedzie Ave & Argyle St,41.972,-87.709,member,213
start,Kedzie Ave & Chicago Ave,41.895,-87.706,member,530
start,Kedzie Ave & 21st St,41.854,-87.705,member,400
start,Public Rack - Sacramento Ave & Devon Ave,41.998,-87.705,member,16
start,Kedzie Ave & 48th Pl,41.805,-87.704,member,281
start,Kedzie Ave & 52nd St,41.799,-87.703,member,25
start,Public Rack - Kedzie Ave & 64th St - SW,41.777,-87.703,member,18
start,Kedzie Ave & 60th St,41.785,-87.703,member,123
start,Albany Ave & 16th St,41.859,-87.703,member,77
start,Sacramento Blvd & Addison St,41.946,-87.703,member,455
start,Sacramento Blvd & Fulton Ave,41.887,-87.702,member,269
start,Albany Ave & 26th St,41.845,-87.702,member,115
start,Whipple St & Roosevelt Rd,41.867,-87.701,member,15
start,Richmond St & Diversey Ave,41.932,-87.701,member,1676
start,Elston Ave & Henderson St,41.941,-87.701,member,417
start,Elston Ave & Henderson St,41.942,-87.701,member,106
start,Manor Ave & Leland Ave,41.966,-87.701,member,1073
start,Milwaukee Ave & Fullerton Ave,41.925,-87.701,member,2406
start,Sacramento Blvd & Polk St,41.871,-87.7,member,13
start,Public Rack - Whipple St & 63rd St,41.779,-87.7,member,29
start,Valli Produce - Evanston Plaza,42.04,-87.699,member,433
start,California Ave & Francis Pl,41.918,-87.697,member,2726
start,California Ave & Division St,41.903,-87.697,member,2243
start,California Ave & Cortez St,41.9,-87.697,member,3460
start,Francisco Ave & 47th St,41.808,-87.697,member,66
start,Washtenaw Ave & Lawrence Ave,41.969,-87.696,member,2033
start,California Ave & Madison St,41.881,-87.696,member,107
start,California Ave & Montrose Ave,41.961,-87.695,member,2147
start,Public Rack - Rockwell Ave & Touhy Ave,42.012,-87.695,member,16
start,California Ave & 41st St,41.819,-87.694,member,92
start,Rockwell St & Eastwood Ave,41.966,-87.694,member,2341
start,California Ave & 71st St,41.765,-87.693,member,94
start,Milwaukee Ave & Rockwell St,41.92,-87.693,member,2375
start,Rockwell Ave & Logan Blvd,41.928,-87.693,member,613
start,Rockwell St & Division St,41.903,-87.692,member,720
start,Campbell Ave & Montrose Ave,41.962,-87.691,member,2566
start,Western Ave & Lunt Ave,42.009,-87.69,member,1110
start,Campbell Ave & Augusta Blvd,41.9,-87.69,member,4504
start,Campbell Ave & North Ave,41.91,-87.69,member,3479
start,Western Ave & Gunnison St,41.97,-87.69,member,4400
start,Rockwell St & Archer Ave,41.823,-87.69,member,264
start,Public Rack - Western Ave & Devon Ave,41.997,-87.69,member,6
start,Campbell Ave & Fullerton Ave,41.925,-87.689,member,1206
start,Warren Park West,42.002,-87.689,member,778
start,Oakley Ave & Touhy Ave,42.012,-87.688,member,345
start,Western Ave & Roscoe St,41.943,-87.687,member,1925
start,Western Ave & Winnebago Ave,41.916,-87.687,member,4793
start,Campbell Ave & 51st St,41.801,-87.687,member,16
start,Western Ave & Walton St,41.898,-87.687,member,3407
start,Western Ave & Walton St,41.898,-87.686,member,19
start,Western Ave & Fillmore St,41.869,-87.686,member,1627
start,Benson Ave & Church St,42.048,-87.684,member,55
start,Western Ave & 81st St,41.746,-87.683,member,21
start,Leavitt St & Armitage Ave,41.918,-87.683,member,121
start,Leavitt St & North Ave,41.91,-87.682,member,4894
start,Leavitt St & Hirsch St,41.907,-87.682,member,789
start,Leavitt St & Augusta Blvd,41.9,-87.682,member,1397
start,Lincoln Ave & Belle Plaine Ave,41.956,-87.68,member,3324
start,Dan Ryan Woods & 83rd St,41.743,-87.68,member,42
start,Damen Ave & Foster Ave,41.976,-87.68,member,3546
start,Damen Ave & Foster Ave,41.976,-87.679,member,102
start,Damen Ave & Foster Ave,41.975,-87.679,member,8
start,Public Rack - Hoyne Ave & Grand Ave,41.891,-87.679,member,29
start,Hoyne Ave & 34th St,41.832,-87.678,member,168
start,Damen Ave & Thomas St (Augusta Blvd),41.901,-87.677,member,4906
start,Lincoln Ave & Byron St,41.952,-87.677,member,3069
start,Damen Ave & Chicago Ave,41.896,-87.677,member,7726
start,Damen Ave & Pershing Rd,41.823,-87.677,member,111
start,Winchester Ave & Elston Ave,41.924,-87.676,member,1801
start,Damen Ave & 33rd St,41.834,-87.676,member,41
start,Peterson/Ridge Metra,41.992,-87.675,member,2741
start,Wood St & Taylor St (Temp),41.869,-87.674,member,4601
start,Wolcott Ave & Polk St,41.871,-87.674,member,6498
start,Paulina St & Howard St,42.019,-87.674,member,1275
start,Paulina St & Howard St,42.019,-87.673,member,2
start,Lincoln Ave & Addison St,41.946,-87.673,member,2545
start,Wood St & Beach Ave,41.908,-87.672,member,30
start,Wood St & Milwaukee Ave,41.907,-87.672,member,3
start,Wood St & Chicago Ave,41.896,-87.672,member,5443
start,Paulina St & Montrose Ave,41.962,-87.672,member,18
start,Ashland Ave & Belle Plaine Ave,41.955,-87.671,member,314
start,Paulina St & Division St,41.904,-87.671,member,53
start,Paulina St & Division St,41.904,-87.67,member,6530
start,Hermitage Ave & Polk St,41.871,-87.67,member,16
start,Clark St & Elmdale Ave,41.991,-87.67,member,1785
start,Marshfield Ave & Diversey Pkwy,41.932,-87.67,member,640
start,Lincoln Ave & Melrose St,41.941,-87.67,member,129
start,Lincoln Ave & Melrose St,41.941,-87.669,member,7154
start,Marshfield Ave & Wabansia Ave,41.912,-87.669,member,486
start,Ashland Ave & Division St,41.903,-87.669,member,4213
start,Ashland Ave & Wrightwood Ave,41.929,-87.669,member,3809
start,Ashland Ave & Augusta Blvd,41.9,-87.669,member,29
start,Ashland Ave & Augusta Blvd,41.9,-87.668,member,4908
start,Walsh Park,41.914,-87.668,member,32
start,Prospect Sq & 91st St,41.728,-87.668,member,40
start,Elston Ave & Cortland St,41.916,-87.667,member,7917
start,Elston Ave & Cortland St,41.917,-87.667,member,12
start,Ashland Ave & 13th St,41.865,-87.667,member,2363
start,Marshfield Ave & 44th St,41.814,-87.666,member,46
start,Greenview Ave & Fullerton Ave,41.925,-87.666,member,5186
start,Greenview Ave & Fullerton Ave,41.926,-87.666,member,3
start,Ashland Ave & Archer Ave,41.839,-87.666,member,551
start,Glenwood Ave & Morse Ave,42.008,-87.665,member,79
start,Ashland Ave & 63rd St,41.779,-87.665,member,38
start,Ashland Ave & 50th St,41.803,-87.665,member,102
start,Public Rack - Clybourn Ave & Webster Ave,41.922,-87.664,member,68
start,Ashland Ave & Garfield Blvd,41.793,-87.664,member,25
start,Elston Ave & Wabansia Ave,41.913,-87.664,member,1798
start,Southport Ave & Roscoe St,41.944,-87.664,member,11353
start,Public Rack - Ashland Ave & 63rd St,41.779,-87.664,member,4
start,Southport Ave & Wrightwood Ave,41.929,-87.664,member,5817
start,Ashland Ave & 74th St,41.759,-87.663,member,25
start,Southport Ave & Diversey Pkwy,41.933,-87.663,member,974
start,Public Rack - Justine St & 87th St,41.736,-87.662,member,131
start,Blue Island Ave & 18th St,41.857,-87.662,member,65
start,Sheridan Rd & Loyola Ave,42.001,-87.661,member,2597
start,Broadway & Granville Ave,41.995,-87.66,member,4683
start,Public Rack - Racine Ave & Nelson St,41.937,-87.659,member,165
start,Waveland/Racine Corral,41.949,-87.659,member,813
start,Racine Ave & Fullerton Ave,41.926,-87.659,member,39
start,Winthrop Ave & Bryn Mawr Ave,41.984,-87.658,member,94
start,Loomis St & 95th St,41.721,-87.658,member,17
start,Public Rack - Clifton Ave & Webster Ave,41.922,-87.657,member,17
start,Racine Ave & Washington Blvd,41.883,-87.657,member,3609
start,Racine Ave & 13th St,41.865,-87.657,member,844
start,Racine Ave & 15th St,41.861,-87.656,member,46
start,Kenmore Ave & School St,41.942,-87.656,member,147
start,May St & Taylor St,41.869,-87.655,member,3919
start,Sheridan Rd & Buena Ave,41.958,-87.655,member,6698
start,Aberdeen St & Jackson Blvd,41.878,-87.655,member,10047
start,Clark St & Newport St,41.945,-87.655,member,9189
start,Sheridan Rd & Lawrence Ave,41.969,-87.655,member,126
start,Aberdeen St & Carroll Ave,41.888,-87.655,member,5632
start,Sheridan Rd & Buena Ave,41.958,-87.654,member,15
start,Sheffield/Newport Corral,41.945,-87.654,member,1420
start,May St & Taylor St,41.87,-87.654,member,473
start,W Armitage Ave & N Sheffield Ave,41.918,-87.653,member,2593
start,Bissell St & Armitage Ave*,41.918,-87.652,member,7443
start,Public Rack - Kingsbury Ave & Blackhawk St,41.908,-87.652,member,116
start,Public Rack - Morgan St & Madison St,41.882,-87.652,member,33
start,Broadway & Cuyler Ave,41.956,-87.651,member,10
start,Morgan St & 31st St,41.838,-87.651,member,2306
start,Public Rack - Sangamon St & Fulton St,41.887,-87.651,member,44
start,Morgan St & Pershing Rd,41.824,-87.651,member,78
start,Clark St & Fletcher St,41.939,-87.65,member,1343
start,900 W Harrison St,41.875,-87.65,member,5662
start,Halsted St & Wrightwood Ave,41.929,-87.649,member,8953
start,Halsted St & Belden St,41.924,-87.649,member,2268
start,Green St & Chicago Ave,41.896,-87.649,member,569
start,Halsted St & Armitage Ave,41.918,-87.649,member,3364
start,Green St & Washington Blvd,41.883,-87.649,member,4366
start,Broadway & Waveland Ave,41.949,-87.648,member,14
start,Green St & Randolph St*,41.884,-87.648,member,52
start,Milwaukee Ave & Grand Ave,41.892,-87.648,member,8853
start,Fulton Market,41.887,-87.648,member,10422
start,Halsted St & Clybourn Ave,41.91,-87.648,member,12382
start,Clark St & Wellington Ave,41.936,-87.648,member,8066
start,Halsted St & Fulton St,41.887,-87.647,member,2011
start,Burling St & Armitage Ave,41.918,-87.647,member,491
start,Halsted St & Lake St,41.886,-87.647,member,1591
start,Halsted St & Archer Ave,41.847,-87.647,member,1563
start,Broadway & Cornelia Ave,41.946,-87.647,member,114
start,Broadway & Cornelia Ave,41.946,-87.646,member,12944
start,Broadway & Belmont Ave,41.94,-87.646,member,162
start,Public Rack - Emerald Ave & 45th St,41.812,-87.645,member,19
start,Desplaines St & Kinzie St,41.889,-87.644,member,15659
start,Desplaines St & Randolph St,41.883,-87.644,member,10
start,Clark St & Drummond Pl,41.931,-87.644,member,9969
start,Halsted St & 73rd St,41.762,-87.644,member,19
start,Halsted St & 78th St,41.752,-87.644,member,36
start,Larrabee St & North Ave,41.91,-87.643,member,189
start,Larrabee St & Division St,41.904,-87.643,member,235
start,Larrabee St & Clybourn Ave,41.907,-87.643,member,1521
start,Larrabee St & Oak St,41.9,-87.643,member,2028
start,Larrabee St & Kingsbury St 2,41.897,-87.643,member,77
start,Halsted St & 111th St,41.692,-87.643,member,3
start,Clinton St & Madison St,41.882,-87.642,member,106
start,Pine Grove Ave & Wellington Ave,41.937,-87.642,member,67
start,Clinton St & Washington Blvd,41.883,-87.641,member,40882
start,Pine Grove Ave & Wellington Ave,41.936,-87.641,member,7
start,Wallace St & Pershing Rd,41.823,-87.641,member,118
start,Clinton St & 18th St,41.858,-87.641,member,2324
start,Clinton St & Tilden St,41.876,-87.641,member,4874
start,Clybourn Ave & Division St,41.905,-87.641,member,4352
start,Canal St & Adams St,41.88,-87.64,member,28387
start,Inner Lake Shore Dr & Aldine Ave,41.942,-87.64,member,451
start,Canal St & Harrison St,41.874,-87.64,member,2087
start,Public Rack - Orleans St & Ontario St,41.893,-87.639,member,28
start,Stockton Dr & Wrightwood Ave,41.931,-87.639,member,8072
start,Wacker Dr & Washington St,41.883,-87.637,member,8734
start,Wacker Dr & Randolph St,41.884,-87.637,member,60
start,Wacker Dr & Randolph St,41.885,-87.637,member,3001
start,Public Rack - Orleans St & Grand Ave,41.892,-87.637,member,34
start,DuSable Lake Shore Dr & Diversey Pkwy,41.932,-87.637,member,10
start,Public Rack - Wacker Dr & Madison St (East),41.882,-87.637,member,31
start,DuSable Lake Shore Dr & Diversey Pkwy,41.933,-87.637,member,11
start,Clark St & Armitage Ave,41.918,-87.636,member,15082
start,Lincoln Park Conservatory,41.924,-87.636,member,5941
start,Franklin St & Illinois St,41.891,-87.636,member,320
start,Franklin St & Chicago Ave,41.897,-87.636,member,9156
start,Franklin St & Adams St,41.879,-87.636,member,7530
start,Franklin St & Jackson Blvd,41.878,-87.635,member,10461
start,Franklin St & Randolph St,41.884,-87.635,member,100
start,Wells St & Elm St,41.903,-87.635,member,841
start,Shields Ave & 43rd St,41.816,-87.635,member,58
start,Public Rack - Wells St & North Ave,41.911,-87.635,member,103
start,Wells St & Hubbard St,41.89,-87.635,member,31
start,Wells St & Huron St,41.895,-87.634,member,17592
start,Wells St & Concord Ln,41.912,-87.634,member,2
start,Clark St & Lincoln Ave,41.916,-87.634,member,2
start,Wells St & Walton St,41.9,-87.634,member,9828
start,Public Rack - Wells St & Grand Ave,41.891,-87.634,member,20
start,Wells St & Washington St,41.883,-87.634,member,2647
start,Wells St & 19th St,41.857,-87.634,member,591
start,LaSalle St & Calhoun Pl,41.883,-87.633,member,5593
start,Princeton Ave & Garfield Blvd,41.795,-87.633,member,187
start,LaSalle St & Adams St,41.88,-87.633,member,2
start,Delano Ct & Roosevelt Rd,41.867,-87.632,member,3974
start,LaSalle St & Illinois St,41.891,-87.632,member,12662
start,Clark St & North Ave,41.912,-87.632,member,6241
start,LaSalle St & Adams St,41.88,-87.632,member,97
start,Ping Tom Park (East),41.858,-87.632,member,291
start,Wentworth Ave & Cermak Rd*,41.853,-87.632,member,3035
start,LaSalle St & Illinois St,41.89,-87.632,member,4
start,Clark St & Schiller St,41.908,-87.632,member,10214
start,Clark St & Schiller St,41.908,-87.631,member,218
start,Clark St & 9th St (AMLI),41.87,-87.631,member,1
start,Clark St & Ida B Wells Dr,41.876,-87.631,member,6034
start,Dearborn St & Monroe St,41.881,-87.629,member,55
start,Dearborn St & Adams St 2,41.879,-87.629,member,19
start,State St & Chicago Ave,41.896,-87.629,member,117
start,State St & Randolph St,41.885,-87.628,member,7690
start,State St & Van Buren St,41.877,-87.628,member,4622
start,State St & Randolph St,41.884,-87.628,member,50
start,State St & Kinzie St,41.889,-87.628,member,36
start,State St & 19th St,41.857,-87.628,member,1779
start,Wabash Ave & Washington St,41.883,-87.627,member,4391
start,Wabash Ave & Cermak Rd,41.853,-87.627,member,41
start,Public Rack - Wabash Ave & Chicago Ave,41.897,-87.626,member,26
start,Rush St & Hubbard St,41.89,-87.626,member,6326
start,Wabash Ave & 9th St,41.871,-87.626,member,8270
start,Michigan Ave & Lake St,41.886,-87.625,member,167
start,Michigan Ave & Lake St,41.887,-87.625,member,2
start,Michigan Ave & 11th St,41.869,-87.624,member,21
start,Wabash Ave & 59th St,41.787,-87.624,member,4
start,Public Rack - Michigan Ave & Wacker Dr (North),41.889,-87.624,member,35
start,Michigan Ave & Oak St,41.901,-87.624,member,13256
start,Michigan Ave & Pearson St,41.898,-87.623,member,132
start,Indiana Ave & 26th St,41.846,-87.622,member,1597
start,Cityfront Plaza Dr & Pioneer Ct,41.89,-87.622,member,322
start,Cityfront Plaza Dr & Pioneer Ct,41.891,-87.622,member,7402
start,Museum Campus Metra Station,41.869,-87.622,member,241
start,Michigan Ave & 105th St,41.703,-87.62,member,39
start,McCormick Place,41.852,-87.619,member,19
start,New St & Illinois St,41.891,-87.618,member,39
start,New St & Illinois St,41.89,-87.618,member,6
start,McClurg Ct & Erie St,41.894,-87.618,member,405
start,Calumet Ave & 51st St,41.802,-87.618,member,302
start,Eberhart Ave & 61st St,41.784,-87.614,member,122
start,Burnham Harbor,41.858,-87.614,member,21
start,Martin Luther King Dr & 111th St,41.693,-87.614,member,41
start,Navy Pier,41.892,-87.612,member,15615
start,Fort Dearborn Dr & 31st St*,41.839,-87.609,member,1673
start,Fort Dearborn Dr & 31st St,41.839,-87.608,member,542
start,Dauphin Ave & 103rd St,41.707,-87.608,member,40
start,Cottage Grove Ave & 43rd St,41.816,-87.607,member,360
start,Drexel Ave & 60th St,41.786,-87.605,member,3301
start,Ellis Ave & 55th St,41.794,-87.602,member,3
start,Ellis Ave & 60th St,41.793,-87.601,member,1
start,Dauphin Ave & 87th St,41.736,-87.601,member,36
start,Ellis Ave & 83rd St,41.744,-87.599,member,33
start,University Ave & 65th St,41.777,-87.598,member,304
start,Public Rack - Woodlawn Ave & 63rd St S,41.78,-87.596,member,4
start,Kenwood Ave & 57th St,41.792,-87.593,member,1641
start,Dorchester Ave & 63rd St,41.78,-87.591,member,428
start,Blackstone Ave & 59th St,41.788,-87.591,member,196
start,Stony Island Ave & 75th St,41.759,-87.587,member,148
start,Stony Island Ave & 63rd St,41.781,-87.587,member,350
start,Lake Park Ave & 53rd St,41.799,-87.587,member,9
start,Public Rack - Harold Washington Park,41.801,-87.585,member,98
start,Public Rack - Hyde Park Blvd & 55th St,41.795,-87.584,member,247
start,East End Ave & 87th St,41.737,-87.583,member,16
start,Constance Ave & 95th St,41.722,-87.579,member,36
start,Bennett Ave & 79th St,41.752,-87.578,member,10
start,Public Rack - Lake Shore Dr & Hayes Dr,41.781,-87.575,member,2
start,Yates Blvd & 75th St,41.759,-87.566,member,78
start,Yates Blvd & 93rd St,41.726,-87.566,member,26
start,Oglesby Ave & 100th St,41.713,-87.566,member,87
start,Public Rack - Torrence Ave & 98th St,41.717,-87.56,member,6
start,South Shore Dr & 74th St,41.762,-87.559,member,227
start,Marquette Ave & 89th St,41.734,-87.558,member,9
start,Commercial Ave & 83rd St,41.745,-87.551,member,70
start,Houston Ave & 92nd St,41.728,-87.55,member,62
start,Rainbow Beach,41.758,-87.549,member,63
start,Burley Ave & 91st St,41.731,-87.546,member,27
start,Burley Ave & 85th St,41.741,-87.545,member,29
start,Front Ave & 115th St,41.686,-87.612,member,14
start,Michigan Ave & 113th St,41.689,-87.621,member,7
start,Lawndale Ave & 111th St,41.691,-87.713,member,21
start,Public Rack - Oglesby Ave & 95th St,41.722,-87.566,member,7
start,Public Rack - Cottage Grove Ave & 92nd St,41.727,-87.605,member,3
start,Public Rack - Commercial Ave & 89th St,41.734,-87.551,member,6
start,Wood St & 84th St,41.741,-87.668,member,10
start,Scottsdale Park,41.742,-87.736,member,18
start,South Chicago Ave & Elliot Ave,41.747,-87.58,member,3
start,Pulaski Rd & 68th St,41.769,-87.723,member,20
start,Public Rack - Marquette Rd & 67th St,41.773,-87.613,member,18
start,Public Rack - 63rd Pl & Narraganssett Ave,41.777,-87.782,member,3
start,Public Rack - Lawndale Ave & 63rd St,41.779,-87.714,member,2
start,Damen Ave & 59th St,41.786,-87.674,member,30
start,Komensky Ave & 55th St,41.793,-87.724,member,6
start,Public Rack - Talman Ave & 51st St,41.801,-87.691,member,4
start,Damen Ave & 51st St,41.801,-87.675,member,21
start,St Louis Ave & 51st St,41.801,-87.711,member,10
start,Elizabeth St & 47th St,41.808,-87.657,member,46
start,Kildare Ave & 26th St,41.845,-87.733,member,3
start,Canal St & Harrison St,41.874,-87.639,member,1
start,Central Park Blvd & 5th Ave,41.876,-87.716,member,1
start,Franklin St & Jackson Blvd,41.877,-87.635,member,25
start,Cicero Ave & Quincy St,41.878,-87.745,member,16
start,Kostner Ave & Adams St,41.878,-87.736,member,21
start,Franklin St & Monroe St,41.88,-87.634,member,5
start,Dearborn St & Madison St,41.882,-87.629,member,5
start,Green St & Lake St,41.885,-87.648,member,2
start,N Green St & W Lake St,41.885,-87.649,member,3
start,Public Rack - Kedzie Ave & Walnut St,41.886,-87.706,member,8
start,Canal St & Lake St,41.886,-87.641,member,7
start,Wood St & Hubbard St,41.889,-87.672,member,15
start,Public Rack - Oakley Blvd & Grand Ave,41.891,-87.684,member,17
start,LaSalle St & Illinois St,41.891,-87.631,member,7
start,Public Rack - Maplewood Ave & Chicago Ave,41.892,-87.692,member,23
start,Latrobe Ave & Chicago Ave,41.895,-87.754,member,9
start,Kildare Ave & Chicago Ave,41.895,-87.733,member,72
start,Public Rack - Sawyer Ave & Chicago Ave,41.895,-87.708,member,2
start,Public Rack - Dearborn St & Superior St,41.896,-87.63,member,36
start,Michigan Ave & Pearson St,41.897,-87.623,member,22
start,Public Rack - Spaulding Ave & Evergreen Ave,41.906,-87.709,member,6
start,Ritchie Ct & Banks St,41.906,-87.626,member,8
start,Public Rack - Trebes Park,41.922,-87.658,member,4
start,Kosciuszko Park,41.93,-87.724,member,1
start,Public Rack - Oketo Ave & Belmont Ave,41.938,-87.812,member,2
start,Public Rack - Rutherford Ave & Belmont Ave,41.938,-87.794,member,6
start,Narragansett Ave & School St,41.94,-87.786,member,16
start,Southport Ave & Grace St,41.951,-87.664,member,2
start,Ashland Ave & Grace St,41.952,-87.669,member,3
start,Paulina St & Montrose Ave,41.961,-87.671,member,12
start,Damen Ave & Foster Ave,41.975,-87.68,member,2
start,Public Rack - Oak Park & Higgins,41.979,-87.796,member,9
start,Public Rack - Oketo & Talcott,41.989,-87.813,member,6
start,Western Ave & Granville Ave,41.994,-87.69,member,3
start,Edgebrook Metra,41.997,-87.765,member,6
start,Clark St & Columbia Ave,42.005,-87.672,member,1
start,Public Rack - Ozanam Ave & Devon Ave,41.997,-87.821,member,2
start,Public Rack - Newcastle Ave & Belden Ave,41.921,-87.797,member,3
start,Public Rack - Natoma Ave & 61st St,41.781,-87.788,member,23
start,Public Rack - Austin Branch Chicago Public Library,41.889,-87.766,member,1
start,Augusta Blvd & Laramie Ave,41.899,-87.755,member,20
start,Kilbourn Ave & Irving Park Rd,41.954,-87.74,member,1
start,Public Rack - Avers & Granville,41.994,-87.725,member,6
start,Public Rack - Richard Daley College,41.755,-87.724,member,4
start,Public Rack - Hamlin Ave & Chicago Ave,41.895,-87.722,member,7
start,N Shore Channel Trail & Argyle St,41.972,-87.702,member,1
start,Sacramento Blvd & Fulton Ave,41.886,-87.702,member,2
start,Lincoln Ave & Balmoral Ave,41.98,-87.693,member,1
start,Public Rack - Chase Ave & Touhy Ave - NW,42.014,-87.69,member,4
start,Damen Ave & Wabansia Ave,41.912,-87.678,member,6
start,Damen Ave & 81st St,41.747,-87.673,member,13
start,Ashland Ave & Wrightwood Ave,41.929,-87.668,member,10
start,Laflin St & 115th St,41.685,-87.66,member,13
start,Public Rack - Trader Joe's Clybourn Ave,41.914,-87.655,member,2
start,Elizabeth St & 92nd St,41.727,-87.654,member,9
start,N Carpenter St & W Lake St,41.886,-87.654,member,3
start,Aberdeen St & 103rd St,41.707,-87.65,member,6
start,Public Rack - Halsted St & 95th St - SE,41.721,-87.643,member,4
start,Wallace St & 28th St,41.843,-87.642,member,2
start,Orleans St & Merchandise Mart Plaza,41.889,-87.637,member,2
start,Lincoln Park Conservatory,41.921,-87.636,member,1
start,Public Rack - State St & 47th st,41.809,-87.627,member,2
start,Wabash Ave & 59th St,41.785,-87.624,member,5
start,Baltimore Ave & 133rd St,41.653,-87.547,member,3
start,Public Rack - Ave L & 105th St,41.704,-87.537,member,1
start,Public Rack - Overhill Ave & Touhy Ave,42.011,-87.819,member,2
start,Public Rack - Higgins Ave & Neva Ave,41.981,-87.806,member,2
start,Public Rack - Melvina Ave & Belmont Ave,41.938,-87.781,member,5
start,Public Rack - Menard Ave & Belmont Ave,41.938,-87.771,member,2
start,Public Rack - Kenton Ave & Palmer St,41.921,-87.742,member,9
start,Public Rack - Kedvale Ave & Avondale Ave,41.953,-87.731,member,5
start,Kedzie Ave & 38th Pl,41.824,-87.704,member,15
start,Ogden Ave & Roosevelt Rd,41.866,-87.684,member,2
start,Public Rack - Walden Pkwy & 99th St,41.714,-87.668,member,1
start,Loomis St & Archer Ave,41.842,-87.658,member,1
start,Aberdeen St & Carroll Ave,41.888,-87.654,member,1
start,Public Rack - Lowe Park,41.799,-87.642,member,1
start,Public Rack - Princeton Ave & 43rd St,41.816,-87.634,member,1
start,Clark St & Chicago Ave,41.896,-87.631,member,1
start,Federal St & Polk St,41.872,-87.629,member,8
start,McClurg Ct & Erie St,41.895,-87.624,member,2
start,Michigan Ave & 14th St,41.864,-87.623,member,2
start,Public Rack - Langley Ave & 79th St,41.751,-87.607,member,2
start,Commercial Ave & 90th St,41.732,-87.551,member,2
start,Public Rack - Buffalo Ave & 133rd St,41.654,-87.544,member,1
start,Avenue O & 118th St,41.681,-87.538,member,3
start,Public Rack - N Narragansett Ave & Grand Ave,41.923,-87.785,member,3
start,Conservatory Dr & Lake St,41.885,-87.717,member,4
start,Public Rack - Albany Ave & 63rd St,41.779,-87.701,member,1
start,Ashland Ave & Grace St,41.952,-87.67,member,1
start,Throop St & 99th St,41.714,-87.655,member,5
start,DuSable Lake Shore Dr & Wellington Ave,41.936,-87.651,member,1
start,Kingsbury St & Erie St,41.894,-87.641,member,3
start,Dearborn St & Monroe St,41.881,-87.631,member,3
start,Wabash Ave & Grand Ave,41.892,-87.628,member,2
start,Stony Island Ave & 90th St,41.731,-87.586,member,13
start,Public Rack - Mackinaw Ave & 108th St,41.699,-87.543,member,2
start,Public Rack - Ewing Ave & 107th St,41.7,-87.535,member,3
start,Public Rack - Northwest Hwy & Overhill Ave,42.011,-87.813,member,1
start,Public Rack - N Sayre Ave & W Belden Ave,41.921,-87.801,member,2
start,Public Rack - Irving Park Rd & Austin Ave,41.953,-87.777,member,2
start,Public Rack - Austin & 62nd,41.78,-87.771,member,1
start,Public Rack - Linder Ave & 64th Pl,41.776,-87.758,member,4
start,Public Rack - Legler Regional Library,41.879,-87.726,member,1
start,Monticello Ave & Lawrence Ave,41.968,-87.718,member,5
start,Sawyer Ave & Fullerton Ave,41.925,-87.709,member,1
start,California Ave & Fletcher St,41.939,-87.698,member,2
start,Damen Ave & Thomas St (Augusta Blvd),41.902,-87.677,member,1
start,Waveland/Racine Corral,41.949,-87.66,member,3
start,Public Rack - Wacker Dr & Adams St,41.88,-87.637,member,2
start,Mies van der Rohe Way & Chicago Ave,41.893,-87.63,member,1
start,State St & Chicago Ave,41.897,-87.628,member,8
start,State St & 29th St,41.842,-87.626,member,10
start,Hegewisch Metra Station,41.649,-87.546,member,8
start,Public Rack - Nordica Ave & Higgins Ave,41.98,-87.802,member,3
start,Public Rack - S. Kilpatrick and W. 79th,41.749,-87.74,member,3
start,Public Rack - Independence Blvd & Roosevelt,41.866,-87.718,member,6
start,Carpenter St & Huron St,41.894,-87.654,member,3
start,LaSalle St & Adams St,41.88,-87.631,member,2
start,Avenue O & 134th St,41.652,-87.54,member,3
start,Public Rack - Pulaski Rd & 40th St,41.819,-87.724,member,1
start,Public Rack - St Louis Ave & Berteau Ave,41.958,-87.715,member,2
start,Clark St & Lunt Ave,42.009,-87.675,member,1
start,Emerald Ave & 28th St,41.843,-87.645,member,1
start,Sedgwick St & Huron St,41.895,-87.637,member,1
start,Ellis Ave & 53rd St,41.8,-87.601,member,4
start,Public Rack - Newcastle Ave & Belmont Ave,41.938,-87.796,member,3
start,Public Rack - 61st St & Melvina Ave,41.781,-87.777,member,1
start,Public Rack - Cicero & Rosemont,41.996,-87.749,member,2
start,Public Rack - Lemont Ave & Keating Ave,41.991,-87.747,member,1
start,Public Rack - Milwaukee Ave & Waveland Ave,41.948,-87.738,member,3
start,Public Rack - Sawyer Ave & Lawrence Ave,41.968,-87.71,member,3
start,Rockwell St & 47th St,41.808,-87.689,member,1
start,Public Rack - Ashland Ave & 83rd St,41.743,-87.664,member,1
start,Orleans St & Merchandise Mart Plaza,41.888,-87.638,member,3
start,Wells St & Concord Ln,41.913,-87.635,member,1
start,Prairie Ave & 43rd St,41.817,-87.62,member,1
start,McClurg Ct & Ohio St,41.893,-87.619,member,1
start,Public Rack - Prairie Ave & 78th St,41.752,-87.618,member,1
start,Field Blvd & South Water St,41.885,-87.618,member,1
start,Cottage Grove Ave & 43rd St,41.817,-87.607,member,1
start,Public Rack - Kildare Ave & 63rd St,41.778,-87.73,member,1
start,Public Rack - Roswell B. Mason Elementary School,41.856,-87.73,member,1
start,Rockwell St & Fletcher St,41.938,-87.693,member,1
start,May St & Taylor St,41.87,-87.655,member,1
start,Public Rack - Racine Ave & 83rd St,41.743,-87.654,member,1
start,Public Rack - Halsted St Metra Station,41.861,-87.646,member,1
start,Clinton St & Madison St,41.883,-87.643,member,2
start,Public Rack - Dearborn St & Kinzie St 2,41.89,-87.629,member,3
start,New St & Illinois St,41.892,-87.619,member,1
start,Ave L & 114th,41.688,-87.536,member,4
start,Public Rack - Parkside & Archer,41.796,-87.763,member,1
start,Public Rack - Forest Glen Station,41.979,-87.755,member,1
start,Public Rack - Kedzie Ave & Archer Ave,41.814,-87.705,member,1
start,Public Rack - May St & 63rd St,41.78,-87.653,member,1
start,Wabash Ave & Cermak Rd,41.852,-87.627,member,1
start,Rush St & Hubbard St,41.891,-87.625,member,1
start,Public Rack - Vincennes Ave & 77th St,41.757,-87.565,member,1
start,Public Rack - Ottowa Ave & Touhy Ave,42.012,-87.818,member,1
start,Public Rack - Hoyne Ave & 110th Pl,41.692,-87.674,member,1
start,Public Rack - Peoria St & 60th St,41.785,-87.647,member,1
start,Franklin St & Chicago Ave,41.896,-87.634,member,1
start,Kedzie Ave & Armitage Ave,41.917,-87.707,member,1
start,Halsted St & Roosevelt Rd,41.868,-87.649,member,6
start,Franklin St & Lake St,41.886,-87.637,member,3
start,Public Rack - Forrestville Ave & 47th St,41.809,-87.613,member,2
start,Public Rack - Hiawatha Park,41.944,-87.827,member,1
start,Public Rack - Austin Ave & Archer Ave,41.794,-87.772,member,1
start,Public Rack - S Menard & W 63rd,41.777,-87.767,member,1
start,Public Rack - Strohacker Park,41.795,-87.732,member,1
start,Public Rack - Pulaski Rd & 15th St,41.86,-87.725,member,2
start,Public Rack - Springfield & 79th,41.75,-87.721,member,2
start,Drake Ave & Montrose Ave,41.961,-87.716,member,2
start,Public Rack - Hamilton Ave & 95th St,41.721,-87.676,member,1
start,Kenwood Ave & 57th St,41.791,-87.593,member,2
start,Public Rack - Houston Ave & 130th St,41.659,-87.549,member,1
start,Public Rack - Mackinaw Ave & 106th St,41.703,-87.543,member,1
start,Public Rack - Linder Ave & Archer Ave,41.796,-87.76,member,1
start,Loomis St & 89th St,41.733,-87.658,member,1
start,Rush St & Hubbard St,41.89,-87.625,member,1
start,Lake Park Ave & 47th St,41.81,-87.592,member,1
start,Public Rack - Baltimore Ave & 132nd St,41.655,-87.547,member,1
start,Public Rack - Christiana Ave & 111th St,41.691,-87.705,member,1
start,Public Rack - Ashland Ave & 45th St,41.812,-87.665,member,1
start,Wood St & Taylor St (Temp),41.87,-87.674,member,1
start,Wells St & Hubbard St,41.889,-87.633,member,1
start,Public Rack - Karlov Ave & Milwaukee Ave,41.942,-87.73,member,1
start,Public Rack - Western Ave & 106th St - East,41.701,-87.681,member,1
start,Kingsbury St & Erie St,41.893,-87.641,member,1
start,Mies van der Rohe Way & Chestnut St,41.9,-87.623,member,1
end,Kimbark Ave & 53rd St,41.799,-87.595,member,9069
end,Public Rack - W. Talcott & N. Oriole,41.991,-87.817,member,1
end,Harlem Ave & Grace St,41.949,-87.807,member,38
end,Sheridan Rd & Irving Park Rd,41.954,-87.654,member,9941
end,California Ave & Milwaukee Ave,41.923,-87.697,member,6944
end,Narragansett Ave & McLean Ave,41.916,-87.785,member,36
end,Narragansett Ave & Wrightwood Ave,41.927,-87.785,member,139
end,Kedzie Ave & Palmer Ct,41.922,-87.707,member,2762
end,Humboldt Blvd & Armitage Ave,41.918,-87.702,member,2754
end,Harlem Ave & Irving Park Rd,41.953,-87.807,member,78
end,Public Rack - Lawndale Ave & Diversey Ave,41.932,-87.719,member,56
end,Public Rack - Minuteman Park,41.785,-87.763,member,31
end,Farragut Ave & Central Ave,41.977,-87.768,member,170
end,Milwaukee Ave & Highland Ave,41.996,-87.787,member,212
end,Edgebrook Metra,41.998,-87.765,member,290
end,Public Rack - Northwest Hwy & Bryn Mawr,41.983,-87.783,member,1
end,Lowell Ave & Armitage Ave,41.917,-87.735,member,191
end,Public Rack - Bryn Mawr Ave & Milwaukee Ave,41.983,-87.774,member,7
end,St Louis Ave & Foster Ave,41.976,-87.716,member,547
end,Public Rack - Hiawatha & Mendota,42.007,-87.778,member,20
end,Central Ave & Roscoe St,41.942,-87.767,member,48
end,Pine Ave & Division St,41.902,-87.764,member,88
end,Austin Blvd & Chicago Ave,41.895,-87.775,member,52
end,Marmora Ave & Irving Park Rd,41.953,-87.775,member,94
end,Clarendon Ave & Leland Ave,41.968,-87.65,member,4487
end,Central Park & Augusta Blvd,41.899,-87.716,member,391
end,Lockwood Ave & Grand Ave,41.918,-87.758,member,149
end,Bosworth Ave & Howard St,42.02,-87.67,member,1763
end,Cicero Ave & Wrightwood Ave,41.928,-87.747,member,274
end,Talman Ave & Addison St,41.947,-87.695,member,2510
end,Benson Ave & Church St,42.048,-87.683,member,3891
end,Knox Ave & Montrose Ave,41.961,-87.745,member,503
end,Clinton St & Jackson Blvd,41.878,-87.641,member,18183
end,Laramie Ave & Kinzie St,41.888,-87.756,member,51
end,Menard Ave & North Ave,41.91,-87.77,member,32
end,Parkside Ave & Armitage Ave,41.917,-87.767,member,25
end,Public Rack - Milwaukee Ave & School St,41.941,-87.726,member,26
end,Karlov Ave & Lawrence Ave,41.968,-87.73,member,321
end,Midway Orange Line,41.787,-87.739,member,253
end,Rockwell St & 57th St,41.79,-87.689,member,52
end,Kilbourn Ave & Belden Ave,41.922,-87.739,member,439
end,Kostner Ave & Devon Ave,41.997,-87.738,member,100
end,Damen Ave & Pierce Ave,41.909,-87.678,member,7486
end,Public Rack - Lockwood Ave & Diversey Ave,41.932,-87.759,member,28
end,Public Rack - Fullerton Ave & Narragansett Ave,41.924,-87.786,member,20
end,Southport Ave & Wellington Ave,41.936,-87.664,member,7352
end,Major Ave & Addison St,41.946,-87.772,member,29
end,Lincoln Ave & Waveland Ave,41.949,-87.675,member,3422
end,Lawler Ave & North Ave,41.909,-87.752,member,34
end,Public Rack - Imlay & Milwaukee,41.999,-87.79,member,5
end,Paulina Ave & North Ave,41.91,-87.67,member,11445
end,Spaulding Ave & Milwaukee Ave,41.931,-87.711,member,883
end,Central Park Ave & North Ave,41.91,-87.717,member,624
end,Public Rack - Keystone Ave & North Ave,41.91,-87.728,member,52
end,2112 W Peterson Ave,41.991,-87.684,member,579
end,Kilbourn Ave & Milwaukee Ave,41.949,-87.74,member,195
end,Sheffield Ave & Kingsbury St,41.911,-87.653,member,9411
end,Sheffield Ave & Webster Ave,41.922,-87.654,member,8601
end,Racine Ave & Broadway,41.968,-87.66,member,2271
end,Lakefront Trail & Bryn Mawr Ave,41.984,-87.652,member,6725
end,State St & Chicago Ave,41.897,-87.629,member,26013
end,Honore St & Division St,41.903,-87.674,member,6746
end,Central Park Ave & Bloomingdale Ave,41.914,-87.717,member,1597
end,Central Park Ave & Elbridge Ave,41.935,-87.717,member,1967
end,Sheffield Ave & Wellington Ave,41.936,-87.653,member,8610
end,Public Rack - Karlov Ave & Milwaukee Ave,41.943,-87.73,member,59
end,Sheridan Rd & Montrose Ave,41.962,-87.655,member,8480
end,Monticello Ave & Lawrence Ave,41.968,-87.72,member,209
end,Dearborn St & Erie St,41.894,-87.629,member,11210
end,Western Ave & Division St,41.903,-87.687,member,2633
end,Stave St & Armitage Ave,41.918,-87.691,member,2600
end,Kilbourn Ave & Diversey Ave,41.932,-87.739,member,220
end,Public Rack - Parkside & 63rd,41.778,-87.763,member,16
end,Hamlin Ave & 62nd Pl,41.78,-87.718,member,2
end,Kedzie Ave & Bryn Mawr Ave,41.982,-87.709,member,580
end,Milwaukee Ave & Diversey Ave,41.933,-87.712,member,176
end,Cicero Ave & Roscoe Ave,41.942,-87.747,member,194
end,Clark St & Montrose Ave,41.962,-87.666,member,4949
end,Southport Ave & Waveland Ave,41.948,-87.664,member,11747
end,Public Rack - Cicero Ave & Belle Plaine Ave,41.956,-87.748,member,46
end,Broadway & Ridge Ave,41.984,-87.66,member,3559
end,Chicago Ave & Washington St,42.033,-87.679,member,1815
end,Public Rack - Avondale Ave & Addison St,41.947,-87.72,member,33
end,Sheridan Rd & Columbia Ave,42.005,-87.661,member,2258
end,Komensky Ave & 31st St,41.837,-87.726,member,76
end,Sedgwick St & North Ave,41.911,-87.639,member,8232
end,Elston Ave & George St,41.934,-87.691,member,1031
end,Halsted St & Roscoe St,41.944,-87.649,member,9313
end,Western Ave & Berteau Ave,41.958,-87.688,member,1399
end,Public Rack - Kimball Ave & Lawrence Ave,41.968,-87.713,member,100
end,Public Rack - Avers & Lawrence,41.968,-87.724,member,33
end,Lincoln Ave & Balmoral Ave,41.979,-87.693,member,640
end,Central St & Girard Ave,42.064,-87.686,member,599
end,Ashland Ave & Chicago Ave,41.896,-87.668,member,5301
end,Troy St & Grace St,41.95,-87.706,member,459
end,Dayton St & North Ave,41.911,-87.649,member,8088
end,Damen Ave & Charleston St,41.92,-87.678,member,3778
end,DuSable Lake Shore Dr & Diversey Pkwy,41.933,-87.636,member,11250
end,Damen Ave & Cortland St,41.916,-87.677,member,6680
end,Eddy/Seminary Corral,41.946,-87.657,member,738
end,Public Rack - Springfield Ave & Lawrence Ave,41.968,-87.726,member,58
end,Kildare Ave & Archer Ave,41.8,-87.731,member,31
end,Archer Ave & 49th St,41.804,-87.721,member,47
end,Leavitt St & Lawrence Ave,41.969,-87.684,member,2445
end,Damen Ave & St Paul Ave,41.913,-87.678,member,1554
end,Sacramento Ave & Linden Pl,41.926,-87.703,member,671
end,Leavitt St & Belmont Ave,41.939,-87.683,member,3024
end,DuSable Lake Shore Dr & Belmont Ave,41.941,-87.639,member,9382
end,Lawndale Ave & 59th St,41.786,-87.716,member,55
end,Milwaukee Ave & Armitage Ave,41.918,-87.689,member,1840
end,Laflin St & Cullerton St,41.855,-87.664,member,1718
end,Elizabeth St & Fulton St,41.887,-87.66,member,3968
end,Kingsbury St & Kinzie St 2,41.889,-87.638,member,15038
end,State St & Kinzie St,41.889,-87.627,member,8571
end,McClurg Ct & Erie St,41.895,-87.618,member,9789
end,Dayton St & North Ave,41.91,-87.65,member,9834
end,California Ave & North Ave,41.91,-87.697,member,2222
end,Leavitt St & Addison St,41.947,-87.683,member,1664
end,Chicago Ave & Sheridan Rd,42.05,-87.678,member,3136
end,DuSable Lake Shore Dr & Monroe St,41.881,-87.617,member,9238
end,Clarendon Ave & Gordon Ter,41.958,-87.65,member,9896
end,Sheffield Ave & Willow St,41.914,-87.653,member,6595
end,Public Rack - Christiana & Lincoln,41.993,-87.713,member,25
end,Clinton St & Lake St,41.886,-87.642,member,14096
end,California Ave & Winona St,41.975,-87.698,member,289
end,W 103rd St & S Avers Ave,41.706,-87.717,member,15
end,Wood St & 35th St,41.83,-87.67,member,614
end,Ogden Ave & Chicago Ave,41.896,-87.654,member,7007
end,Dearborn Pkwy & Delaware Pl,41.899,-87.63,member,14388
end,Wood St & Cortland St,41.916,-87.673,member,890
end,Western Ave & Grace St,41.95,-87.688,member,1166
end,Ashland Ave & Grace St,41.951,-87.669,member,2833
end,Damen Ave & Sunnyside Ave,41.963,-87.679,member,2807
end,Halsted St & Polk St,41.872,-87.647,member,7109
end,Kedzie Ave & 57th St,41.79,-87.703,member,186
end,Kedzie Ave & Harrison St,41.874,-87.705,member,78
end,Central Park Blvd & 5th Ave,41.876,-87.715,member,257
end,Central St Metra,42.064,-87.699,member,636
end,Kimball Ave & Wrightwood Ave,41.928,-87.712,member,271
end,Lincoln Ave & Diversey Pkwy,41.932,-87.659,member,7238
end,Sacramento Ave & 25th St,41.847,-87.7,member,45
end,Orleans St & Chestnut St (NEXT Apts),41.898,-87.638,member,4808
end,California & 16th St,41.859,-87.696,member,207
end,Columbus Ave & 79th St,41.749,-87.704,member,8
end,Racine Ave & Wrightwood Ave,41.929,-87.659,member,4143
end,Public Rack - St Louis Ave & Berteau Ave,41.958,-87.716,member,43
end,Public Rack - Spaulding Ave & Bryn Mawr Ave,41.983,-87.711,member,46
end,Public Rack - Bryn Mawr Ave & Spaulding Ave,41.983,-87.712,member,56
end,Archer (Damen) Ave & 37th St,41.827,-87.683,member,239
end,Fairfield Ave & Pratt Blvd,42.004,-87.699,member,270
end,Glenwood Ave & Morse Ave,42.008,-87.666,member,3610
end,Clark St & Jarvis Ave,42.016,-87.675,member,953
end,Public Rack - Kedzie Ave & Arthington St,41.87,-87.706,member,3
end,The Salt Shed,41.907,-87.66,member,1640
end,Fairbanks Ct & Grand Ave,41.892,-87.621,member,8890
end,Paulina St & Cortland St,41.916,-87.67,member,1475
end,Damen Ave & Clybourn Ave,41.932,-87.679,member,928
end,Clark St & Lake St,41.886,-87.631,member,12922
end,Elizabeth St & Fulton St,41.887,-87.659,member,1197
end,N Paulina St & Lincoln Ave,41.944,-87.671,member,1518
end,Racine/Eddy Corral,41.946,-87.659,member,597
end,N Shore Channel Trail & Argyle St,41.972,-87.703,member,499
end,Wood St & Webster Ave,41.921,-87.673,member,2099
end,Washtenaw Ave & Peterson Ave,41.991,-87.697,member,160
end,Throop St & Taylor St,41.869,-87.659,member,3643
end,State St & 33rd St,41.835,-87.626,member,2758
end,Elmwood Ave & Austin St,42.026,-87.684,member,669
end,Greenview Ave & Jarvis Ave,42.016,-87.669,member,1971
end,Indiana Ave & Roosevelt Rd,41.868,-87.623,member,11084
end,Larrabee St & Armitage Ave,41.918,-87.644,member,4876
end,Peoria St & Kinzie St,41.889,-87.65,member,3538
end,Oakley Ave & Lyndale St,41.923,-87.685,member,749
end,Tripp Ave & 15th St,41.861,-87.731,member,92
end,Wood St & Walnut St,41.886,-87.672,member,325
end,Damen Ave & Evergreen Ave,41.906,-87.678,member,817
end,Halsted St & Maxwell St,41.865,-87.647,member,5329
end,Broadway & Roscoe Ave,41.944,-87.645,member,2526
end,Southport Ave & Grace St,41.952,-87.664,member,1185
end,Harding Ave & Division St,41.902,-87.725,member,50
end,Troy St & Jackson Blvd,41.878,-87.705,member,51
end,Artesian Ave & 55th St,41.794,-87.686,member,62
end,Western Ave & 24th St,41.848,-87.685,member,436
end,Ogden Ave & Roosevelt Rd,41.867,-87.685,member,1198
end,Michigan Ave & Lake St,41.886,-87.624,member,11122
end,Clark St & Washington St,41.883,-87.631,member,1032
end,Lamon Ave & 47th St,41.808,-87.746,member,16
end,Ellis Ave & 55th St,41.794,-87.601,member,13127
end,Wabash Ave & Roosevelt Rd,41.867,-87.626,member,12403
end,Hermitage Ave & Polk St,41.872,-87.67,member,4418
end,Kedzie Ave & Redfield Dr,41.765,-87.703,member,40
end,Public Rack - Racine Ave & Armitage Ave,41.918,-87.658,member,64
end,Western Ave & Congress Pkwy,41.875,-87.686,member,1075
end,Glenwood Ave & Touhy Ave,42.013,-87.666,member,1063
end,Vincennes Ave & 104th St,41.705,-87.657,member,17
end,Larrabee St & North Ave,41.91,-87.644,member,3915
end,Public Rack - Rockwell & 111th St,41.691,-87.686,member,2
end,Canal St & Monroe St,41.883,-87.64,member,7793
end,Clark St & Chicago Ave,41.897,-87.631,member,7761
end,McClurg Ct & Ohio St,41.893,-87.617,member,14003
end,Wabash Ave & Adams St,41.879,-87.626,member,5387
end,Green St & Chicago Ave,41.893,-87.651,member,1976
end,Grace/Sheffield Corral,41.951,-87.655,member,489
end,Eastlake Ter & Howard St,42.019,-87.664,member,914
end,Public Rack - California Ave & Devon Ave - NE,41.998,-87.699,member,16
end,Sheridan Rd & Noyes St (NU),42.058,-87.677,member,3818
end,Franklin St & Lake St,41.886,-87.636,member,9372
end,Union Ave & Root St,41.819,-87.643,member,114
end,Fairbanks St & Superior St,41.896,-87.62,member,4370
end,Springfield Ave & 71st St,41.764,-87.72,member,8
end,Public Rack - Kedzie Ave & 58th St,41.788,-87.704,member,7
end,Cannon Dr & Fullerton Ave,41.927,-87.634,member,1894
end,Shields Ave & 31st St,41.838,-87.635,member,2249
end,Clinton St & Polk St,41.871,-87.641,member,726
end,Jefferson St & Monroe St,41.88,-87.643,member,4230
end,California Ave & 29th St,41.84,-87.694,member,10
end,Kedzie Ave & Roosevelt Rd,41.866,-87.706,member,52
end,Walden Pkwy & 100th St,41.712,-87.668,member,63
end,Public Rack - California Ave & Devon Ave - NW,41.998,-87.7,member,7
end,Loomis St & Archer Ave,41.842,-87.657,member,515
end,Shedd Aquarium,41.867,-87.615,member,4587
end,Dearborn St & Erie St,41.893,-87.634,member,1501
end,Public Rack - William J Onahan Public School,41.994,-87.793,member,4
end,Dearborn St & Washington St,41.883,-87.629,member,1323
end,North Branch St & Haines St,41.901,-87.651,member,211
end,Shields Ave & 28th Pl,41.843,-87.635,member,1311
end,Wabash Ave & 16th St,41.86,-87.626,member,5285
end,Halsted St & Roosevelt Rd,41.867,-87.649,member,3715
end,Canal St & Lake St,41.886,-87.64,member,2501
end,Larrabee St & Oak St,41.9,-87.642,member,2904
end,Western Ave & 104th St,41.705,-87.681,member,21
end,Hoyne Ave & 47th St,41.808,-87.677,member,300
end,Adler Planetarium,41.866,-87.607,member,3878
end,Aberdeen St & Monroe St,41.88,-87.655,member,2724
end,Ashland Ave & 78th St,41.752,-87.664,member,12
end,Halsted St & Melrose St,41.941,-87.649,member,1685
end,Princeton Ave & 47th St,41.809,-87.633,member,226
end,Public Rack - Milwaukee Ave & Culyer Ave,41.955,-87.749,member,15
end,Public Rack - Leavitt St & Potomac Ave,41.905,-87.682,member,44
end,Lake Park Ave & 53rd St,41.799,-87.586,member,4493
end,Lake Park Ave & 56th St,41.792,-87.587,member,4619
end,Greenwood Ave & 47th St,41.81,-87.599,member,1198
end,Public Rack - Western Ave & Devon Ave,41.998,-87.69,member,134
end,Halsted St & 47th Pl,41.808,-87.646,member,106
end,Blackstone Ave & 53rd St,41.8,-87.59,member,5581
end,Archer Ave & 43rd St,41.815,-87.702,member,11
end,Parnell Ave & 31st St,41.838,-87.64,member,349
end,Archer Ave & Wentworth Ave,41.855,-87.631,member,1311
end,Public Rack - Bernard St & Foster Ave,41.976,-87.713,member,10
end,Public Rack - Western Ave & 105th St,41.703,-87.681,member,2
end,Damen Ave & 87th St,41.736,-87.673,member,31
end,Noble St & Potomac Ave,41.891,-87.664,member,10
end,Blackstone Ave & Hyde Park Blvd,41.803,-87.59,member,2772
end,Carpenter St & 63rd St,41.78,-87.651,member,3
end,Public Rack - Western Ave & 92nd Pl,41.726,-87.682,member,48
end,Public Rack - Carpenter St & Madison St,41.882,-87.654,member,49
end,Public Rack - Dearborn St & Kinzie St 1,41.889,-87.629,member,104
end,Sedgwick St & Chicago Ave,41.897,-87.639,member,1207
end,Public Rack - Emerald Ave & 43rd St,41.816,-87.645,member,171
end,Public Rack - Sheffield Ave & Dickens Ave,41.92,-87.654,member,19
end,Public Rack - Oak Park Ave & Foster Ave,41.975,-87.812,member,9
end,Racine Ave & 65th St,41.775,-87.654,member,28
end,Vincennes Ave & 107th St,41.699,-87.659,member,16
end,Hamlin Ave & Grand Ave,41.904,-87.722,member,37
end,State St & 95th St,41.722,-87.623,member,75
end,Public Rack - Laramie Ave & Fullerton Ave,41.924,-87.757,member,4
end,Public Rack - Michigan Ave & Delaware Pl,41.899,-87.624,member,44
end,Public Rack - Ogden Ave & Monroe St,41.88,-87.668,member,16
end,Prairie Ave & 43rd St,41.817,-87.619,member,390
end,Doty Ave & 111th St,41.695,-87.599,member,14
end,Vernon Ave & 75th St,41.758,-87.614,member,247
end,Summit Ave & 86th St,41.738,-87.645,member,18
end,Woodlawn Ave & 58th St,41.789,-87.596,member,6271
end,Public Rack - Kenmore Ave & Armitage Ave,41.918,-87.655,member,24
end,Griffin Museum of Science and Industry,41.792,-87.584,member,2460
end,Blackstone Ave & 59th St,41.788,-87.59,member,6925
end,Phillips Ave & 79th St,41.752,-87.565,member,63
end,Racine Ave & 61st St,41.783,-87.654,member,8
end,Public Rack - Lowe Park,41.8,-87.641,member,12
end,MLK Jr Dr & 56th St,41.793,-87.616,member,80
end,Cottage Grove Ave & 51st St,41.803,-87.607,member,532
end,Public Rack - Clark St & Oak St,41.901,-87.631,member,35
end,Princeton Ave & 95th St,41.722,-87.631,member,8
end,Wentworth Ave & 92nd St,41.727,-87.629,member,52
end,Cottage Grove Ave & 71st St,41.766,-87.605,member,23
end,Vernon Ave & 79th St,41.751,-87.614,member,66
end,Ellis Ave & 58th St,41.789,-87.601,member,6071
end,MLK Jr Dr & 83rd St,41.743,-87.615,member,141
end,Public Rack - St Clair St & Superior St,41.896,-87.623,member,10
end,Public Rack - Wabash Ave & Balbo Dr,41.873,-87.626,member,12
end,Vernon Ave & 107th St,41.7,-87.612,member,26
end,Public Rack - King Dr & 115th St,41.685,-87.613,member,12
end,Stony Island Ave & 67th St,41.773,-87.585,member,140
end,Public Rack - Greenwood Ave & Lake Park Ave,41.817,-87.6,member,31
end,Jeffery Blvd & 71st St,41.767,-87.576,member,309
end,Stony Island Ave & 64th St,41.779,-87.587,member,141
end,Clyde Ave & 87th St,41.737,-87.573,member,12
end,Shore Dr & 53rd St,41.799,-87.582,member,426
end,State St & 111th St,41.693,-87.623,member,9
end,Public Rack - Hyde Park Blvd & 53rd St,41.799,-87.584,member,158
end,Public Rack - Ewing Ave & Indianapolis Ave,41.712,-87.535,member,11
end,Phillips Ave & 83rd St,41.745,-87.565,member,51
end,Public Rack - Jeffery Blvd & 67th St,41.773,-87.577,member,9
end,Exchange Ave & 79th St,41.752,-87.552,member,82
end,Public Rack - Jeffrey Blvd & 71st St,41.766,-87.576,member,11
end,Public Rack - Loomis Blvd & 47th St,41.809,-87.66,member,18
end,Burnham Greenway & 112th St,41.692,-87.53,member,60
end,Halsted St & 104th St,41.705,-87.642,member,35
end,Greenwood Ave & 79th St,41.751,-87.598,member,15
end,Halsted St & 93rd St,41.725,-87.644,member,5
end,Halsted St & 83rd St,41.743,-87.644,member,18
end,Damen Ave & 77th St,41.754,-87.673,member,15
end,Stewart Ave & 63rd St,41.78,-87.635,member,18
end,Michigan Ave & 71st St,41.765,-87.622,member,29
end,Kedzie Ave & 54th Pl,41.794,-87.703,member,32
end,Public Rack - Laflin St &51st ST,41.801,-87.662,member,3
end,Kildare Ave & 26th St,41.844,-87.732,member,18
end,Public Rack - Lorel Ave & Grand Ave,41.918,-87.76,member,2
end,Public Rack - Rush St & Ontario St,41.893,-87.625,member,31
end,Public Rack - Central Ave & Congress Pkwy,41.874,-87.765,member,1
end,Public Rack - Kostner Ave & North Ave,41.909,-87.736,member,24
end,Public Rack - Clifton Ave & Armitage Ave,41.918,-87.656,member,19
end,Meade Ave & Diversey Ave,41.931,-87.778,member,23
end,Public Rack - Touhy Ave & Oconto Ave,42.012,-87.808,member,6
end,Public Rack - California Ave & Ogden Ave,41.861,-87.696,member,20
end,Public Rack - Nagle Ave & Belmont Ave,41.938,-87.787,member,9
end,Public Rack - Sayer & Northwest Hwy,41.994,-87.803,member,5
end,Public Rack - DuSable Lake Shore Dr & Ontario St,41.894,-87.616,member,13
end,Public Rack - Mont Clare Ave & Higgins Ave,41.981,-87.805,member,13
end,Public Rack - Karlov Ave & Kamerling Ave,41.906,-87.729,member,24
end,Public Rack - Parkside & Elston,41.985,-87.77,member,5
end,Public Rack - Pulaski & Rosemont,41.995,-87.729,member,23
end,Public Rack - Harlem & Palatine,41.996,-87.807,member,3
end,Public Rack - Central Ave & North Ave,41.909,-87.766,member,8
end,Public Rack - Legler Regional Library,41.879,-87.725,member,3
end,Public Rack - Lawndale Ave & 23rd St,41.85,-87.717,member,8
end,Public Rack - Eli Whitney Public School,41.84,-87.725,member,2
end,Rockwell St & 63rd St,41.779,-87.689,member,14
end,Sacramento Ave & 51st St,41.801,-87.699,member,14
end,Kildare & Cermak,41.851,-87.732,member,13
end,Public Rack - Paxton Ave & 79th St,41.752,-87.57,member,1
end,Public Rack - Ave N & 106th St,41.703,-87.539,member,2
end,Public Rack - McVicker Ave & Grand Ave,41.921,-87.777,member,5
end,Public Rack - St Louis Ave & Flournoy St,41.873,-87.713,member,3
end,Public Rack - Keeler Ave & 26th St,41.844,-87.73,member,1
end,Public Rack - Pulaski Rd & Fullerton Ave,41.925,-87.727,member,15
end,Public Rack - Kedzie Ave & 63rd St,41.779,-87.703,member,1
end,Albany Ave & Douglas Blvd,41.863,-87.703,member,29
end,Public Rack - Central Park & Bryn Mawr,41.983,-87.72,member,9
end,Public Rack - 63rd & Western Ave N,41.779,-87.684,member,1
end,Public Rack - 2302 S Pulaski Rd,41.849,-87.725,member,3
end,Public Rack - Norwood Park,41.987,-87.794,member,7
end,Public Rack - Torrence Ave & 103rd St,41.708,-87.56,member,2
end,Wentworth Ave & 111th St,41.693,-87.628,member,5
end,Manistee Ave & 95th St,41.723,-87.557,member,7
end,Public Rack - Avenue J & 112th St,41.692,-87.534,member,1
end,Public Rack - Austin Ave & Wrightwood Ave,41.928,-87.776,member,3
end,Lawndale Ave & 16th St,41.859,-87.718,member,6
end,Public Rack - Karlov Ave & 26th St,41.844,-87.727,member,1
end,Public Rack - Komensky Ave & 26th St,41.844,-87.726,member,1
end,Kedzie Ave & 110th St,41.692,-87.701,member,6
end,Public Rack - Western Ave & 107th Pl,41.698,-87.681,member,1
end,Mozart St & 79th St,41.75,-87.694,member,3
end,Ada St & 113th Place,41.688,-87.655,member,1
end,Public Rack - Harper Ave & 63rd St,41.781,-87.588,member,5
end,Public Rack - Lafayette Ave & 87th St - NW,41.736,-87.627,member,9
end,Public Rack - New England Ave & Irving Park Rd,41.799,-87.799,member,1
end,Lavergne Ave & 46th St,41.809,-87.748,member,1
end,Public Rack - Kedzie Ave & 62nd Pl,41.78,-87.703,member,1
end,Public Rack - Mt Greenwood Library N,41.693,-87.701,member,1
end,Public Rack - Spaulding Ave & Foster Ave,41.976,-87.71,member,8
end,Parnell Ave & 127th St,41.663,-87.634,member,3
end,Public Rack - Midway Orange Line,41.786,-87.738,member,1
end,Public Rack - Oglesby Ave & 105th St,41.705,-87.566,member,1
end,Lavergne Ave & Archer Ave,41.798,-87.748,member,1
end,Public Rack - Kostner & Peterson,41.99,-87.738,member,3
end,State St & 123rd St,41.671,-87.623,member,1
end,Public Rack - Oakley & 79th Pl,41.749,-87.68,member,1
end,Public Rack - Jeffery Blvd & 81st St,41.749,-87.576,member,1
end,Public Rack - Racine Ave & 74th St,41.759,-87.654,member,4
end,Torrence Ave & 126th Pl,41.666,-87.557,member,1
end,Public Rack - Brooks Park,42.004,-87.807,member,1
end,Public Rack - Laporte Ave & Armitage Ave,41.917,-87.75,member,2
end,Public Rack - Montrose Ave & Lavergne Ave,41.961,-87.752,member,3
end,Halsted St & 119th St,41.678,-87.642,member,5
end,Public Rack - Ashland Ave & 91st St,41.728,-87.663,member,1
end,Public Rack - Loomis St & 87th St,41.735,-87.658,member,1
end,Public Rack - Lowe Ave & 94th St,41.724,-87.639,member,1
end,Woodlawn & 103rd,41.707,-87.594,member,1
end,Public Rack - Cicero Ave & Le Moyne St - midblock,41.907,-87.746,member,2
end,Public Rack - Vincennes Ave & 91st St,41.728,-87.649,member,1
end,Clinton St & Jackson Blvd,41.879,-87.641,member,1
end,Public Rack - Central Ave & George St,41.933,-87.766,member,3
end,Public Rack - Nordica & Archer,41.792,-87.798,member,2
end,Public Rack - Western Ave & 111th St - SE,41.692,-87.681,member,1
end,Public Rack - Indiana Ave & 111th St,41.693,-87.618,member,1
end,McClurg Ct & Ohio St,41.892,-87.617,member,1
end,Public Rack - Stony Is Ave & 73rd St,41.762,-87.585,member,3
end,Public Rack - Eberhart Ave & 61st St,41.784,-87.613,member,3
end,Public Rack - Western & 83rd,41.744,-87.683,member,1
end,Public Rack - Halsted St & 94th St,41.723,-87.644,member,1
end,Public Rack - East End Ave & 75th St,41.759,-87.583,member,2
end,Public Rack - Marquette Ave & 79th St,41.752,-87.559,member,1
end,Public Rack - Burnside Academy,41.729,-87.608,member,1
end,Public Rack - Panama Ave & Forest Preserve Ave,41.943,-87.829,member,1
end,Public Rack - Wood St & 47th St,41.809,-87.67,member,1
end,Public Rack - Corliss Ave & 103rd St,41.708,-87.604,member,1
end,Public Rack - Stony Island & 95th St,41.722,-87.585,member,1
end,Public Rack - Exchange Ave & 131st St,41.657,-87.553,member,1
end,Public Rack - Haft Ave & Milwaukee Ave,41.996,-87.786,member,2
end,Public Rack - Michele Clark Magnet High School,41.873,-87.753,member,1
end,Public Rack - Menard Ave & Agusta Blvd,41.898,-87.771,member,2
end,"Public Rack - Senka ""Edward Duke"" Park",41.791,-87.711,member,1
end,Ashland Ave & Wrightwood Ave,41.929,-87.667,member,1
end,Public Rack - Houston Ave & 131st St,41.657,-87.549,member,2
end,Public Rack - Avenue O & 118th St,41.681,-87.54,member,1
end,Public Rack - Harvey Ave & North Ave,41.909,-87.782,member,1
end,Daley Center Plaza,41.884,-87.629,member,1
end,Public Rack - Overhill Ave & Touhy Ave,42.011,-87.819,member,7
end,Cumberland Ave & Catherine Ave,41.977,-87.837,member,56
end,Long Ave & Belmont Ave,41.938,-87.762,member,45
end,Public Rack - Delphina & Foster,41.974,-87.841,member,31
end,St. Louis Ave & Balmoral Ave,41.98,-87.716,member,854
end,Kostner Ave & Lake St,41.886,-87.735,member,24
end,Public Rack - Nagel & Higgins,41.976,-87.788,member,44
end,California Ave & Cortez St,41.9,-87.697,member,3550
end,Public Rack - Nashotah & Northwest Hwy,41.988,-87.791,member,84
end,Leclaire Ave & Belmont Ave,41.939,-87.754,member,65
end,Avers Ave & Belmont Ave,41.939,-87.724,member,1825
end,Greenview Ave & Fullerton Ave,41.925,-87.666,member,5594
end,Meade Ave & Fullerton Ave,41.925,-87.778,member,75
end,Central Ave & Parker Ave,41.93,-87.766,member,130
end,Public Rack - Irving Park Rd & Leclaire Ave,41.953,-87.755,member,66
end,Kenneth Ave & Lawrence Ave,41.968,-87.74,member,463
end,Melvina Ave & Giddings Ave,41.966,-87.782,member,229
end,Le Mai Ave & Devon Ave,41.997,-87.757,member,47
end,Menard Ave & Milwaukee Ave,41.981,-87.773,member,42
end,Public Rack - 61st St & Melvina Ave,41.781,-87.777,member,1
end,900 W Harrison St,41.875,-87.65,member,5377
end,Lincoln Ave & Byron St,41.952,-87.677,member,3129
end,Mason Ave & Montrose Ave,41.961,-87.776,member,185
end,Latrobe Ave & Chicago Ave,41.895,-87.757,member,32
end,Public Rack - Milwaukee Ave & Kennedy Expy,41.971,-87.764,member,44
end,Avondale Ave & Irving Park Rd,41.953,-87.732,member,1929
end,Monticello Ave & Irving Park Rd,41.954,-87.719,member,1547
end,Public Rack - Spaulding Ave & North Ave,41.91,-87.71,member,1522
end,Racine Ave & Washington Blvd,41.883,-87.657,member,3505
end,Lockwood Ave & Wrightwood Ave,41.928,-87.759,member,374
end,Mango Ave & Diversey Ave,41.931,-87.77,member,16
end,Keeler Ave & Carmen Ave,41.974,-87.733,member,220
end,Central & Elston,41.986,-87.768,member,68
end,Monitor Ave & Division St,41.902,-87.772,member,11
end,Public Rack - Natoma Ave & 61st St,41.781,-87.788,member,28
end,Milwaukee Ave & Fullerton Ave,41.925,-87.701,member,2419
end,Narragansett Ave & Montrose Ave,41.96,-87.787,member,145
end,Public Rack - Kenton & Lawrence,41.968,-87.743,member,10
end,Western Ave & Lunt Ave,42.009,-87.69,member,1291
end,Kilpatrick Ave & Grand Ave,41.913,-87.744,member,240
end,Kilbourn Ave & Milwaukee Ave,41.947,-87.74,member,102
end,Public Rack - Peterson Park,41.979,-87.756,member,95
end,Campbell Ave & North Ave,41.91,-87.69,member,3295
end,Washtenaw Ave & Lawrence Ave,41.969,-87.696,member,2165
end,Western Ave & Roscoe St,41.943,-87.687,member,2011
end,Lamon Ave & Armitage Ave,41.917,-87.749,member,57
end,Southport Ave & Roscoe St,41.944,-87.664,member,11870
end,Broadway & Cornelia Ave,41.946,-87.646,member,13700
end,Public Rack - Milwaukee Ave & Diversey Ave,41.931,-87.712,member,267
end,Spaulding Ave & Armitage Ave,41.917,-87.71,member,2975
end,California Ave & Francis Pl,41.918,-87.697,member,2647
end,Richmond St & Diversey Ave,41.932,-87.701,member,1678
end,California Ave & Madison St,41.881,-87.696,member,90
end,Kildare Ave & Division St,41.902,-87.734,member,169
end,Western Ave & Gunnison St,41.97,-87.69,member,4391
end,Kildare Ave & Montrose Ave,41.961,-87.736,member,348
end,Rockwell St & Eastwood Ave,41.966,-87.694,member,2539
end,Public Rack - Linder Ave & Archer Ave,41.796,-87.76,member,3
end,Public Rack - Milwaukee Ave & Addison St,41.947,-87.736,member,16
end,Keystone Ave & Fullerton Ave,41.925,-87.728,member,844
end,Kilpatrick Ave & Parker Ave,41.931,-87.744,member,144
end,Lincoln Ave & Melrose St,41.941,-87.669,member,7345
end,Lincoln Ave & Belle Plaine Ave,41.956,-87.68,member,3441
end,Milwaukee Ave & Agatite Ave,41.962,-87.755,member,289
end,Campbell Ave & Montrose Ave,41.962,-87.691,member,2696
end,Public Rack - Kenneth & Carmen,41.973,-87.739,member,54
end,Warren Park West,42.002,-87.689,member,892
end,Clark St & Newport St,41.945,-87.655,member,10333
end,Wolcott Ave & Polk St,41.871,-87.674,member,6573
end,Mango Ave & North Ave,41.91,-87.769,member,17
end,Albany Ave & 16th St,41.859,-87.703,member,62
end,Ashland Ave & Wrightwood Ave,41.929,-87.669,member,4080
end,Milwaukee Ave & Wolfram St,41.933,-87.714,member,234
end,Clark St & Fletcher St,41.939,-87.65,member,1349
end,Pulaski Rd & 51st St,41.8,-87.725,member,318
end,Campbell Ave & Augusta Blvd,41.9,-87.69,member,4458
end,Kildare Ave & North Ave,41.91,-87.734,member,231
end,Elston Ave & Cortland St,41.916,-87.667,member,7873
end,Campbell Ave & Fullerton Ave,41.925,-87.689,member,1295
end,Halsted St & Wrightwood Ave,41.929,-87.649,member,9304
end,Clark St & Drummond Pl,41.931,-87.644,member,10633
end,Kenosha Ave & Wellington Ave,41.934,-87.734,member,244
end,Clark St & Wellington Ave,41.936,-87.648,member,8830
end,Manor Ave & Leland Ave,41.966,-87.701,member,1129
end,Damen Ave & Foster Ave,41.976,-87.68,member,3635
end,Sheridan Rd & Loyola Ave,42.001,-87.661,member,2569
end,Damen Ave & Chicago Ave,41.896,-87.677,member,8120
end,Western Ave & Winnebago Ave,41.916,-87.687,member,4834
end,Milwaukee Ave & Grand Ave,41.892,-87.648,member,8487
end,Kildare Ave & Chicago Ave,41.895,-87.733,member,56
end,Karlov Ave & Armitage Ave,41.917,-87.729,member,684
end,Franklin St & Adams St,41.879,-87.636,member,7726
end,Paulina St & Division St,41.904,-87.67,member,7020
end,Winchester Ave & Elston Ave,41.924,-87.676,member,2113
end,Sacramento Blvd & Addison St,41.946,-87.703,member,451
end,California Ave & Montrose Ave,41.961,-87.695,member,2236
end,Central Park Ave & Ardmore Ave,41.987,-87.719,member,399
end,Western Ave & Fillmore St,41.869,-87.686,member,1710
end,Albany Ave & 26th St,41.845,-87.702,member,115
end,Wood St & Taylor St (Temp),41.869,-87.674,member,4279
end,Pulaski Rd & Lake St,41.885,-87.726,member,54
end,California Ave & Division St,41.903,-87.697,member,2282
end,Public Rack - Austin Ave & Roscoe St,41.942,-87.776,member,8
end,Public Rack - Sawyer Ave & Bryn Mawr Ave - SE,41.983,-87.71,member,36
end,Broadway & Granville Ave,41.995,-87.66,member,4762
end,Paulina St & Howard St,42.019,-87.674,member,1373
end,Public Rack - Keystone Ave & Irving Park Rd,41.953,-87.73,member,67
end,Kostner Ave & Adams St,41.878,-87.736,member,18
end,Public Rack - Pulaski Rd & 44th St,41.813,-87.722,member,112
end,Western Ave & Walton St,41.898,-87.687,member,3646
end,Green St & Washington Blvd,41.883,-87.649,member,4297
end,Ashland Ave & Augusta Blvd,41.9,-87.668,member,4838
end,California Ave & 71st St,41.765,-87.693,member,68
end,Fulton Market,41.887,-87.648,member,10112
end,Laramie Ave & Addison St,41.946,-87.757,member,37
end,Wentworth Ave & Cermak Rd*,41.853,-87.632,member,3056
end,Kedzie Ave & 21st St,41.854,-87.705,member,384
end,Tripp Ave & 31st St,41.837,-87.731,member,19
end,Wabash Ave & Washington St,41.883,-87.627,member,4264
end,Leavitt St & North Ave,41.91,-87.682,member,5003
end,Lincoln Park Conservatory,41.924,-87.636,member,6013
end,Clinton St & Washington Blvd,41.883,-87.641,member,41439
end,Kedzie Ave & Chicago Ave,41.895,-87.706,member,472
end,Aberdeen St & Carroll Ave,41.888,-87.655,member,5473
end,Wells St & Huron St,41.895,-87.634,member,17398
end,Ashland Ave & Division St,41.903,-87.669,member,4521
end,Milwaukee Ave & Rockwell St,41.92,-87.693,member,2364
end,Elston Ave & Wabansia Ave,41.913,-87.664,member,1774
end,Halsted St & Armitage Ave,41.918,-87.649,member,3333
end,Elston Ave & Henderson St,41.941,-87.701,member,449
end,Inner Lake Shore Dr & Aldine Ave,41.942,-87.64,member,448
end,Halsted St & Belden St,41.924,-87.649,member,2419
end,Public Rack - Milwaukee Ave & Haussen Ct,41.938,-87.722,member,226
end,Monticello Ave & Diversey Ave,41.932,-87.718,member,118
end,Lincoln Ave & Addison St,41.946,-87.673,member,2751
end,Laramie Ave & Irving Park Rd,41.953,-87.758,member,83
end,Leavitt St & Augusta Blvd,41.9,-87.682,member,1260
end,Halsted St & Clybourn Ave,41.91,-87.648,member,12477
end,Stockton Dr & Wrightwood Ave,41.931,-87.639,member,8455
end,Public Rack - Monticello Ave & Belmont Ave,41.939,-87.718,member,194
end,Larrabee St & Oak St,41.9,-87.643,member,2043
end,Rockwell St & Division St,41.903,-87.692,member,777
end,Burling St & Armitage Ave,41.918,-87.647,member,600
end,Franklin St & Chicago Ave,41.897,-87.636,member,8679
end,Wacker Dr & Washington St,41.883,-87.637,member,9087
end,Augusta Blvd & Laramie Ave,41.899,-87.755,member,7
end,Public Rack - Central Park & Peterson,41.99,-87.719,member,61
end,Rockwell St & Archer Ave,41.823,-87.69,member,275
end,South Shore Dr & 74th St,41.762,-87.559,member,214
end,Homan Ave & Fillmore St,41.868,-87.711,member,58
end,Public Rack - Peterson Ave & Drake Ave,41.99,-87.717,member,36
end,LaSalle St & Illinois St,41.891,-87.632,member,11865
end,Kedzie Ave & 38th Pl,41.824,-87.704,member,16
end,Clark St & Armitage Ave,41.918,-87.636,member,15408
end,Bissell St & Armitage Ave*,41.918,-87.652,member,7706
end,Pulaski Rd & 84th St,41.74,-87.722,member,28
end,Public Rack - Jensen Park,41.965,-87.721,member,198
end,Public Rack - Sacramento Ave & Devon Ave,41.998,-87.705,member,16
end,Peterson/Ridge Metra,41.992,-87.675,member,2847
end,Public Rack - Penn Elementary School / KIPP Ascend Middle School,41.859,-87.722,member,30
end,Franklin St & Jackson Blvd,41.878,-87.635,member,11169
end,State St & Randolph St,41.885,-87.628,member,7085
end,Public Rack - Justine St & 87th St,41.736,-87.662,member,160
end,Kedzie Ave & 48th Pl,41.805,-87.704,member,254
end,Canal St & Adams St,41.88,-87.64,member,26211
end,Public Rack - Kedzie Ave & Walnut St,41.886,-87.706,member,9
end,Desplaines St & Kinzie St,41.889,-87.644,member,14846
end,Wells St & Walton St,41.9,-87.634,member,9780
end,Damen Ave & Thomas St (Augusta Blvd),41.901,-87.677,member,5177
end,Clark St & North Ave,41.912,-87.632,member,5990
end,Rockwell Ave & Logan Blvd,41.928,-87.693,member,577
end,Southport Ave & Wrightwood Ave,41.929,-87.664,member,5924
end,Sheridan Rd & Buena Ave,41.958,-87.655,member,6609
end,Public Rack - Kedzie Ave & Argyle St,41.972,-87.709,member,210
end,Clark St & Elmdale Ave,41.991,-87.67,member,1905
end,Sacramento Blvd & Fulton Ave,41.887,-87.702,member,214
end,Rush St & Hubbard St,41.89,-87.626,member,5962
end,Navy Pier,41.892,-87.612,member,13823
end,Wood St & Chicago Ave,41.896,-87.672,member,5411
end,Valli Produce - Evanston Plaza,42.04,-87.699,member,392
end,California Ave & 41st St,41.819,-87.694,member,68
end,Halsted St & Lake St,41.886,-87.647,member,1572
end,Sheffield/Newport Corral,41.945,-87.654,member,1487
end,Public Rack - Laramine Ave & Winnemac Ave,41.972,-87.758,member,6
end,Ashland Ave & 74th St,41.759,-87.663,member,35
end,Clinton St & 18th St,41.858,-87.641,member,2252
end,Kedzie Ave & 60th St,41.785,-87.703,member,138
end,Leavitt St & Hirsch St,41.907,-87.682,member,735
end,State St & Van Buren St,41.877,-87.628,member,4373
end,Ashland Ave & 13th St,41.865,-87.667,member,2506
end,Kedzie Ave & 52nd St,41.799,-87.703,member,9
end,Public Rack - Whipple St & 63rd St,41.779,-87.7,member,36
end,Ashland Ave & 50th St,41.803,-87.665,member,95
end,Halsted St & Fulton St,41.887,-87.647,member,1917
end,Avers Ave & 16th St,41.859,-87.721,member,55
end,Marshfield Ave & Wabansia Ave,41.912,-87.669,member,414
end,LaSalle St & Calhoun Pl,41.883,-87.633,member,5702
end,Aberdeen St & Jackson Blvd,41.878,-87.655,member,9457
end,Francisco Ave & 47th St,41.808,-87.697,member,55
end,Southport Ave & Diversey Pkwy,41.933,-87.663,member,995
end,Oakley Ave & Touhy Ave,42.012,-87.688,member,336
end,Clark St & Schiller St,41.908,-87.632,member,9986
end,Clybourn Ave & Division St,41.905,-87.641,member,4163
end,Fort Dearborn Dr & 31st St*,41.839,-87.609,member,1539
end,Elston Ave & Henderson St,41.942,-87.701,member,88
end,Wells St & Washington St,41.883,-87.634,member,2868
end,Franklin St & Randolph St,41.884,-87.635,member,103
end,Canal St & Harrison St,41.874,-87.64,member,2240
end,Whipple St & Roosevelt Rd,41.867,-87.701,member,8
end,Wabash Ave & 9th St,41.871,-87.626,member,8099
end,Michigan Ave & Oak St,41.901,-87.624,member,12702
end,Clark St & Ida B Wells Dr,41.876,-87.631,member,5469
end,Waveland/Racine Corral,41.949,-87.659,member,932
end,Campbell Ave & 51st St,41.801,-87.687,member,9
end,Cityfront Plaza Dr & Pioneer Ct,41.891,-87.622,member,6848
end,Green St & Chicago Ave,41.896,-87.649,member,479
end,Ashland Ave & Belle Plaine Ave,41.955,-87.671,member,321
end,Public Rack - Cicero Ave & Cortland St - midblock,41.916,-87.746,member,8
end,Public Rack - Avers & Granville,41.994,-87.725,member,7
end,Larrabee St & Clybourn Ave,41.907,-87.643,member,1412
end,Marshfield Ave & Diversey Pkwy,41.932,-87.67,member,650
end,Public Rack - Kingsbury Ave & Blackhawk St,41.908,-87.652,member,112
end,May St & Taylor St,41.869,-87.655,member,3774
end,Halsted St & Archer Ave,41.847,-87.647,member,1467
end,Morgan St & Pershing Rd,41.824,-87.651,member,54
end,Hoyne Ave & 34th St,41.832,-87.678,member,197
end,Morgan St & 31st St,41.838,-87.651,member,2434
end,May St & Taylor St,41.87,-87.654,member,439
end,Kenmore Ave & School St,41.942,-87.656,member,157
end,Public Rack - Christiana Ave & Lawrence Ave,41.969,-87.713,member,10
end,Elizabeth St & 92nd St,41.727,-87.654,member,14
end,Prospect Sq & 91st St,41.728,-87.668,member,38
end,Marshfield Ave & 44th St,41.814,-87.666,member,55
end,Damen Ave & Pershing Rd,41.823,-87.677,member,100
end,Damen Ave & 51st St,41.801,-87.675,member,24
end,Delano Ct & Roosevelt Rd,41.867,-87.632,member,3674
end,Clinton St & Tilden St,41.876,-87.641,member,4448
end,Wacker Dr & Randolph St,41.885,-87.637,member,3447
end,Public Rack - Maplewood Ave & Chicago Ave,41.892,-87.692,member,15
end,W Armitage Ave & N Sheffield Ave,41.918,-87.653,member,2756
end,Winthrop Ave & Bryn Mawr Ave,41.984,-87.658,member,107
end,Komensky Ave & 55th St,41.793,-87.724,member,3
end,Public Rack - Hoyne Ave & Grand Ave,41.891,-87.679,member,27
end,Public Rack - Racine Ave & Nelson St,41.937,-87.659,member,181
end,Racine Ave & 13th St,41.865,-87.657,member,883
end,Ashland Ave & Archer Ave,41.839,-87.666,member,613
end,State St & 19th St,41.857,-87.628,member,1716
end,Ping Tom Park (East),41.858,-87.632,member,223
end,Dan Ryan Woods & 83rd St,41.743,-87.68,member,42
end,Eberhart Ave & 61st St,41.784,-87.614,member,111
end,Calumet Ave & 51st St,41.802,-87.618,member,286
end,Damen Ave & 59th St,41.786,-87.674,member,23
end,Public Rack - Emerald Ave & 45th St,41.812,-87.645,member,27
end,Wells St & 19th St,41.857,-87.634,member,729
end,Public Rack - Wells St & Grand Ave,41.891,-87.634,member,23
end,Public Rack - Clybourn Ave & Webster Ave,41.922,-87.664,member,73
end,Drexel Ave & 60th St,41.786,-87.605,member,3359
end,Indiana Ave & 26th St,41.846,-87.622,member,1606
end,Lawndale Ave & 111th St,41.691,-87.713,member,19
end,Public Rack - Ozanam Ave & Devon Ave,41.997,-87.821,member,3
end,Public Rack - Rockwell Ave & Touhy Ave,42.012,-87.695,member,15
end,Sacramento Blvd & Polk St,41.871,-87.7,member,13
end,Fort Dearborn Dr & 31st St,41.839,-87.608,member,540
end,Museum Campus Metra Station,41.869,-87.622,member,226
end,Public Rack - Hyde Park Blvd & 55th St,41.795,-87.584,member,288
end,Wallace St & Pershing Rd,41.823,-87.641,member,143
end,Dorchester Ave & 63rd St,41.78,-87.591,member,428
end,Public Rack - Wells St & North Ave,41.911,-87.635,member,98
end,Halsted St & 73rd St,41.762,-87.644,member,20
end,Michigan Ave & 105th St,41.703,-87.62,member,29
end,Public Rack - Halsted St & 95th St - SE,41.721,-87.643,member,4
end,Public Rack - Sangamon St & Fulton St,41.887,-87.651,member,42
end,Public Rack - Wabash Ave & Chicago Ave,41.897,-87.626,member,23
end,Public Rack - Eggleston Ave & 92nd St,41.726,-87.635,member,1
end,Public Rack - Wacker Dr & Madison St (East),41.882,-87.637,member,29
end,Public Rack - Michigan Ave & Wacker Dr (North),41.889,-87.624,member,30
end,Yates Blvd & 75th St,41.759,-87.566,member,67
end,Public Rack - Lake Shore Dr & Hayes Dr,41.781,-87.575,member,4
end,Public Rack - Orleans St & Grand Ave,41.892,-87.637,member,34
end,Halsted St & 78th St,41.752,-87.644,member,24
end,Shields Ave & 43rd St,41.816,-87.635,member,63
end,Kenwood Ave & 57th St,41.792,-87.593,member,1674
end,University Ave & 65th St,41.777,-87.598,member,325
end,Dauphin Ave & 87th St,41.736,-87.601,member,40
end,Princeton Ave & Garfield Blvd,41.795,-87.633,member,181
end,Cottage Grove Ave & 43rd St,41.816,-87.607,member,371
end,Commercial Ave & 83rd St,41.745,-87.551,member,85
end,Damen Ave & 33rd St,41.834,-87.676,member,25
end,Stony Island Ave & 63rd St,41.781,-87.587,member,347
end,Martin Luther King Dr & 111th St,41.693,-87.614,member,29
end,Public Rack - Marquette Rd & 67th St,41.773,-87.613,member,24
end,Dauphin Ave & 103rd St,41.707,-87.608,member,45
end,Oglesby Ave & 100th St,41.713,-87.566,member,86
end,Public Rack - Springfield & 79th,41.75,-87.721,member,6
end,Public Rack - Harold Washington Park,41.801,-87.585,member,127
end,East End Ave & 87th St,41.737,-87.583,member,15
end,Stony Island Ave & 75th St,41.759,-87.587,member,143
end,Constance Ave & 95th St,41.722,-87.579,member,32
end,Marquette Ave & 89th St,41.734,-87.558,member,9
end,Western Ave & 81st St,41.746,-87.683,member,16
end,Rainbow Beach,41.758,-87.549,member,72
end,Burley Ave & 91st St,41.731,-87.546,member,20
end,Houston Ave & 92nd St,41.728,-87.55,member,37
end,Hegewisch Metra Station,41.649,-87.546,member,7
end,Ave L & 114th,41.688,-87.536,member,6
end,Bennett Ave & 79th St,41.752,-87.578,member,9
end,Public Rack - Mackinaw Ave & 106th St,41.703,-87.543,member,1
end,Laflin St & 115th St,41.685,-87.66,member,9
end,Front Ave & 115th St,41.686,-87.612,member,23
end,Loomis St & 95th St,41.721,-87.658,member,24
end,Public Rack - Torrence Ave & 98th St,41.717,-87.56,member,6
end,Halsted St & 111th St,41.692,-87.643,member,8
end,Public Rack - Oglesby Ave & 95th St,41.722,-87.566,member,7
end,Yates Blvd & 93rd St,41.726,-87.566,member,22
end,Burley Ave & 85th St,41.741,-87.545,member,23
end,Pulaski Rd & 68th St,41.769,-87.723,member,22
end,Wood St & 84th St,41.741,-87.668,member,10
end,South Chicago Ave & Elliot Ave,41.747,-87.58,member,2
end,Public Rack - Kedzie Ave & 64th St - SW,41.777,-87.703,member,3
end,Public Rack - Langley Ave & 79th St,41.751,-87.607,member,1
end,Ashland Ave & 63rd St,41.779,-87.665,member,23
end,Public Rack - Richard Daley College,41.755,-87.724,member,3
end,Springfield Ave & 47th St,41.808,-87.721,member,20
end,St Louis Ave & 51st St,41.801,-87.711,member,8
end,Harding Ave & 31st St,41.837,-87.723,member,16
end,State St & 29th St,41.842,-87.626,member,6
end,Public Rack - Morgan St & Madison St,41.882,-87.652,member,33
end,Throop St & 99th St,41.714,-87.655,member,7
end,Public Rack - Dearborn St & Superior St,41.896,-87.63,member,35
end,Leamington Ave & Hirsch St,41.906,-87.755,member,12
end,Public Rack - Orleans St & Ontario St,41.893,-87.639,member,28
end,Public Rack - Clifton Ave & Webster Ave,41.922,-87.657,member,14
end,Public Rack - Hamlin Ave & Chicago Ave,41.895,-87.722,member,10
end,Public Rack - Kostner Ave & Armitage Ave,41.917,-87.736,member,6
end,Public Rack - Menard Ave & Belmont Ave,41.938,-87.771,member,4
end,Narragansett Ave & School St,41.94,-87.786,member,23
end,Public Rack - Kedvale Ave & Avondale Ave,41.953,-87.731,member,6
end,Public Rack - Nordica Ave & Higgins Ave,41.98,-87.802,member,3
end,Public Rack - Ottowa Ave & Touhy Ave,42.011,-87.818,member,9
end,Public Rack - Northwest Hwy & Neva Ave,41.996,-87.805,member,15
end,Public Rack - Natoma Ave & Bryn Mawr Ave,41.983,-87.79,member,4
end,Public Rack - 63rd Pl & Narraganssett Ave,41.777,-87.782,member,2
end,Public Rack - Hiawatha Ave & Minnehaha Ave,42.0,-87.76,member,10
end,Public Rack - Mulligan & Northwest Hwy,41.985,-87.787,member,10
end,Cicero Ave & Quincy St,41.878,-87.745,member,13
end,Public Rack - Racine Ave & 83rd St,41.743,-87.654,member,2
end,Scottsdale Park,41.742,-87.736,member,6
end,North Ave & New England Ave,41.909,-87.797,member,31
end,Public Rack - Independence Blvd & Roosevelt,41.866,-87.718,member,4
end,Public Rack - Trumbull Ave & 111th St,41.692,-87.707,member,1
end,Public Rack - S. Kilpatrick and W. 79th,41.749,-87.74,member,10
end,Knox Ave & Marquette Ave,41.771,-87.738,member,19
end,Public Rack - Hamilton Ave & 95th St,41.721,-87.676,member,2
end,Public Rack - Hoyne Ave & 110th Pl,41.692,-87.674,member,4
end,Public Rack - Oakley Blvd & Grand Ave,41.891,-87.684,member,19
end,Ashland Ave & Garfield Blvd,41.793,-87.664,member,9
end,Elizabeth St & 47th St,41.808,-87.657,member,28
end,Public Rack - Vincennes Ave & 77th St,41.757,-87.565,member,3
end,Wabash Ave & 59th St,41.787,-87.624,member,3
end,Ellis Ave & 83rd St,41.744,-87.599,member,31
end,Michigan Ave & 113th St,41.689,-87.621,member,5
end,Damen Ave & 81st St,41.747,-87.673,member,14
end,Stony Island Ave & 90th St,41.731,-87.586,member,9
end,Commercial Ave & 90th St,41.732,-87.551,member,2
end,Baltimore Ave & 133rd St,41.653,-87.547,member,3
end,Public Rack - Canfield & Victoria,41.985,-87.823,member,4
end,Public Rack - Higgins Ave & Neva Ave,41.981,-87.806,member,2
end,Public Rack - Rutherford Ave & Belmont Ave,41.938,-87.794,member,11
end,Public Rack - Melvina & Foster,41.976,-87.783,member,6
end,Aberdeen St & 103rd St,41.707,-87.65,member,7
end,STAFF & VISITORS @ West Chicago Warehouse,41.895,-87.731,member,2
end,Public Rack - Melvina Ave & Belmont Ave,41.938,-87.781,member,6
end,Kildare Ave & 26th St,41.845,-87.733,member,3
end,Kildare Ave & 55th St,41.793,-87.731,member,7
end,Public Rack - Western Ave & 106th St - East,41.701,-87.681,member,2
end,Broadway & Belmont Ave,41.94,-87.646,member,1
end,Public Rack - Prairie Ave & 78th St,41.752,-87.618,member,1
end,Public Rack - Baltimore Ave & 132nd St,41.655,-87.547,member,1
end,Public Rack - Northwest Hwy & Overhill Ave,42.011,-87.813,member,1
end,Public Rack - Oketo Ave & Belmont Ave,41.938,-87.812,member,2
end,Public Rack - Oketo & Talcott,41.989,-87.813,member,5
end,Public Rack - Parkside & Archer,41.796,-87.763,member,2
end,Public Rack - 4810 Keeler Ave,41.969,-87.733,member,8
end,Public Rack - Albany Ave & 63rd St,41.779,-87.701,member,1
end,Public Rack - Kedzie Ave & Archer Ave,41.814,-87.705,member,1
end,Public Rack - Commercial Ave & 89th St,41.734,-87.551,member,5
end,Public Rack - N Sayre Ave & W Belden Ave,41.921,-87.801,member,2
end,Public Rack - Linder Ave & 64th Pl,41.776,-87.758,member,4
end,Central Park Ave & 66th St,41.773,-87.713,member,4
end,Latrobe Ave & Chicago Ave,41.895,-87.754,member,4
end,Public Rack - Ashland Ave & 63rd St,41.779,-87.664,member,6
end,N Carpenter St & W Lake St,41.886,-87.654,member,1
end,Public Rack - State St & 47th st,41.809,-87.627,member,3
end,Public Rack - Newcastle Ave & Belmont Ave,41.938,-87.796,member,6
end,Public Rack - Pulaski Rd & 15th St,41.86,-87.725,member,2
end,Public Rack - N Narragansett Ave & Grand Ave,41.923,-87.785,member,4
end,Public Rack - Lemont Ave & Keating Ave,41.991,-87.747,member,2
end,Public Rack - Sawyer Ave & Chicago Ave,41.895,-87.708,member,1
end,Public Rack - Walden Pkwy & 99th St,41.714,-87.668,member,1
end,Public Rack - Cottage Grove Ave & 92nd St,41.727,-87.605,member,4
end,Avenue O & 134th St,41.652,-87.54,member,3
end,Avenue O & 118th St,41.681,-87.538,member,4
end,Public Rack - Strohacker Park,41.795,-87.732,member,1
end,Public Rack - Trebes Park,41.922,-87.658,member,7
end,Public Rack - Ashland Ave & 83rd St,41.743,-87.664,member,1
end,Public Rack - Cicero & Rosemont,41.996,-87.749,member,1
end,Public Rack - Hiawatha Park,41.944,-87.827,member,1
end,Public Rack - Newcastle Ave & Belden Ave,41.921,-87.797,member,1
end,Public Rack - Talman Ave & 51st St,41.801,-87.691,member,1
end,Public Rack - Chase Ave & Touhy Ave - NW,42.014,-87.69,member,1
end,Wabash Ave & 59th St,41.785,-87.624,member,3
end,Public Rack - S Menard & W 63rd,41.777,-87.767,member,2
end,Public Rack - Oak Park & Higgins,41.979,-87.796,member,3
end,Public Rack - Ewing Ave & 107th St,41.7,-87.535,member,1
end,Public Rack - Austin & 62nd,41.78,-87.771,member,1
end,Public Rack - Roswell B. Mason Elementary School,41.856,-87.73,member,1
end,Public Rack - Lawndale Ave & 63rd St,41.779,-87.714,member,1
end,Clark St & Arlington Pl,41.926,-87.641,member,1
end,Public Rack - Mackinaw Ave & 108th St,41.699,-87.543,member,1
end,Larrabee St & Division St,41.904,-87.643,member,1
end,Public Rack - Forrestville Ave & 47th St,41.809,-87.613,member,2
end,Public Rack - Irving Park Rd & Austin Ave,41.953,-87.777,member,2
end,Public Rack - Kenton Ave & Palmer St,41.921,-87.742,member,2
end,Public Rack - May St & 63rd St,41.78,-87.653,member,1
end,Public Rack - Buffalo Ave & 133rd St,41.654,-87.544,member,1
start,Orange Ave & Addison St,41.945,-87.824,member,47
start,Public Rack - Ozark Ave & Addison St,41.945,-87.82,member,2
start,Oriole Ave & Irving Park Rd,41.952,-87.817,member,13
start,Public Rack - Osceola Ave & Touhy Ave,42.012,-87.813,member,3
start,Oketo Ave & Addison St,41.945,-87.812,member,12
start,Nordica Ave & Medill Ave,41.922,-87.802,member,86
start,Sayre Ave & Diversey Ave,41.931,-87.801,member,54
start,Shabbona Park,41.945,-87.799,member,43
start,Newcastle Ave & Irving Park Rd,41.953,-87.798,member,15
start,Merrimac Park,41.953,-87.785,member,155
start,Public Rack - Narragansett Ave & Fullerton Ave,41.924,-87.784,member,5
start,Wellington Ave & Mulligan Ave,41.935,-87.784,member,31
start,Hyacinth Ave & Milwaukee Ave,41.993,-87.784,member,235
start,Public Rack - Peterson Ave & Milwaukee Ave,41.99,-87.781,member,10
start,Austin Blvd & Madison St,41.88,-87.774,member,94
start,Mason Ave & Grand Ave,41.92,-87.774,member,50
start,Austin Blvd & Lake St,41.888,-87.774,member,162
start,Menard Ave & Lawrence Ave,41.968,-87.773,member,195
start,Monitor Ave & Fullerton Ave,41.924,-87.772,member,15
start,Mayfield Ave & Roosevelt Rd,41.866,-87.772,member,20
start,Mango Ave & Grand Ave,41.92,-87.769,member,11
start,Public Rack - Central & Berteau,41.957,-87.767,member,3
start,Central Ave & Wellington Ave,41.935,-87.767,member,58
start,Central Ave & Altgeld St,41.926,-87.766,member,144
start,Linder Ave & Montrose Ave,41.961,-87.765,member,211
start,Central Ave & Madison St,41.88,-87.763,member,81
start,Long & Irving Park,41.953,-87.762,member,173
start,Lynch Ave & Elston Ave,41.981,-87.761,member,85
start,Long Ave & Diversey Ave,41.931,-87.761,member,137
start,Long Ave & North Ave,41.909,-87.761,member,116
start,Public Rack - Milwaukee Ave & Lawrence Ave,41.967,-87.76,member,8
start,Public Rack - Linder & 51st,41.8,-87.76,member,12
start,Public Rack - Leamington & Elston,41.978,-87.756,member,91
start,Laramie Ave & Gladys Ave,41.876,-87.755,member,7
start,Public Rack - Milwaukee Ave & Pensacola Ave,41.96,-87.753,member,8
start,Public Rack - Leclaire Ave & Division St,41.902,-87.753,member,10
start,Lavergne Ave & Division St,41.902,-87.751,member,44
start,Public Rack - Milwaukee Ave & Warner Ave,41.956,-87.751,member,16
start,Elston Ave & Carmen Ave,41.974,-87.75,member,242
start,Lawler Ave & 50th St,41.802,-87.749,member,4
start,Cicero Ave & Flournoy St,41.872,-87.747,member,13
start,Cicero Ave & Lake St,41.887,-87.745,member,35
start,Public Rack - Kilpatrick & Elston,41.97,-87.743,member,42
start,Public Rack - Forest Glen & Peterson,41.99,-87.743,member,12
start,Kenton Ave & Madison St,41.88,-87.741,member,33
start,Kilbourn Ave & Irving Park Rd,41.954,-87.741,member,441
start,Kilbourn Ave & Roscoe St,41.943,-87.74,member,271
start,Kenneth Ave & 50th St,41.802,-87.734,member,43
start,Kostner Ave & 63rd St,41.779,-87.732,member,43
start,Pulaski Rd & Eddy St,41.946,-87.731,member,372
start,Kildare Ave & Archer Ave,41.801,-87.73,member,10
start,Public Rack - Keystone Ave & Irving Park Rd,41.954,-87.73,member,4
start,Keystone Ave & Montrose Ave,41.961,-87.729,member,764
start,Public Rack - Kedvale Ave & 63rd St W,41.779,-87.727,member,105
start,Pulaski Rd & Congress Pkwy,41.874,-87.726,member,50
start,Pulaski Rd & Ann Lurie Pl,41.816,-87.725,member,153
start,Harding Ave & Chicago Ave,41.895,-87.725,member,72
start,Avers Ave & Foster Ave,41.975,-87.725,member,166
start,Kosciuszko Park,41.931,-87.724,member,1198
start,Public Rack - Komensky Ave & 59th St,41.786,-87.724,member,19
start,Public Rack - Komensky Ave & 63rd St,41.779,-87.724,member,12
start,Pulaski Rd & 60th Pl,41.783,-87.723,member,12
start,Public Rack - Hamlin Ave & Montrose Ave,41.961,-87.722,member,233
start,Public Rack - Hamlin Ave & Fullerton Ave,41.924,-87.721,member,105
start,Public Rack - Avers Ave & Ogden Ave,41.853,-87.721,member,3
start,Monticello Ave & Chicago Ave,41.896,-87.718,member,58
start,Drake Ave & Addison St,41.947,-87.718,member,1187
start,Public Rack - Foster Ave & Drake Ave,41.976,-87.717,member,34
start,Lawndale Ave & 30th St,41.839,-87.717,member,45
start,Conservatory Dr & Lake St,41.886,-87.717,member,270
start,Central Park Ave & Ohio St,41.892,-87.716,member,118
start,Central Park Ave & Douglas Blvd,41.862,-87.716,member,23
start,Central Park Ave & Washington Blvd,41.883,-87.715,member,43
start,Lincolnwood Dr & Central St,42.065,-87.715,member,210
start,Bernard St & Peterson Ave,41.991,-87.715,member,10
start,Central Park Ave & Ogden Ave,41.854,-87.715,member,277
start,Bernard St & Elston Ave,41.95,-87.714,member,697
start,Columbus Ave & 83rd Pl,41.741,-87.714,member,9
start,Public Rack - Kimball Ave & Carmen Ave,41.974,-87.713,member,23
start,Kimball Ave & Belmont Ave,41.939,-87.712,member,2732
start,Christiana Ave & Lawrence Ave,41.968,-87.712,member,1254
start,Public Rack - Milwaukee Ave & Diversey Ave,41.932,-87.711,member,2
start,Public Rack - Homan Ave & Lake St,41.885,-87.711,member,9
start,St Louis Ave & Norman Bobbins Pl,41.794,-87.711,member,19
start,McCormick Blvd & Devon Ave,41.997,-87.711,member,726
start,Sawyer Ave & Irving Park Rd,41.954,-87.709,member,1130
start,Spaulding Ave & Division St,41.903,-87.709,member,1287
start,Archer Ave & Homan Ave,41.812,-87.709,member,33
start,Lincoln Ave & Peterson Ave,41.99,-87.709,member,496
start,Kedzie Ave & Leland Ave,41.967,-87.708,member,1208
start,Homan Ave & 65th St,41.775,-87.708,member,3
start,Kedzie Ave & Milwaukee Ave,41.929,-87.708,member,3768
start,Kedzie Ave & Milwaukee Ave,41.93,-87.708,member,2654
start,Kedzie Ave & Armitage Ave,41.918,-87.707,member,1356
start,Kedzie Ave & Lake St,41.885,-87.706,member,316
start,Kedzie Ave & 24th St,41.848,-87.705,member,52
start,Troy St & North Ave,41.91,-87.705,member,1180
start,Albany Ave & Belmont Ave,41.94,-87.705,member,506
start,Albany Ave & Bloomingdale Ave,41.914,-87.705,member,2904
start,Sacramento Ave & Lunt Ave,42.008,-87.705,member,175
start,Whipple/Irving Park,41.954,-87.704,member,506
start,Kedzie Ave & 45th St,41.811,-87.704,member,39
start,Kedzie Ave & 54th Pl,41.793,-87.703,member,19
start,Sacramento Ave & Lyndale St,41.922,-87.702,member,671
start,Kedzie Ave & 83rd St,41.743,-87.702,member,4
start,La Villita Park,41.839,-87.702,member,28
start,Humboldt Blvd & Armitage Ave,41.917,-87.702,member,38
start,Francisco Ave & Hollywood Ave,41.984,-87.702,member,24
start,Francisco Ave & Foster Ave,41.976,-87.701,member,1807
start,Kedzie Ave & 104th St,41.704,-87.701,member,7
start,Francisco Ave & Montrose Ave,41.961,-87.701,member,790
start,Public Rack - Sacramento Blvd & Washington Blvd,41.883,-87.7,member,9
start,Dodge Ave & Mulford St,42.023,-87.7,member,255
start,Francisco Ave & Bloomingdale Ave,41.914,-87.699,member,817
start,Dodge Ave & Main St,42.035,-87.699,member,454
start,Francisco Ave & Chicago Ave,41.896,-87.699,member,1366
start,Dodge Ave & Church St,42.048,-87.698,member,509
start,California Ave & Fletcher St,41.938,-87.698,member,1716
start,California Ave & Byron St,41.952,-87.698,member,1658
start,California Ave & Francis Pl,41.919,-87.698,member,51
start,Mozart St & Jackson Blvd,41.878,-87.697,member,111
start,California Ave & Lake St,41.884,-87.696,member,503
start,California Ave & Montrose Ave,41.961,-87.696,member,4
start,Public Rack - Washtenaw Ave & Superior St,41.895,-87.695,member,401
start,Public Rack - California Ave & Pershing Rd,41.823,-87.695,member,22
start,Fairfield Ave & Roosevelt Rd,41.867,-87.695,member,208
start,Washtenaw Ave & Ogden Ave,41.862,-87.693,member,309
start,Public Rack - Rockwell St & Chicago Ave,41.896,-87.692,member,43
start,Campbell Ave & Irving Park Rd,41.954,-87.691,member,394
start,Rockwell St & Cermak Rd,41.852,-87.691,member,314
start,Western Ave & Lunt Ave,42.008,-87.69,member,1
start,Western Ave & Howard St,42.019,-87.69,member,658
start,Campbell Ave & North Ave,41.911,-87.69,member,3999
start,Rockwell St & 47th St,41.809,-87.689,member,46
start,Western Ave & Leland Ave,41.966,-87.688,member,3785
start,Maplewood Ave & 59th St,41.786,-87.687,member,65
start,Western Ave & Winnebago Ave,41.915,-87.687,member,29
start,Public Rack - Western Ave & Chicago Ave,41.896,-87.687,member,14
start,Public Rack - Maplewood Ave & 63rd St,41.779,-87.687,member,2
start,Western Ave & Monroe St,41.881,-87.687,member,700
start,Evanston Civic Center,42.057,-87.687,member,789
start,Oakley Ave & Irving Park Rd,41.954,-87.686,member,1775
start,Claremont Ave & Hirsch St,41.908,-87.686,member,1564
start,Western Ave & 21st St,41.854,-87.686,member,804
start,Lincoln Ave & Sunnyside Ave,41.963,-87.685,member,4151
start,Public Rack - Western Ave & 47th Pl,41.808,-87.685,member,104
start,Ridge Blvd & Howard St,42.019,-87.685,member,543
start,Ogden Ave & Roosevelt Rd,41.867,-87.684,member,4
start,Logan Blvd & Elston Ave,41.929,-87.684,member,2878
start,Leavitt St & Division St,41.903,-87.684,member,2576
start,Public Rack - Western Blvd & 49th St,41.805,-87.684,member,29
start,Western Blvd & 48th Pl,41.806,-87.683,member,244
start,Ridge Blvd & Touhy Ave,42.012,-87.683,member,656
start,Milwaukee Ave & The 606,41.914,-87.683,member,8066
start,Western Ave & 79th St,41.751,-87.683,member,40
start,Western Ave & 101st St,41.71,-87.682,member,21
start,Hoyne Ave & Balmoral Ave,41.98,-87.682,member,1389
start,Milwaukee Ave & Wabansia Ave,41.913,-87.682,member,20
start,Western Ave & 111th St,41.691,-87.681,member,19
start,SCOOTERS CLASSIC - 2132 W Hubbard ST,41.89,-87.68,member,2358
start,Hastings LWS,41.864,-87.68,member,494
start,Seeley Ave & Roscoe St,41.943,-87.68,member,3349
start,Public Rack - Hoyne Ave & Walton St,41.899,-87.68,member,40
start,Damen Ave & Leland Ave,41.967,-87.679,member,4861
start,Damen Ave & Melrose Ave,41.941,-87.679,member,2648
start,Damen Ave & Wellington Ave,41.936,-87.678,member,2937
start,Damen Ave & Division St,41.903,-87.678,member,5831
start,Damen Ave & Clybourn Ave,41.932,-87.678,member,1992
start,Wolcott Ave & Fargo Ave,42.017,-87.678,member,430
start,Winchester (Ravenswood) Ave & Balmoral Ave,41.98,-87.678,member,1476
start,Sheridan Rd & Noyes St (NU),42.058,-87.678,member,54
start,Damen Ave & Wabansia Ave,41.912,-87.677,member,2194
start,Damen Ave & Wicker Park Ave,41.909,-87.677,member,5431
start,Winchester Ave & Elston Ave,41.924,-87.677,member,21
start,Wolcott (Ravenswood) Ave & Montrose Ave,41.961,-87.676,member,3851
start,Public Rack - Damen Ave & Division St,41.903,-87.676,member,45
start,Damen Ave & Cullerton St,41.855,-87.676,member,1762
start,Damen Ave & Madison St,41.881,-87.675,member,1459
start,Clark St & Touhy Ave,42.013,-87.674,member,602
start,Ravenswood Ave & Irving Park Rd,41.955,-87.674,member,3387
start,University Library (NU),42.053,-87.673,member,1398
start,Clark St & Columbia Ave,42.004,-87.672,member,1629
start,Wood St & Augusta Blvd,41.899,-87.672,member,4838
start,Wood St & Hubbard St,41.89,-87.672,member,2943
start,N Paulina St & Lincoln Ave,41.944,-87.672,member,45
start,Wood St & Milwaukee Ave,41.906,-87.672,member,1568
start,Paulina St & Montrose Ave,41.962,-87.671,member,3380
start,Paulina St & Division St,41.903,-87.67,member,52
start,Lincoln Ave & Melrose St,41.94,-87.67,member,8303
start,Ashland Ave & Wellington Ave,41.936,-87.67,member,4193
start,Granville Ave & Clark St,41.994,-87.67,member,616
start,Ashland Ave & Grace St,41.953,-87.669,member,199
start,Paulina St & Flournoy St,41.873,-87.669,member,5879
start,Clark St & Bryn Mawr Ave,41.984,-87.669,member,5382
start,Paulina St & Adams St,41.879,-87.669,member,749
start,Hale Ave & 107th St,41.699,-87.669,member,28
start,Paulina St & 18th St,41.858,-87.669,member,2922
start,Clark St & Berwyn Ave,41.978,-87.669,member,2277
start,Clark St & Berwyn Ave,41.978,-87.668,member,5474
start,Walsh Park,41.915,-87.668,member,3542
start,Clark St & Leland Ave,41.967,-87.667,member,5363
start,Ashland Ave & Grand Ave,41.891,-87.667,member,3028
start,Southport Ave & Clybourn Ave,41.922,-87.666,member,1125
start,Southport Ave & Clybourn Ave,41.921,-87.666,member,4
start,Public Rack - Ashland Ave & 46th St,41.811,-87.665,member,6
start,Southport Ave & Irving Park Rd,41.954,-87.664,member,4488
start,Southport Ave & Clark St,41.957,-87.664,member,2383
start,Public Rack - Southport Ave & Fullteron Ave,41.925,-87.663,member,34
start,Noble St & Potomac Ave,41.906,-87.663,member,1012
start,Noble St & Milwaukee Ave,41.901,-87.663,member,5403
start,Sheridan Rd & Greenleaf Ave,42.011,-87.662,member,1550
start,Sheridan Rd & Columbia Ave,42.005,-87.662,member,34
start,Blue Island Ave & 18th St,41.858,-87.662,member,3458
start,Public Rack - Clybourn Ave & Dickens Ave,41.919,-87.661,member,47
start,Broadway & Thorndale Ave,41.99,-87.66,member,8235
start,Clark/Racine Corral,41.95,-87.659,member,435
start,Clark St & Grace St,41.951,-87.659,member,5470
start,Lock St & 31st St,41.838,-87.659,member,518
start,Racine Ave & Belmont Ave,41.94,-87.659,member,6479
start,Winthrop Ave & Sheridan Rd,41.998,-87.659,member,52
start,Lincoln Ave & Diversey Pkwy,41.932,-87.658,member,1
start,Broadway & Wilson Ave,41.965,-87.658,member,6179
start,Winthrop Ave & Lawrence Ave,41.969,-87.658,member,3695
start,Clifton Ave & Armitage Ave,41.918,-87.657,member,6919
start,Racine Ave & Congress Pkwy,41.875,-87.657,member,4097
start,Broadway & Sunnyside Ave,41.963,-87.656,member,3628
start,Racine Ave & 35th St,41.831,-87.656,member,437
start,Clark/Eddy,41.947,-87.656,member,212
start,May St & Hubbard St,41.89,-87.656,member,1829
start,May St & Taylor St,41.869,-87.656,member,2035
start,Public Rack - Trader Joe's Clybourn Ave,41.915,-87.655,member,58
start,Racine Ave & Garfield Blvd,41.794,-87.655,member,34
start,Sheridan Rd & Argyle St,41.973,-87.655,member,4992
start,Sheridan Rd & Lawrence Ave,41.97,-87.655,member,3468
start,Racine Ave & 57th St,41.79,-87.655,member,11
start,Sheridan Rd & Montrose Ave,41.961,-87.655,member,66
start,Sheffield Ave & Waveland Ave,41.949,-87.655,member,6481
start,Sheffield Ave & Waveland Ave,41.949,-87.654,member,242
start,Sheffield Ave & School St,41.942,-87.654,member,584
start,Public Rack - Racine Ave & 76th,41.756,-87.654,member,1
start,Sheffield Ave & Wrightwood Ave,41.929,-87.654,member,8380
start,Sheffield Ave & Fullerton Ave,41.926,-87.654,member,11211
start,Carpenter St & Huron St,41.894,-87.653,member,32
start,Wilton Ave & Addison St,41.947,-87.653,member,3527
start,N Carpenter St & W Lake St,41.886,-87.653,member,1836
start,Wilton Ave & Belmont Ave,41.94,-87.653,member,13651
start,May St & 69th St,41.769,-87.653,member,13
start,Wilton Ave & Diversey Pkwy,41.933,-87.653,member,25
start,Wilton Ave & Diversey Pkwy,41.932,-87.653,member,11240
start,Morgan St & Hubbard St,41.89,-87.653,member,1205
start,Morgan St & Lake St*,41.885,-87.652,member,7539
start,Racine Ave & 115th St,41.685,-87.652,member,22
start,Broadway & Cuyler Ave,41.955,-87.651,member,54
start,Sangamon St & Adams St,41.879,-87.651,member,2495
start,Sangamon St & Lake St,41.886,-87.651,member,6426
start,Sangamon St & Washington Blvd,41.883,-87.651,member,5279
start,Vincennes Ave & 95th St,41.721,-87.65,member,94
start,W Washington Blvd & N Peoria St,41.883,-87.65,member,899
start,Clarendon Ave & Gordon Ter,41.958,-87.649,member,394
start,Peoria St & Kinzie St,41.889,-87.649,member,11
start,Halsted St & Dickens Ave,41.92,-87.649,member,6653
start,Halsted St & Willow St,41.914,-87.649,member,6003
start,Halsted St & North Branch St,41.899,-87.649,member,540
start,Green St & Lake St,41.886,-87.648,member,5713
start,Pine Grove Ave & Irving Park Rd,41.954,-87.648,member,9794
start,Public Rack - Halsted St & Fullerton Ave,41.926,-87.648,member,45
start,Burling St & Diversey Pkwy,41.933,-87.648,member,8054
start,Halsted St & 35th St,41.831,-87.647,member,1714
start,Halsted St & 21st St,41.854,-87.647,member,1506
start,Pine Grove Ave & Waveland Ave,41.949,-87.647,member,93
start,Broadway & Cornelia Ave,41.945,-87.647,member,48
start,Pine Grove Ave & Waveland Ave,41.949,-87.646,member,11411
start,Broadway & Cornelia Ave,41.945,-87.646,member,149
start,Lincoln Ave & Fullerton Ave,41.924,-87.646,member,11512
start,Broadway & Belmont Ave,41.94,-87.645,member,8383
start,Halsted St & 59th St,41.788,-87.645,member,33
start,Halsted St & 69th St,41.769,-87.645,member,28
start,Desplaines St & Kinzie St,41.888,-87.644,member,32
start,Desplaines St & Randolph St,41.884,-87.644,member,4975
start,Broadway & Barry Ave,41.938,-87.644,member,11714
start,Broadway & Oakdale Ave,41.936,-87.644,member,4165
start,Larrabee St & Menomonee St,41.915,-87.643,member,4006
start,Larrabee St & Division St,41.903,-87.643,member,7026
start,Public Rack - Desplaines St & Fulton St,41.887,-87.643,member,43
start,Halsted St & 96th St,41.72,-87.643,member,164
start,Hampden Ct & Diversey Pkwy,41.932,-87.643,member,138
start,Hampden Ct & Diversey Pkwy,41.933,-87.643,member,30
start,Kingsbury St & Erie St,41.894,-87.642,member,15632
start,Clinton St & Lake St,41.885,-87.642,member,189
start,Clinton St & Washington Blvd,41.883,-87.642,member,239
start,Clinton St & Washington Blvd,41.884,-87.641,member,200
start,Clark St & Arlington Pl,41.927,-87.641,member,5240
start,Wallace St & 35th St,41.831,-87.641,member,692
start,Canal St & Jackson Blvd,41.878,-87.64,member,10212
start,Wallace St & Pershing Rd,41.824,-87.64,member,49
start,Lakeview Ave & Fullerton Pkwy,41.926,-87.639,member,9375
start,Kingsbury St & Kinzie St,41.889,-87.639,member,18301
start,Public Rack - Normal Blvd & 61st Pl,41.782,-87.637,member,4
start,Orleans St & Merchandise Mart Plaza,41.888,-87.637,member,403
start,Orleans St & Merchandise Mart Plaza,41.887,-87.637,member,8
start,Orleans St & Hubbard St,41.89,-87.637,member,6796
start,Shields Ave & 28th Pl,41.843,-87.636,member,14
start,Franklin St & Illinois St,41.891,-87.635,member,8941
start,Franklin St & Adams St,41.879,-87.635,member,93
start,Wells St & Evergreen Ave,41.907,-87.635,member,9588
start,Franklin St & Washington St,41.883,-87.635,member,5040
start,Public Rack - Wells St & Scott St,41.905,-87.635,member,138
start,Public Rack - Wells St & Schiller St,41.908,-87.635,member,42
start,Shields Ave & 57th St,41.791,-87.635,member,4
start,Wells St & Hubbard St,41.89,-87.634,member,15499
start,Wells St & Elm St,41.903,-87.634,member,18348
start,Wells St & Randolph St,41.884,-87.634,member,8432
start,Public Rack - Wells St & Monroe St,41.881,-87.634,member,36
start,Public Rack - Wells St & Lake St,41.886,-87.634,member,56
start,Wells St & Randolph St,41.884,-87.633,member,20
start,Clark St & Elm St,41.903,-87.633,member,157
start,Wentworth Ave & 35th St,41.831,-87.633,member,1154
start,Wentworth Ave & 35th St,41.831,-87.632,member,17
start,LaSalle St & Jackson Blvd,41.878,-87.632,member,11788
start,Clark St & Elm St,41.903,-87.632,member,303
start,Clark St & Elm St,41.903,-87.631,member,18261
start,LaSalle St & Jackson Blvd,41.878,-87.631,member,6
start,Vincennes Ave & 75th St,41.758,-87.631,member,6
start,Theater on the Lake,41.926,-87.631,member,11954
start,Dearborn St & Division St,41.904,-87.63,member,5133
start,Dearborn St & Adams St,41.879,-87.63,member,7337
start,Dearborn St & Monroe St,41.881,-87.63,member,6575
start,Federal St & Polk St,41.872,-87.63,member,11697
start,Dearborn St & Madison St,41.882,-87.63,member,2811
start,Dearborn St & Adams St 2,41.88,-87.629,member,1612
start,Dearborn St & Van Buren St,41.876,-87.629,member,4634
start,Wabash Ave & Grand Ave,41.891,-87.627,member,13056
start,State St & 35th St,41.831,-87.627,member,1471
start,State St & 29th St,41.842,-87.627,member,271
start,DuSable Lake Shore Dr & North Blvd,41.912,-87.627,member,14887
start,Rush St & Superior St,41.896,-87.626,member,9013
start,Wabash Ave & Grand Ave,41.892,-87.626,member,9
start,Rush St & Superior St,41.895,-87.626,member,36
start,Wabash Ave & Wacker Pl,41.887,-87.626,member,4135
start,Wabash Ave & Jackson Blvd,41.878,-87.626,member,1547
start,Michigan Ave & Madison St,41.882,-87.626,member,103
start,State St & 45th St,41.813,-87.626,member,68
start,Michigan Ave & Madison St,41.882,-87.625,member,4273
start,Michigan Ave & Ida B Wells Dr,41.876,-87.624,member,3114
start,Michigan Ave & 9th St,41.871,-87.624,member,180
start,Public Rack - Michigan Ave & Wacker Dr (South),41.888,-87.624,member,66
start,Millennium Park,41.881,-87.624,member,8569
start,Buckingham Fountain,41.87,-87.624,member,4804
start,Michigan Ave & 8th St,41.873,-87.624,member,6214
start,Michigan Ave & 14th St,41.864,-87.624,member,7569
start,Michigan Ave & Pearson St,41.898,-87.624,member,3897
start,Michigan Ave & Pearson St,41.897,-87.624,member,11
start,St. Clair St & Erie St,41.894,-87.623,member,12533
start,Stetson Ave & South Water St,41.887,-87.623,member,254
start,Wabash Ave & 87th St,41.737,-87.623,member,89
start,Mies van der Rohe Way & Chestnut St,41.899,-87.622,member,8953
start,Mies van der Rohe Way & Chicago Ave,41.897,-87.622,member,8084
start,Buckingham Fountain,41.876,-87.621,member,82
start,Columbus Dr & Randolph St,41.885,-87.62,member,13518
start,Columbus Dr & Randolph St,41.884,-87.62,member,33
start,Calumet Ave & 18th St,41.858,-87.619,member,5217
start,Michigan Ave & Jackson Blvd,41.875,-87.619,member,1
start,Prairie Ave & Garfield Blvd,41.795,-87.619,member,741
start,McClurg Ct & Erie St,41.895,-87.619,member,6
start,Field Museum,41.865,-87.618,member,2349
start,Calumet Ave & 35th St,41.831,-87.618,member,633
start,Calumet Ave & 33rd St,41.835,-87.618,member,2249
start,McClurg Ct & Ohio St,41.893,-87.618,member,77
start,McClurg Ct & Ohio St,41.892,-87.618,member,22
start,Field Blvd & South Water St,41.886,-87.618,member,7852
start,Field Blvd & South Water St,41.887,-87.618,member,12
start,McClurg Ct & Ohio St,41.891,-87.617,member,2
start,McClurg Ct & Erie St,41.894,-87.617,member,1
start,MLK Jr Dr & Pershing Rd,41.825,-87.617,member,713
start,Public Rack - King Dr & Oakwood Blvd,41.823,-87.616,member,16
start,MLK Jr Dr & 47th St,41.81,-87.616,member,319
start,Public Rack - Washington Park Ct & 51st St,41.802,-87.615,member,26
start,Martin Luther King Dr & 87th St,41.737,-87.614,member,54
start,Rhodes Ave & 32nd St,41.836,-87.614,member,2093
start,Rhodes Ave & 32nd St,41.837,-87.613,member,45
start,Public Rack - Champlain Ave & 65th St,41.776,-87.609,member,16
start,Public Rack - Langley Ave & 49th St,41.805,-87.609,member,46
start,Chicago State University,41.719,-87.608,member,83
start,Cottage Grove Ave & 49th St,41.806,-87.607,member,230
start,Evans Ave & 75th St,41.758,-87.606,member,41
start,Cottage Grove Ave & 63rd St,41.781,-87.606,member,640
start,Cottage Grove Ave & 67th St,41.774,-87.606,member,313
start,Cottage Grove Ave & 78th St,41.753,-87.605,member,170
start,Ellis Ave & 60th St,41.785,-87.601,member,12001
start,Ellis Ave & 53rd St,41.799,-87.601,member,4680
start,University Ave & 57th St,41.791,-87.6,member,15618
start,University Ave & 57th St,41.792,-87.6,member,28
start,Woodlawn Ave & Lake Park Ave,41.814,-87.597,member,584
start,Woodlawn Ave & 55th St,41.795,-87.596,member,6114
start,Public Rack - Woodlawn Ave & 63rd St N,41.781,-87.596,member,238
start,Kimbark Ave & 53rd St,41.8,-87.595,member,182
start,Public Rack - Kimbark Ave & 67th St,41.774,-87.594,member,24
start,Dorchester Ave & 49th St,41.806,-87.592,member,808
start,Lake Park Ave & 47th St,41.809,-87.592,member,1151
start,Cornell Ave & Hyde Park Blvd,41.802,-87.587,member,4310
start,Lake Park Ave & 53rd St,41.8,-87.586,member,38
start,Stony Island Ave & South Chicago Ave,41.751,-87.585,member,13
start,Jeffery Blvd & 67th St,41.774,-87.577,member,247
start,63rd St Beach,41.781,-87.576,member,412
start,Jeffery Blvd & 76th St,41.757,-87.576,member,22
start,Big Marsh Park,41.686,-87.574,member,75
start,Yates Ave & 95th St,41.722,-87.565,member,7
start,Public Rack - South Shore Dr & 71st St,41.766,-87.563,member,135
start,Commercial Ave & 90th St,41.732,-87.552,member,41
start,Commercial Ave & 100th St,41.713,-87.551,member,12
start,Commercial Ave & 130th St,41.659,-87.551,member,3
start,Ewing Ave & 97th St,41.72,-87.535,member,11
start,Ewing Ave & 98th St,41.718,-87.535,member,18
start,Steelworkers Park,41.738,-87.531,member,54
start,Cottage Grove Ave & 111th Pl,41.692,-87.61,member,19
start,Burnham Greenway & 112th St,41.692,-87.531,member,1
start,Ewing Ave & 106th St,41.703,-87.536,member,51
start,Indiana Ave & 103rd St,41.707,-87.618,member,53
start,Public Rack - Lafayette Ave & 95th St,41.722,-87.625,member,8
start,Loomis St & 89th St,41.732,-87.658,member,10
start,Public Rack - 85th Pl & Pulaski Rd,41.737,-87.721,member,1
start,Public Rack - Cottage Grove & 86th St,41.738,-87.605,member,6
start,South Chicago Ave & 83rd St,41.744,-87.575,member,21
start,Stony Island Ave & 82nd St,41.747,-87.586,member,23
start,Public Rack - Aida Food Market,41.75,-87.644,member,3
start,Public Rack - Ingleside Ave & 79th St,41.751,-87.601,member,1
start,Public Rack - Emil G Hirch Metropolitan High School,41.754,-87.602,member,1
start,Public Rack - Kingston Ave & 75th St,41.759,-87.562,member,9
start,Public Rack - S. New England/ W. 65th,41.774,-87.793,member,1
start,Mulligan Ave & Archer Ave,41.793,-87.781,member,17
start,Public Rack - Lockwood & Archer,41.797,-87.755,member,10
start,Public Rack - Hyde Park Blvd & 53rd St,41.8,-87.584,member,14
start,Public Rack - Prairie Ave & 47th St,41.809,-87.619,member,48
start,Public Rack - 532 E 43rd St,41.817,-87.613,member,15
start,Public Rack - Talman Ave & Pershing Rd,41.823,-87.691,member,3
start,California Ave & 36th St,41.828,-87.695,member,41
start,Public Rack - Kedvale Ave & 26th St,41.844,-87.728,member,2
start,California & 16th St,41.859,-87.695,member,14
start,Public Rack - Dearborn St & Jackson Ave,41.878,-87.629,member,17
start,Western Ave & Monroe St,41.881,-87.686,member,5
start,Michigan Ave & Washington St,41.884,-87.624,member,12
start,Wells St & Randolph St,41.885,-87.634,member,25
start,Franklin St & Lake St,41.885,-87.636,member,9
start,N Green St & W Lake St,41.886,-87.649,member,17
start,Stetson Ave & South Water St,41.886,-87.621,member,2
start,St. Clair St & Erie St 1,41.895,-87.622,member,3
start,Public Rack - Orleans St & Chicago Ave,41.896,-87.638,member,9
start,Public Rack - Wabash Ave & Chicago Ave,41.897,-87.627,member,3
start,McClurg Ct & Erie St,41.897,-87.616,member,1
start,Public Rack - Rush St & Oak St,41.901,-87.627,member,6
start,Narragansett Ave & North Ave,41.909,-87.785,member,45
start,Public Rack - Sheffield Ave & Belden Ave,41.923,-87.654,member,14
start,Lincoln Ave & Fullerton Ave,41.924,-87.647,member,4
start,Milwaukee Ave & Fullerton Ave,41.925,-87.7,member,6
start,Logan Blvd & Elston Ave,41.93,-87.684,member,6
start,Pine Grove Ave & Wellington Ave,41.936,-87.642,member,24
start,Mason Ave & Belmont Ave,41.938,-87.773,member,11
start,Roscoe & Harlem,41.942,-87.807,member,14
start,Public Rack - Kedvale Ave & Addison St,41.947,-87.731,member,2
start,Public Rack - Irving Park Rd & Parkside Ave,41.953,-87.689,member,4
start,Public Rack - Neola & Northwest Hwy,41.99,-87.795,member,3
start,Public Rack - Norwood Park Station,41.992,-87.799,member,7
start,California Ave & Granville Ave,41.994,-87.699,member,42
start,Public Rack - Olmstead Ave & Oliphant Ave,42.002,-87.817,member,11
start,Public Rack - Austin Blvd & North Ave,41.909,-87.776,member,6
start,Public Rack - Cicero Ave & North Ave,41.909,-87.746,member,10
start,Keeler Ave & Roosevelt Rd,41.866,-87.73,member,12
start,Public Rack - Pulaski & Ardmore,41.986,-87.728,member,8
start,Public Rack - Pulaski Rd & Roosevelt Rd,41.866,-87.724,member,2
start,Public Rack - Division St & Christiana Ave,41.903,-87.711,member,3
start,Troy Ave & 27th St,41.843,-87.704,member,15
start,Fairfield Ave & Pratt Blvd,42.005,-87.699,member,11
start,Damen Ave & Chicago Ave,41.911,-87.681,member,2
start,Damen Ave & 74th St,41.759,-87.674,member,13
start,Homewood Ave & 115th St,41.685,-87.671,member,6
start,Ashland Ave & 13th St,41.865,-87.666,member,9
start,Public Rack - Ashland Ave & 71st St,41.766,-87.664,member,6
start,Public Rack - Ashland Ave & 76th St,41.756,-87.664,member,2
start,Sheridan Rd & Montrose Ave,41.918,-87.648,member,1
start,Franklin St & Monroe St,41.881,-87.636,member,8
start,Wells St & Randolph St,41.885,-87.633,member,2
start,Public Rack - Wentworth Ave & 103rd St,41.707,-87.628,member,2
start,Michigan Ave & Madison St,41.881,-87.626,member,1
start,State St & 76th St,41.757,-87.625,member,22
start,MLK Jr Dr & Pershing Rd,41.824,-87.617,member,7
start,Public Rack - Langley Ave & Oakwood Blvd,41.823,-87.61,member,13
start,Olive Harvey College,41.71,-87.59,member,3
start,Public Rack - Elston Ave & Gunnison St,41.969,-87.741,member,3
start,Avondale Ave & Irving Park Rd,41.954,-87.732,member,4
start,Public Rack - Central Park Ave & Fillmore St,41.868,-87.715,member,7
start,Whipple St & Roosevelt Rd,41.867,-87.702,member,8
start,Public Rack - California & 82nd,41.745,-87.693,member,1
start,University Library (NU),42.053,-87.674,member,3
start,Eckhart Park,41.897,-87.661,member,6
start,Franklin St & Illinois St,41.889,-87.647,member,1
start,Desplaines St & Jackson Blvd,41.878,-87.645,member,1
start,Michigan Ave & Lake St,41.886,-87.627,member,1
start,Public Rack - State ST & 42nd St,41.819,-87.626,member,7
start,St Clair St & Ohio St,41.892,-87.622,member,1
start,Public Rack - Harriet E Sayre Public School,41.914,-87.799,member,3
start,Public Rack - Mason Ave & Milwaukee Ave,41.986,-87.777,member,2
start,Public Rack - 4810 Keeler Ave,41.968,-87.733,member,3
start,Granville Ave & Pulaski Rd,41.993,-87.729,member,5
start,Public Rack - Pulaski Rd & Armitage Ave,41.917,-87.727,member,14
start,Public Rack - Lawndale Ave & Polk St,41.871,-87.718,member,2
start,Public Rack - Central Park Ave & Fulton Blvd,41.886,-87.716,member,3
start,Public Rack - Kedzie Ave & 61st Pl W,41.782,-87.703,member,2
start,Public Rack - Kedzie & 103rd St - W,41.705,-87.701,member,2
start,Mozart St & Jackson Blvd,41.877,-87.697,member,2
start,Western Ave & Monroe St,41.882,-87.687,member,12
start,Ogden Ave & Roosevelt Rd,41.866,-87.685,member,6
start,Public Rack - Bell Ave & 95th St,41.721,-87.679,member,2
start,Public Rack - Hoyne Ave & 51st St,41.801,-87.677,member,2
start,Clark St & Montrose Ave,41.961,-87.666,member,1
start,Public Rack - Halsted St & 41st St,41.82,-87.646,member,1
start,Cannon Dr & Fullerton Ave,41.927,-87.635,member,2
start,Public Rack - Wentworth Ave & 79th St,41.751,-87.63,member,2
start,Wentworth Ave & 104th St,41.705,-87.629,member,3
start,Morgan St & Lake St*,41.916,-87.627,member,1
start,Fairbanks Ct & Grand Ave,41.891,-87.621,member,6
start,Fairbanks Ct & Grand Ave,41.891,-87.62,member,4
start,Public Rack - 10101 S Stony Island Ave,41.708,-87.581,member,1
start,Public Rack - Brandon Ave & 91st St,41.73,-87.547,member,5
start,Public Rack - Nina Ave & Avondale Ave,41.991,-87.799,member,3
start,Public Rack - 63rd St and Natoma Ave,41.778,-87.788,member,1
start,Major Ave & Addison St,41.946,-87.769,member,6
start,Public Rack - Laramie Ave & Belmont Ave,41.939,-87.756,member,10
start,Public Rack - Kedvale Ave & 63rd St E,41.779,-87.726,member,1
start,Pulaski Rd & 75th St,41.757,-87.722,member,25
start,Public Rack - Pulaski & 84th,41.739,-87.721,member,3
start,Public Rack - Homan Ave & Roosevelt,41.866,-87.711,member,2
start,Public Rack - 111th St - Morgan Park Metra,41.693,-87.671,member,9
start,Paulina St & Division St,41.903,-87.671,member,7
start,Blue Island Ave & 18th St,41.857,-87.661,member,2
start,LaSalle Dr & Huron St,41.889,-87.641,member,2
start,Halsted St & Lake St,41.885,-87.641,member,1
start,Public Rack - Wells St & Lake St,41.886,-87.633,member,1
start,Rush St & Cedar St,41.903,-87.628,member,4
start,Mies van der Rohe Way & Chestnut St,41.898,-87.621,member,2
start,Rhodes Ave & 71st St,41.766,-87.612,member,8
start,Public Rack - Maryland Ave & 87th ST,41.737,-87.604,member,3
start,Public Rack - East End Ave & 87th St,41.737,-87.584,member,1
start,Public Rack - Bensley Ave & 103rd St,41.708,-87.563,member,3
start,Public Rack - Newland Ave & Diversey Ave,41.931,-87.799,member,1
start,Public Rack - Normandy Ave & Archer Ave,41.792,-87.789,member,2
start,Kenosha Ave & Wellington Ave,41.935,-87.734,member,4
start,Public Rack - Avers & Lawrence,41.969,-87.724,member,1
start,Public Rack - Western Ave & 98th St,41.715,-87.682,member,1
start,Public Rack - Western Ave & 110th St,41.694,-87.682,member,3
start,Broadway & Sunnyside Ave,41.964,-87.656,member,2
start,Franklin St & Jackson Blvd,41.879,-87.634,member,2
start,Dearborn St & Van Buren St,41.877,-87.629,member,1
start,Wabash Ave & Wacker Pl,41.886,-87.626,member,2
start,Eberhart Ave & 131st St,41.658,-87.611,member,2
start,Jeffery Blvd & 67th St,41.773,-87.578,member,1
start,Lavergne Ave & 44th St,41.813,-87.749,member,1
start,Public Rack - Avers & Lawrence,41.968,-87.725,member,2
start,Sheffield Ave & Fullerton Ave,41.925,-87.654,member,5
start,Franklin St & Jackson Blvd,41.878,-87.634,member,2
start,State St & Pearson St,41.898,-87.628,member,1
start,Wabash Ave & 9th St,41.871,-87.627,member,1
start,Public Rack - Hamlin Ave & Madison St,41.881,-87.721,member,2
start,California Ave & Francis Pl,41.922,-87.697,member,1
start,Chicago Ave & Washington St,42.032,-87.679,member,2
start,Paulina St & Flournoy St,41.873,-87.67,member,1
start,Racine Ave & 18th St,41.859,-87.657,member,1
start,May St & Taylor St,41.87,-87.656,member,1
start,Jefferson St & Monroe St,41.881,-87.643,member,1
start,Clybourn Ave & Division St,41.904,-87.641,member,2
start,Hamilton Park,41.763,-87.637,member,2
start,Wells St & Hubbard St,41.906,-87.635,member,1
start,LaSalle St & Jackson Blvd,41.877,-87.632,member,1
start,Clark St & Lake St,41.885,-87.631,member,2
start,Wells St & Elm St,41.883,-87.615,member,1
start,Public Rack - Leoti Ave & Central Ave (north),41.998,-87.764,member,2
start,Public Rack - Pulaski Rd & 65th St,41.774,-87.723,member,2
start,Public Rack - Milwaukee Ave & Haussen Ct,41.937,-87.721,member,1
start,Public Rack - Clark St & Diversey Pkwy (North 2),41.934,-87.646,member,2
start,Larrabee St & Kingsbury St,41.898,-87.644,member,3
start,Wacker Dr & Washington St,41.882,-87.638,member,1
start,Eggleston Ave & 92nd St,41.728,-87.635,member,3
start,Public Rack - Wells St & North Ave,41.911,-87.634,member,2
start,State St & Kinzie St,41.888,-87.628,member,2
start,McClurg Ct & Erie St,41.896,-87.619,member,1
start,New St & Illinois St,41.89,-87.617,member,1
start,Columbus Dr & Randolph St,41.884,-87.617,member,1
start,Public Rack - Central Park Ave & 16th St,41.859,-87.716,member,2
start,Public Rack - Homan Ave & 62nd Pl,41.78,-87.708,member,1
start,Damen Ave & Madison St,41.882,-87.675,member,4
start,Sedgwick St & Huron St,41.894,-87.638,member,1
start,Wells St & Institute Pl,41.899,-87.634,member,1
start,Indiana Ave & 40th St,41.822,-87.621,member,3
start,Public Rack - Orville T Bright School,41.7,-87.562,member,2
start,Ave H & 110th St,41.696,-87.533,member,1
start,Public Rack - Cicero Ave & Roscoe St,41.943,-87.747,member,1
start,Public Rack - Albany Ave & 103rd St,41.707,-87.7,member,1
start,California Ave & Lake St,41.885,-87.696,member,2
start,Evanston Civic Center,42.057,-87.686,member,1
start,Wells St & Elm St,41.915,-87.635,member,1
start,Wells St & Polk St,41.872,-87.634,member,1
start,LaSalle Dr & Huron St,41.894,-87.632,member,1
start,Public Rack - Prairie Ave & Garfield Blvd S,41.794,-87.619,member,1
start,Fairbanks Ct & Grand Ave,41.89,-87.616,member,1
start,Public Rack - Saginaw Ave & 93rd St,41.726,-87.559,member,1
start,Public Rack - Leoti Ave & Central Ave (south),41.998,-87.763,member,1
start,Karlov Ave & Armitage Ave,41.918,-87.729,member,1
start,Public Rack - Monticello Ave & Belmont Ave,41.94,-87.719,member,1
start,Sacramento Ave & Lyndale St,41.923,-87.703,member,1
start,Public Rack - Fairfield Ave & 63rd St,41.779,-87.693,member,1
start,Sheffield/Cornelia Corral,41.946,-87.654,member,1
start,Sheffield Ave & Kingsbury St,41.91,-87.653,member,1
start,Clark St & Lake St,41.885,-87.632,member,1
start,Ritchie Ct & Banks St,41.906,-87.629,member,1
start,Michigan Ave & Lake St,41.886,-87.623,member,1
start,Public Rack - Wabash Ave & 87th St,41.736,-87.623,member,2
start,Public Rack - Spaulding Ave & Evergreen Ave,41.906,-87.71,member,1
start,Western Ave & Monroe St,41.882,-87.686,member,1
start,Ada St & Washington Blvd,41.88,-87.667,member,1
start,Green St & Lake St,41.888,-87.65,member,1
start,Dayton St & North Ave,41.91,-87.649,member,2
start,Canal St & Jackson Blvd,41.878,-87.639,member,1
start,LaSalle St & Jackson Blvd,41.877,-87.631,member,1
start,Michigan Ave & Lake St,41.885,-87.624,member,1
start,McClurg Ct & Erie St,41.894,-87.62,member,1
start,Public Rack - Crandon Ave & 80th St,41.75,-87.569,member,1
start,Public Rack - Wentworth Park,41.789,-87.78,member,1
start,Buckingham Fountain,41.876,-87.62,member,1
start,Franklin St & Jackson Blvd,41.919,-87.795,member,1
start,Public Rack - Northwest Hwy & Raven St,41.993,-87.799,member,1
start,Public Rack - McVicker & 52nd,41.798,-87.773,member,1
start,Public Rack - Pulaski & 52nd,41.797,-87.723,member,1
start,Michigan Ave & Madison St,41.883,-87.624,member,1
start,Public Rack - Pullman - Walmart,41.697,-87.598,member,1
start,Public Rack - Ewing Ave & 95th St,41.722,-87.536,member,1
end,Portage Park,41.956,-87.765,member,156
end,Panama Ave & Grace St,41.948,-87.829,member,5
end,Oak Park & Wellington,41.935,-87.796,member,128
end,Lamon Ave & Belmont Ave,41.939,-87.749,member,144
end,Oconto Ave & Belmont Ave,41.938,-87.808,member,27
end,Overhill Ave & Belmont Ave,41.938,-87.819,member,49
end,Harlem Ave & Bloomingdale Ave,41.912,-87.806,member,75
end,Albany Ave & Montrose Ave,41.961,-87.706,member,1626
end,Public Rack - Mango & Higgins,41.972,-87.772,member,87
end,Public Rack - Milwaukee Ave & Catalpa Ave,41.977,-87.769,member,30
end,Kedzie Ave & George St,41.934,-87.707,member,1137
end,Nagle Ave & Belmont Ave,41.939,-87.787,member,34
end,Clark St & Winnemac Ave,41.973,-87.668,member,9384
end,Budlong Woods Library,41.984,-87.696,member,466
end,Milwaukee Ave & Ainslie St,41.969,-87.761,member,1209
end,Grace St & Central Ave,41.95,-87.767,member,68
end,Austin Ave & Milwaukee Ave,41.987,-87.778,member,91
end,Public Rack - Neenah & Dakin,41.952,-87.791,member,15
end,Higgins Ave & Austin Ave,41.973,-87.779,member,111
end,Hampden Ct & Diversey Pkwy,41.932,-87.642,member,5266
end,Public Rack - Jonathan Y Scammon Public School,41.942,-87.732,member,294
end,Milwaukee Ave & Cuyler Ave,41.954,-87.75,member,341
end,Central Ave & Chicago Ave,41.895,-87.765,member,109
end,Central Ave & Lake St,41.888,-87.765,member,139
end,Public Rack - Irving Park Rd & Melvina Ave,41.953,-87.781,member,2
end,Meade Ave & Addison St,41.946,-87.779,member,24
end,Lavergne Ave & Lawrence Ave,41.968,-87.753,member,231
end,Damen Ave & Lake St,41.885,-87.677,member,2754
end,Public Rack - Central Ave & Lawrence Ave,41.968,-87.768,member,37
end,Kostner Ave & Wrightwood Ave,41.928,-87.736,member,314
end,Laramie Ave & Bloomingdale Ave,41.914,-87.756,member,84
end,St Louis Ave & Armitage Ave,41.917,-87.714,member,112
end,Public Rack - Linder & Elston,41.984,-87.766,member,9
end,Broadway & Sheridan Rd,41.953,-87.65,member,9884
end,Wells St & Polk St,41.873,-87.634,member,7650
end,Central Ave & Harrison St,41.873,-87.764,member,21
end,Laramie Ave & Madison St,41.88,-87.755,member,62
end,Lavergne Ave & Diversey Ave,41.931,-87.751,member,85
end,Drake Ave & Montrose Ave,41.961,-87.717,member,827
end,Ravenswood Ave & Lawrence Ave,41.968,-87.674,member,13535
end,California Ave & Granville Ave,41.994,-87.7,member,1043
end,Wood St & Beach Ave,41.908,-87.673,member,7301
end,Long Ave & Belden Ave,41.923,-87.761,member,27
end,Sheffield Ave & Addison St,41.947,-87.654,member,7096
end,Ada St & Washington Blvd,41.883,-87.661,member,4784
end,Cicero Ave & Wellington Ave,41.935,-87.746,member,38
end,Public Rack - Keating & Peterson,41.99,-87.747,member,85
end,Larrabee St & Webster Ave,41.922,-87.644,member,10050
end,Lavergne Ave & Fullerton Ave,41.924,-87.751,member,152
end,Lamon Ave & Chicago Ave,41.895,-87.748,member,52
end,Springfield Ave & North Ave,41.91,-87.724,member,214
end,Monticello Ave & Lawrence Ave,41.969,-87.718,member,560
end,Kedzie Ave & Foster Ave,41.976,-87.709,member,648
end,Kostner Ave & Bryn Mawr Ave,41.983,-87.738,member,153
end,Kedvale Ave & Peterson Ave,41.99,-87.732,member,127
end,Public Rack - Milwaukee Ave & Waveland Ave,41.947,-87.738,member,9
end,Aberdeen St & Randolph St,41.884,-87.654,member,7544
end,Ogden Ave & Race Ave,41.892,-87.659,member,4741
end,Maplewood Ave & Peterson Ave,41.99,-87.693,member,430
end,Campbell Ave & Augusta Blvd,41.9,-87.689,member,1932
end,Dearborn St & Adams St Corral,41.88,-87.63,member,18667
end,Lincoln Ave & Roscoe St*,41.943,-87.671,member,6633
end,Troy St & Elston Ave,41.945,-87.707,member,1720
end,Public Rack - Avers Ave & Irving Park Rd,41.954,-87.724,member,57
end,Shore Dr & 55th St,41.795,-87.581,member,6913
end,Noble St & Ohio St,41.892,-87.662,member,2586
end,N Damen Ave & W Chicago Ave,41.896,-87.679,member,895
end,Milwaukee Ave & Wabansia Ave,41.913,-87.681,member,1415
end,Kostner Ave & Belmont Ave,41.939,-87.737,member,226
end,Public Rack - Lavergne Ave & Belle Plaine Ave,41.955,-87.752,member,39
end,Montrose Harbor,41.964,-87.638,member,8017
end,Tripp Ave & 65th St,41.775,-87.729,member,55
end,Public Rack - Cicero & 64th,41.776,-87.742,member,6
end,Pulaski Rd & 54th St,41.795,-87.724,member,37
end,Komensky Ave & 47th St,41.808,-87.725,member,127
end,Daley Center Plaza,41.884,-87.63,member,16103
end,Richmond St & 59th St,41.786,-87.697,member,102
end,Broadway & Waveland Ave,41.949,-87.649,member,13856
end,Michigan Ave & Washington St,41.884,-87.625,member,11356
end,Malden St & Wilson Ave,41.965,-87.663,member,1525
end,Rockwell St & Fletcher St,41.939,-87.693,member,1253
end,Grace St & Cicero Ave,41.95,-87.747,member,125
end,Broadway & Argyle St,41.974,-87.66,member,4638
end,Peoria St & Jackson Blvd,41.878,-87.65,member,9263
end,Desplaines St & Jackson Blvd,41.878,-87.644,member,8992
end,Kildare Ave & 47th St,41.808,-87.731,member,15
end,Karlov Ave & Fillmore St,41.868,-87.728,member,8
end,Kedzie Ave & Jackson Blvd,41.877,-87.706,member,88
end,Elizabeth St & Randolph St,41.884,-87.659,member,6695
end,Eckhart Park,41.896,-87.661,member,4926
end,Southport Ave & Clybourn Ave,41.921,-87.664,member,2975
end,Public Rack - Webster Ave & Halsted St,41.922,-87.648,member,83
end,Public Rack - Drake Ave & Leland Ave,41.966,-87.717,member,239
end,Marine Dr & Ainslie St,41.972,-87.65,member,4565
end,Public Rack - Campbell Ave & Pratt Blvd,42.005,-87.693,member,71
end,Seminary Ave & Belden Ave,41.923,-87.656,member,1207
end,Damen Ave & Grand Ave,41.892,-87.677,member,3317
end,Lakefront Trail & Wilson Ave,41.967,-87.643,member,3054
end,Granville Ave & Pulaski Rd,41.992,-87.729,member,44
end,21st St & Pulaski Rd,41.853,-87.725,member,32
end,Central Park Ave & 24th St,41.848,-87.715,member,103
end,Lexington St & California Ave,41.872,-87.696,member,202
end,Ashland Ave & Blackhawk St,41.907,-87.667,member,5326
end,Wells St & Concord Ln,41.912,-87.635,member,19118
end,Clark St & Lincoln Ave,41.916,-87.635,member,14499
end,Leavitt St & Armitage Ave,41.918,-87.682,member,3704
end,Sawyer Ave & Fullerton Ave,41.924,-87.709,member,340
end,LaSalle St & Washington St,41.883,-87.632,member,2515
end,California Ave & Altgeld St,41.927,-87.698,member,2224
end,Southport Ave & Belmont Ave,41.939,-87.664,member,6441
end,Addison/Racine Corral,41.947,-87.659,member,804
end,Millard Ave & 26th St,41.845,-87.716,member,171
end,St. Louis & 71st St,41.764,-87.71,member,18
end,Rockwell/Irving Park Hub,41.954,-87.693,member,258
end,California Ave & 23rd Pl,41.849,-87.695,member,303
end,California Ave & 21st St,41.854,-87.696,member,679
end,Racine Ave & 18th St,41.858,-87.656,member,3658
end,Canal St & Adams St,41.879,-87.64,member,15355
end,Carpenter St & Huron St,41.895,-87.653,member,5733
end,LaSalle Dr & Huron St,41.895,-87.632,member,6605
end,Wells St & Institute Pl,41.897,-87.634,member,5420
end,Larrabee St & Kingsbury St,41.898,-87.643,member,19496
end,Public Rack - Spaulding Ave & Evergreen Ave,41.905,-87.71,member,284
end,Western Ave & Wabansia Ave,41.912,-87.688,member,847
end,Drake Ave & Armitage Ave,41.917,-87.715,member,241
end,St. Louis Ave & Fullerton Ave,41.925,-87.714,member,1921
end,Lincoln Ave & Winona St,41.975,-87.693,member,1921
end,Western Ave & Granville Ave,41.994,-87.689,member,1105
end,North Boundary Park,42.013,-87.709,member,411
end,Clark St & Eddy St,41.946,-87.656,member,3031
end,Bernard St & Peterson Ave,41.99,-87.715,member,271
end,Public Rack - Lowell Ave & Elston Ave,41.966,-87.737,member,17
end,Clark St & 9th St (AMLI),41.871,-87.631,member,2562
end,Public Rack - Walden Pkwy & 103rd St,41.706,-87.669,member,11
end,South Shore Dr & 71st St,41.766,-87.566,member,692
end,Halsted St & 18th St,41.858,-87.646,member,2714
end,Artesian Ave & Hubbard St,41.89,-87.688,member,3603
end,St Clair St & Ohio St,41.892,-87.623,member,2403
end,Public Rack - Hollywood Park,41.989,-87.712,member,89
end,Clark St & Schreiber Ave,41.999,-87.671,member,2108
end,Sacramento Ave & Pratt Blvd,42.004,-87.705,member,167
end,Harding Ave & 26th St,41.844,-87.723,member,88
end,Ashland Ave & Lake St,41.886,-87.667,member,3170
end,Spaulding Ave & 16th St,41.859,-87.708,member,33
end,Morgan St & 18th St,41.858,-87.651,member,3121
end,Franklin St & Monroe St,41.88,-87.635,member,15719
end,Green St & Madison St,41.882,-87.649,member,12638
end,New St & Illinois St,41.891,-87.619,member,12851
end,Sedgwick St & Huron St,41.895,-87.638,member,9834
end,Rush St & Cedar St,41.902,-87.628,member,8974
end,Western Ave & Lyndale St,41.923,-87.688,member,704
end,Public Rack - Kimball & Ardmore,41.987,-87.714,member,120
end,Loomis St & Jackson Blvd,41.878,-87.662,member,3528
end,DuSable Lake Shore Dr & Wellington Ave,41.937,-87.637,member,9050
end,Virginia Ave & Catalpa Ave,41.981,-87.705,member,223
end,Public Rack - Al Raby School,41.886,-87.715,member,3
end,California Ave & Touhy Ave,42.012,-87.7,member,154
end,California Ave & 26th St,41.844,-87.695,member,146
end,LaSalle St & Adams St,41.879,-87.632,member,3859
end,Public Rack - Western Ave & 96th St,41.719,-87.682,member,7
end,Aberdeen St & Monroe St,41.88,-87.656,member,3028
end,Green St & Randolph St*,41.884,-87.649,member,5520
end,Orleans St & Elm St,41.903,-87.638,member,3723
end,Cherry Ave & Blackhawk St,41.907,-87.656,member,1604
end,Lincoln Ave & Dickens Ave,41.92,-87.642,member,2779
end,Ravenswood Ave & Berteau Ave,41.958,-87.674,member,3519
end,Clarendon Ave & Junior Ter,41.961,-87.65,member,7974
end,Broadway & Berwyn Ave,41.978,-87.66,member,5388
end,Clark St & Wrightwood Ave,41.93,-87.643,member,11738
end,Richmond St & Lincoln Ave,41.988,-87.703,member,161
end,Damen Ave/Coulter St,41.849,-87.676,member,312
end,Morgan Ave & 14th Pl,41.862,-87.651,member,3338
end,Kedzie Ave & 66th Pl,41.773,-87.703,member,39
end,Sheridan Rd & Berwyn Ave,41.978,-87.655,member,1533
end,Orleans St & Merchandise Mart Plaza,41.888,-87.636,member,14747
end,Leavitt St & Chicago Ave,41.896,-87.682,member,3830
end,Clinton St & Roosevelt Rd,41.867,-87.641,member,3389
end,Broadway & Cuyler Ave,41.955,-87.652,member,1058
end,Sacramento Blvd & Franklin Blvd,41.89,-87.703,member,162
end,Sedgwick St & Webster Ave,41.922,-87.639,member,8346
end,Homan Ave & 26th St,41.844,-87.71,member,39
end,Ashland Ave & Belle Plaine Ave,41.956,-87.669,member,1387
end,Homan Ave & 77th St,41.754,-87.708,member,2
end,Kedzie Ave & Archer Ave,41.814,-87.704,member,70
end,Stony Island Ave & 71st St,41.766,-87.586,member,209
end,Wentworth Ave & 63rd St,41.78,-87.63,member,121
end,Pulaski Rd & 60th St,41.784,-87.723,member,12
end,California Ave & Marquette Rd,41.772,-87.693,member,36
end,Carpenter St & Fulton St,41.887,-87.653,member,2288
end,Public Rack - Wacker Dr & Adams St,41.879,-87.637,member,64
end,Greenview Ave & Diversey Pkwy,41.933,-87.666,member,2732
end,Canal St & Madison St,41.882,-87.64,member,21743
end,Public Rack - St Louis & Lincoln,41.996,-87.716,member,21
end,Leavitt St & Archer Ave,41.829,-87.681,member,518
end,Clinton St & Madison St,41.882,-87.641,member,5969
end,Wells St & Madison St,41.882,-87.634,member,3504
end,Smith Park,41.892,-87.689,member,1445
end,Dearborn St & Maple St,41.902,-87.63,member,5457
end,Racine Ave & Fullerton Ave,41.926,-87.658,member,6576
end,Lincoln Ave & Montana St,41.927,-87.651,member,2144
end,Public Rack - Central Ave & Pensacola Ave,41.96,-87.767,member,7
end,Francisco Ave & Hollywood Ave,41.985,-87.702,member,27
end,Public Rack - Washtenaw Ave & Devon Ave,41.998,-87.697,member,253
end,Canal St & Taylor St,41.87,-87.64,member,1856
end,Rush St & Illinois St,41.891,-87.626,member,1893
end,Sheffield Ave & Fletcher St,41.939,-87.653,member,1207
end,Morgan St & Polk St,41.872,-87.651,member,8574
end,Racine Ave & Randolph St,41.884,-87.657,member,2645
end,Financial Pl & Ida B Wells Dr,41.875,-87.633,member,5706
end,Clark St & Lunt Ave,42.009,-87.674,member,2562
end,MLK Jr Dr & 29th St,41.842,-87.617,member,2731
end,Burnham Harbor,41.857,-87.614,member,4507
end,Indiana Ave & 40th St,41.822,-87.622,member,162
end,Emerald Ave & 31st St,41.838,-87.645,member,2569
end,Calumet Ave & 21st St,41.854,-87.619,member,2537
end,Kildare Ave & 26th St,41.844,-87.733,member,26
end,Mozart St & 55th St,41.794,-87.695,member,14
end,Fairfield Ave & 44th St,41.814,-87.693,member,71
end,Western Ave & 43rd St,41.816,-87.685,member,168
end,Indiana Ave & 31st St,41.839,-87.622,member,1078
end,Wabash Ave & Cermak Rd,41.853,-87.626,member,1652
end,Racine Ave & 15th St,41.861,-87.657,member,2033
end,Racine Ave & Webster Ave,41.922,-87.659,member,1453
end,Warren Park East,42.005,-87.681,member,533
end,Ashland Ave & Pershing Rd,41.823,-87.666,member,261
end,McCormick Place,41.851,-87.619,member,1676
end,May St & Cullerton St,41.855,-87.654,member,1941
end,Michigan Ave & 18th St,41.858,-87.624,member,4931
end,Washtenaw Ave & Polk St,41.871,-87.694,member,87
end,Loomis St & Lexington St,41.872,-87.661,member,9880
end,Dusable Harbor,41.887,-87.613,member,7034
end,Western Ave & Ardmore Ave,41.987,-87.69,member,267
end,Spaulding Ave & 63rd,41.779,-87.706,member,29
end,Marshfield Ave & 44th St,41.814,-87.667,member,13
end,Ritchie Ct & Banks St,41.907,-87.626,member,7635
end,State St & Harrison St,41.874,-87.628,member,4351
end,Pine Grove Ave & Wellington Ave,41.937,-87.641,member,1873
end,Stetson Ave & South Water St,41.887,-87.622,member,5717
end,Ashland Ave & McDowell Ave,41.81,-87.663,member,111
end,Ogden Ave & Congress Pkwy,41.875,-87.673,member,1809
end,Malcolm X College,41.878,-87.674,member,1348
end,Western Ave & Lake St,41.885,-87.687,member,235
end,Artesian Ave & Marquette Rd,41.772,-87.685,member,13
end,Franklin St & Madison St,41.881,-87.635,member,1224
end,Hampden Ct & Diversey Ave,41.933,-87.642,member,899
end,Seeley Ave & Garfield Blvd,41.794,-87.675,member,87
end,Emerald Ave & 28th St,41.844,-87.645,member,1157
end,Artesian Ave & 71st St,41.764,-87.684,member,36
end,Wentworth Ave & 33rd St,41.835,-87.632,member,1129
end,Western Ave & 28th St,41.842,-87.685,member,91
end,Public Rack - Central & Prescott,41.993,-87.766,member,8
end,Hudson Ave & Armitage Ave,41.918,-87.64,member,2750
end,Riverside Plaza & Adams St,41.879,-87.639,member,2238
end,Public Rack - Halsted St & 63rd St,41.78,-87.641,member,13
end,Public Rack - Kingsbury Ave & Eastman St,41.907,-87.651,member,94
end,Lake Park Ave & 35th St,41.831,-87.609,member,887
end,Public Rack - Western Ave & Jarvis Ave,42.016,-87.69,member,61
end,Lakewood Ave & Addison St,41.947,-87.661,member,114
end,Wood St & 33rd St,41.834,-87.671,member,82
end,Michigan Ave & Jackson Blvd,41.879,-87.624,member,4635
end,Canal St & Taylor St,41.87,-87.639,member,3393
end,Public Rack - Kedzie Ave & Chicago Ave,41.896,-87.706,member,19
end,Pershing Rd & Sacramento Ave,41.822,-87.7,member,20
end,Sedgwick St & Schiller St,41.908,-87.639,member,2749
end,Public Rack - Pulaski Rd & Stevens Ave,41.991,-87.729,member,3
end,Damen Ave & Coulter St,41.85,-87.675,member,38
end,Paulina Ave & 87th St,41.736,-87.666,member,10
end,Halsted St & Court Pl,41.884,-87.647,member,488
end,Major Taylor Trail & 111th St,41.692,-87.649,member,4
end,Public Rack - Clark St & Diversey Pkwy (North 2),41.933,-87.645,member,230
end,Public Rack - Lincoln Ave & Fullteron Ave (Northwest),41.926,-87.649,member,53
end,Normal Ave & Archer Ave,41.85,-87.641,member,673
end,University Ave & 59th St,41.788,-87.599,member,4889
end,Cottage Grove Ave & Oakwood Blvd,41.823,-87.607,member,423
end,Public Rack - Sawyer Ave & Lawrence Ave,41.968,-87.709,member,36
end,Cottage Grove Ave & 83rd St,41.743,-87.605,member,124
end,Perry Ave & 69th St,41.769,-87.628,member,57
end,Public Rack - Chase Ave & Touhy Ave - NE,42.015,-87.69,member,2
end,Public Rack - Halsted St Metra Station,41.86,-87.647,member,24
end,Western Ave & 62nd St,41.781,-87.683,member,8
end,Michigan Ave & Jackson Blvd,41.878,-87.624,member,52
end,Waveland/Wilton Corral,41.949,-87.653,member,69
end,DuSable Museum,41.792,-87.608,member,439
end,Halsted St & 56th St,41.793,-87.645,member,21
end,Western Ave & Leland Ave,41.966,-87.689,member,80
end,Halsted St & 37th St,41.827,-87.646,member,480
end,Public Rack - Rush St & Oak St,41.901,-87.628,member,157
end,Wentworth Ave & 24th St,41.85,-87.632,member,922
end,Karlov Ave & Madison St,41.881,-87.728,member,24
end,Wallace St & 28th St,41.844,-87.642,member,306
end,Harper Ave & 55th St,41.795,-87.588,member,2618
end,Halsted St & 51st St,41.802,-87.645,member,210
end,Vincennes Ave & 79th St,41.751,-87.634,member,95
end,Eggleston Ave & 69th St,41.769,-87.636,member,12
end,Public Rack - Rush St & Ohio St,41.893,-87.626,member,60
end,State St & 54th St,41.797,-87.626,member,150
end,Public Rack - Wells St & Wacker Dr,41.887,-87.634,member,51
end,South Shore Dr & 67th St,41.774,-87.568,member,368
end,Halsted St & 63rd St,41.779,-87.645,member,65
end,Stewart Ave & 83rd St,41.744,-87.634,member,69
end,Loomis Blvd & 84th St,41.741,-87.658,member,19
end,Harper Ave & 59th St,41.788,-87.588,member,1731
end,Cottage Grove Ave & 47th St,41.81,-87.607,member,232
end,Public Rack - Woodlawn Ave & 63rd St S,41.779,-87.596,member,42
end,Wabash Ave & 49th St,41.806,-87.624,member,35
end,State St & 79th St,41.751,-87.624,member,106
end,Wabash Ave & 83rd St,41.743,-87.623,member,35
end,MLK Jr Dr & 63rd St,41.78,-87.616,member,51
end,Dorchester Ave & 53rd St,41.799,-87.592,member,1668
end,Public Rack - Evans Ave & 63rd St,41.781,-87.608,member,67
end,Woodlawn Ave & 75th St,41.759,-87.596,member,32
end,Ashland Ave & 66th St,41.774,-87.664,member,9
end,Public Rack - Houston Ave & 91st St,41.73,-87.55,member,59
end,Baltimore Ave & 87th St,41.737,-87.549,member,43
end,Commercial Ave & 97th St,41.719,-87.551,member,42
end,Burnham Greenway & 105th St,41.705,-87.528,member,29
end,Major Taylor Trail & 115th St,41.685,-87.645,member,12
end,Altgeld Gardens,41.657,-87.599,member,2
end,Calumet Park,41.714,-87.531,member,44
end,Public Rack - Yates Ave & 100th St,41.713,-87.564,member,7
end,Bradley Park,41.718,-87.565,member,28
end,Public Rack - Stony Island & 87th St,41.737,-87.586,member,4
end,Greenwood Ave & 97th St,41.719,-87.597,member,3
end,Public Rack - Exchange Ave & 73rd Pl,41.763,-87.564,member,4
end,Calumet Ave & 71st St,41.766,-87.617,member,13
end,Public Rack - Harlem and W. 59th,41.785,-87.801,member,1
end,Public Rack - Damen Ave & 47th St,41.809,-87.675,member,1
end,Eberhart Ave & 91st St,41.729,-87.611,member,7
end,St Louis Ave & 59th St,41.786,-87.711,member,49
end,State St & Pershing Rd,41.823,-87.627,member,41
end,Public Rack - Zapata Academy,41.842,-87.734,member,1
end,Public Rack - Loomis St & Eleanor St,41.845,-87.66,member,10
end,Public Rack - Milwaukee Ave & Leland Ave,41.966,-87.759,member,7
end,Marshfield Ave & 59th St,41.787,-87.666,member,15
end,Public Rack - Waller Ave & Chicago Ave,41.895,-87.768,member,4
end,Public Rack - Minnehaha Ave & Devon Ave,41.997,-87.762,member,2
end,Marmora Ave & Belmont Ave,41.938,-87.774,member,25
end,Public Rack - Mozart Elementary School,41.921,-87.722,member,18
end,Public Rack - Central & Leland,41.965,-87.767,member,7
end,Public Rack - Laramie Ave & Grand Ave,41.917,-87.756,member,5
end,Public Rack - Pratt Ave & Odell Ave,42.004,-87.811,member,4
end,Public Rack - N. Oakview and W. Gregory St,41.98,-87.844,member,8
end,Public Rack - Oketo & Northwest Hwy,42.0,-87.812,member,5
end,Public Rack - Melvina Ave & Montrose Ave,41.959,-87.782,member,9
end,Public Rack - Linder Ave & Belmont Ave,41.939,-87.763,member,3
end,Western Ave & Lake St,41.885,-87.686,member,40
end,Homan Ave & Arthington Ave,41.87,-87.711,member,14
end,Kedzie Ave & 73rd St,41.761,-87.702,member,14
end,Public Rack - Tripp Ave & North Ave,41.91,-87.733,member,6
end,Public Rack - Rockwell Ave & 71st St,41.765,-87.689,member,2
end,Public Rack - Garfield Park Conservatory,41.887,-87.717,member,14
end,Public Rack - Fullerton Ave & Lavergne Ave,41.924,-87.752,member,1
end,Public Rack - Pulaski Rd & 51st Rd,41.8,-87.724,member,1
end,Public Rack - Lowe Ave & 98th St,41.716,-87.639,member,2
end,Throop St & 52nd St,41.8,-87.657,member,13
end,Public Rack - Bishop St & 46th St,41.81,-87.662,member,4
end,Public Rack - Southport Ave & Webster Ave,41.922,-87.663,member,32
end,Public Rack - Central Ave & Corcoran Pl,41.887,-87.765,member,4
end,Major Ave & Bloomingdale Ave,41.913,-87.769,member,4
end,Public Rack - Chopin Park,41.943,-87.762,member,3
end,Public Rack - Lotus Ave & Lawrence Ave,41.968,-87.764,member,15
end,Kildare Ave & 85th St (Kostner Ave & 87th St TEMPORARY),41.735,-87.731,member,3
end,Springfield Ave & 80th St,41.748,-87.719,member,4
end,Public Rack - Ford City Mall,41.757,-87.741,member,6
end,Public Rack - Vincennes Ave & 99th St,41.713,-87.654,member,1
end,Canal St & Jackson Blvd,41.921,-87.663,member,1
end,Public Rack - Parnell Ave & 98th St,41.716,-87.637,member,1
end,Clinton St & Madison St,41.881,-87.641,member,1
end,Public Rack - Halsted St & 102nd St,41.708,-87.643,member,1
end,Greenwood Ave & 91st St,41.728,-87.597,member,7
end,University Ave & 57th St,41.792,-87.59,member,1
end,Public Rack - Wilbur Wright College South,41.958,-87.787,member,2
end,Public Rack - Kostner Ave & Diversey Ave,41.932,-87.737,member,4
end,Public Rack - Cicero Ave & Altgeld St,41.926,-87.746,member,1
end,Public Rack - Pulaski Rd & Lake St,41.886,-87.726,member,4
end,Public Rack - Kostner Ave & 16th St,41.859,-87.734,member,2
end,21st St & Pulaski Rd,41.854,-87.725,member,10
end,Public Rack - Martin Luther King Dr & 44th St,41.814,-87.616,member,3
end,Michigan Ave & 108th St,41.698,-87.621,member,3
end,Indiana Ave & 133rd St,41.654,-87.617,member,4
end,Public Rack - Newcastle & Archer,41.792,-87.793,member,1
end,Public Rack - 63rd St & Meade Ave,41.779,-87.775,member,1
end,Public Rack - Neenah & Archer,41.792,-87.785,member,3
end,Public Rack - Irving Park Rd & Menard Ave,41.953,-87.772,member,1
end,Michigan Ave & 114th St,41.687,-87.621,member,1
end,Public Rack - Bradley Park,41.718,-87.564,member,2
end,Ewing Ave & Burnham Greenway,41.71,-87.536,member,6
end,Public Rack - Harlem & Summerdale,41.978,-87.807,member,7
end,Public Rack - Neva Ave & Grand Ave,41.924,-87.805,member,1
end,Public Rack - Pulaski Rd & 41st,41.818,-87.724,member,1
end,Public Rack - Milwaukee Ave & Sunnyside Ave,41.963,-87.756,member,2
end,Public Rack - Pulaski Rd & 5th Ave,41.873,-87.725,member,1
end,Major Taylor Trail & 124th St,41.669,-87.637,member,2
end,Wentworth Ave & 107th St,41.7,-87.628,member,7
end,Public Rack - Odell & Talcott,41.987,-87.81,member,4
end,Public Rack - Pulaski Rd & Polk St,41.87,-87.725,member,2
end,Public Rack - Homan Ave & 26th St,41.845,-87.71,member,2
end,Public Rack - Western & 74th,41.759,-87.683,member,1
end,Public Rack - Hamlin Ave & Grand Ave,41.904,-87.72,member,4
end,Public Rack - Sayre Ave & 59th St,41.785,-87.796,member,1
end,Public Rack - 63rd St and Nagle Ave,41.778,-87.782,member,1
end,Public Rack - Keeler Ave & 55th St,41.793,-87.728,member,1
end,Public Rack - Ozman & Talcott,41.993,-87.822,member,5
end,Public Rack - Vincennes Ave & 95th Pl,41.721,-87.651,member,1
end,Pine Grove Ave & Irving Park Rd,41.95,-87.647,member,1
end,Torrence Ave & 106th St,41.703,-87.56,member,2
end,Public Rack - Franklin Park,41.861,-87.733,member,1
end,Public Rack - Komensky Ave & 59th St,41.788,-87.723,member,1
end,Public Rack - Cottage Grove & 85th St,41.74,-87.605,member,1
end,Public Rack - Kildare Ave & Washignton Blvd,41.882,-87.734,member,1
end,Kilbourn Ave & 49th St,41.804,-87.736,member,1
end,Public Rack - Throop St & 109th Pl,41.695,-87.654,member,1
end,Public Rack - Cottage Grove Ave & 98th St,41.716,-87.604,member,1
end,Public Rack - Miami Ave & Milwaukee Ave,41.991,-87.782,member,3
end,Public Rack - Plainfield Ave & Irving Park Rd,41.952,-87.834,member,2
end,Public Rack - Christiana Ave & 55th St,41.793,-87.708,member,1
end,Public Rack - Throop St & 58th St,41.789,-87.656,member,1
end,Public Rack - Central Ave & Adams St,41.878,-87.765,member,1
end,Public Rack - Austin Ave & Wellington Ave,41.935,-87.776,member,1
end,Public Rack - Wilbur Wright College North,41.959,-87.79,member,1
end,Eggleston Ave & 111th St,41.693,-87.634,member,1
end,Public Rack - Martin Luther King Dr & 69th St,41.769,-87.615,member,1
end,Public Rack - Western Ave & 107th St,41.699,-87.682,member,1
end,Public Rack - Cottage Grove & 84th St,41.742,-87.605,member,2
end,Public Rack - Neva & Foster,41.975,-87.806,member,2
end,Public Rack - Mulligan Ave & 56th St,41.79,-87.78,member,2
end,Public Rack - Lamon Ave & Archer Ave,41.798,-87.745,member,1
end,Public Rack - Elizabeth St & 115th St,41.685,-87.653,member,1
end,Public Rack - Homewood Ave & Monterey Ave,41.692,-87.67,member,1
end,Francisco Ave & 85th St,41.739,-87.696,member,1
end,Public Rack - Chappel Ave & 71st St,41.766,-87.575,member,1
end,Public Rack - Sawyer Ave & 111th St,41.691,-87.702,member,2
end,Public Rack - Marshfield Ave & 45th St,41.812,-87.666,member,1
end,Public Rack - S Kostner Ave & W 18th Pl,41.855,-87.735,member,1
end,Public Rack - Holbrook St & Milwaukee Ave,41.992,-87.783,member,1
end,Public Rack - Devon Ave & Central Ave,41.997,-87.764,member,1
end,Public Rack - Pulaski Rd & Flournoy St,41.872,-87.725,member,1
end,S Aberdeen St & W 106th St,41.701,-87.649,member,1
start,Public Rack - N. Oakview and W. Gregory St,41.98,-87.844,member,13
start,Panama Ave & Grace St,41.948,-87.829,member,13
start,Overhill Ave & Belmont Ave,41.938,-87.819,member,51
start,Oconto Ave & Belmont Ave,41.938,-87.808,member,24
start,Harlem Ave & Bloomingdale Ave,41.912,-87.806,member,76
start,Oak Park & Wellington,41.935,-87.796,member,136
start,Nagle Ave & Belmont Ave,41.939,-87.787,member,24
start,Higgins Ave & Austin Ave,41.973,-87.779,member,80
start,Austin Ave & Milwaukee Ave,41.987,-87.778,member,90
start,Public Rack - 63rd St & Meade Ave,41.779,-87.775,member,1
start,Marmora Ave & Belmont Ave,41.938,-87.774,member,27
start,Public Rack - Mango & Higgins,41.972,-87.772,member,78
start,Public Rack - Menard Ave & Belmont Ave,41.939,-87.771,member,1
start,Major Ave & Bloomingdale Ave,41.913,-87.769,member,8
start,Public Rack - Central Ave & Lawrence Ave,41.968,-87.768,member,38
start,Public Rack - Central & Leland,41.965,-87.767,member,11
start,Grace St & Central Ave,41.95,-87.767,member,73
start,Public Rack - Linder & Elston,41.984,-87.766,member,8
start,Central Ave & Lake St,41.888,-87.765,member,99
start,Central Ave & Chicago Ave,41.895,-87.765,member,147
start,Portage Park,41.956,-87.765,member,148
start,Central Ave & Harrison St,41.873,-87.764,member,23
start,Milwaukee Ave & Ainslie St,41.969,-87.761,member,1268
start,Long Ave & Belden Ave,41.923,-87.761,member,37
start,Public Rack - Milwaukee Ave & Sunnyside Ave,41.963,-87.756,member,5
start,Laramie Ave & Bloomingdale Ave,41.914,-87.756,member,61
start,Laramie Ave & Madison St,41.88,-87.755,member,64
start,Lavergne Ave & Lawrence Ave,41.968,-87.753,member,263
start,Public Rack - Lavergne Ave & Belle Plaine Ave,41.955,-87.752,member,45
start,Lavergne Ave & Diversey Ave,41.931,-87.751,member,84
start,Lavergne Ave & Fullerton Ave,41.924,-87.751,member,149
start,Milwaukee Ave & Cuyler Ave,41.954,-87.75,member,315
start,Lamon Ave & Belmont Ave,41.939,-87.749,member,193
start,Lamon Ave & Chicago Ave,41.895,-87.748,member,50
start,Public Rack - Keating & Peterson,41.99,-87.747,member,69
start,Grace St & Cicero Ave,41.95,-87.747,member,128
start,Cicero Ave & Wellington Ave,41.935,-87.746,member,31
start,Kostner Ave & Devon Ave,41.997,-87.739,member,4
start,Kostner Ave & Bryn Mawr Ave,41.983,-87.738,member,155
start,Kostner Ave & Belmont Ave,41.939,-87.737,member,226
start,Public Rack - Lowell Ave & Elston Ave,41.966,-87.737,member,29
start,Kostner Ave & Wrightwood Ave,41.928,-87.736,member,432
start,Public Rack - Jonathan Y Scammon Public School,41.942,-87.732,member,117
start,Kedvale Ave & Peterson Ave,41.99,-87.732,member,101
start,Granville Ave & Pulaski Rd,41.992,-87.729,member,56
start,Tripp Ave & 65th St,41.775,-87.729,member,48
start,21st St & Pulaski Rd,41.854,-87.725,member,10
start,Komensky Ave & 47th St,41.808,-87.725,member,122
start,Public Rack - Avers Ave & Irving Park Rd,41.954,-87.724,member,55
start,Springfield Ave & North Ave,41.91,-87.724,member,278
start,Pulaski Rd & 54th St,41.795,-87.724,member,33
start,Harding Ave & 26th St,41.844,-87.723,member,78
start,Pulaski Rd & 60th St,41.784,-87.723,member,30
start,Public Rack - Mozart Elementary School,41.921,-87.722,member,16
start,Monticello Ave & Lawrence Ave,41.969,-87.718,member,559
start,Public Rack - Drake Ave & Leland Ave,41.966,-87.717,member,220
start,Drake Ave & Montrose Ave,41.961,-87.717,member,823
start,Public Rack - St Louis & Lincoln,41.996,-87.716,member,21
start,Millard Ave & 26th St,41.845,-87.716,member,175
start,Central Park Ave & Washington Blvd,41.883,-87.716,member,1
start,Drake Ave & Armitage Ave,41.917,-87.715,member,234
start,Bernard St & Peterson Ave,41.99,-87.715,member,247
start,Central Park Ave & 24th St,41.848,-87.715,member,128
start,Public Rack - Al Raby School,41.886,-87.715,member,2
start,St. Louis Ave & Fullerton Ave,41.925,-87.714,member,1867
start,Public Rack - Kimball & Ardmore,41.987,-87.714,member,106
start,St Louis Ave & Armitage Ave,41.917,-87.714,member,125
start,Public Rack - Hollywood Park,41.989,-87.712,member,88
start,St Louis Ave & 59th St,41.786,-87.711,member,72
start,Homan Ave & Arthington Ave,41.87,-87.711,member,45
start,St. Louis & 71st St,41.764,-87.71,member,19
start,Homan Ave & 26th St,41.844,-87.71,member,29
start,Public Rack - Spaulding Ave & Evergreen Ave,41.905,-87.71,member,185
start,Public Rack - Spaulding Ave & North Ave,41.91,-87.709,member,13
start,Public Rack - Sawyer Ave & Lawrence Ave,41.968,-87.709,member,39
start,Kedzie Ave & Foster Ave,41.976,-87.709,member,667
start,Sawyer Ave & Fullerton Ave,41.924,-87.709,member,363
start,North Boundary Park,42.013,-87.709,member,391
start,Spaulding Ave & 16th St,41.859,-87.708,member,45
start,Kedzie Ave & George St,41.934,-87.707,member,1105
start,Troy St & Elston Ave,41.945,-87.707,member,1576
start,Kedzie Ave & Roosevelt Rd,41.867,-87.706,member,2
start,Kedzie Ave & Jackson Blvd,41.877,-87.706,member,81
start,Albany Ave & Montrose Ave,41.961,-87.706,member,1503
start,Spaulding Ave & 63rd,41.779,-87.706,member,21
start,Virginia Ave & Catalpa Ave,41.981,-87.705,member,251
start,Sacramento Ave & Pratt Blvd,42.004,-87.705,member,148
start,Richmond St & Lincoln Ave,41.988,-87.703,member,155
start,Kedzie Ave & 66th Pl,41.773,-87.703,member,28
start,Sacramento Blvd & Franklin Blvd,41.891,-87.703,member,4
start,Sacramento Blvd & Franklin Blvd,41.89,-87.703,member,157
start,Sacramento Ave & Lyndale St,41.922,-87.703,member,39
start,Francisco Ave & Hollywood Ave,41.985,-87.702,member,36
start,California Ave & Touhy Ave,42.012,-87.7,member,173
start,California Ave & Granville Ave,41.994,-87.7,member,978
start,California Ave & Altgeld St,41.927,-87.698,member,2046
start,California Ave & Francis Pl,41.919,-87.697,member,92
start,Richmond St & 59th St,41.786,-87.697,member,116
start,Public Rack - Washtenaw Ave & Devon Ave,41.998,-87.697,member,235
start,Budlong Woods Library,41.984,-87.696,member,490
start,California Ave & 21st St,41.854,-87.696,member,564
start,Lexington St & California Ave,41.872,-87.696,member,155
start,California Ave & 23rd Pl,41.849,-87.695,member,335
start,California Ave & 26th St,41.844,-87.695,member,163
start,Mozart St & 55th St,41.794,-87.695,member,15
start,Washtenaw Ave & Polk St,41.871,-87.694,member,114
start,Maplewood Ave & Peterson Ave,41.99,-87.693,member,447
start,California Ave & Marquette Rd,41.772,-87.693,member,49
start,Fairfield Ave & 44th St,41.814,-87.693,member,43
start,Rockwell/Irving Park Hub,41.954,-87.693,member,264
start,Rockwell St & Fletcher St,41.939,-87.693,member,1214
start,Lincoln Ave & Winona St,41.975,-87.693,member,1732
start,Public Rack - Campbell Ave & Pratt Blvd,42.005,-87.693,member,60
start,Public Rack - Western Ave & Jarvis Ave,42.016,-87.69,member,59
start,Western Ave & Ardmore Ave,41.987,-87.69,member,277
start,Campbell Ave & Augusta Blvd,41.9,-87.689,member,1926
start,Western Ave & Granville Ave,41.994,-87.689,member,1075
start,Smith Park,41.892,-87.689,member,1296
start,Western Ave & Leland Ave,41.966,-87.689,member,102
start,Artesian Ave & Hubbard St,41.89,-87.688,member,3822
start,Western Ave & Lyndale St,41.923,-87.688,member,685
start,Western Ave & Wabansia Ave,41.912,-87.688,member,966
start,Western Ave & Division St,41.903,-87.688,member,13
start,Western Ave & Lake St,41.885,-87.687,member,239
start,Western Ave & Lake St,41.885,-87.686,member,32
start,Western Ave & 28th St,41.842,-87.685,member,94
start,Western Ave & 43rd St,41.816,-87.685,member,177
start,Artesian Ave & Marquette Rd,41.772,-87.685,member,15
start,Artesian Ave & 71st St,41.764,-87.684,member,31
start,Leavitt St & Armitage Ave,41.918,-87.682,member,3621
start,Leavitt St & Chicago Ave,41.895,-87.682,member,132
start,Leavitt St & Chicago Ave,41.896,-87.682,member,3606
start,Public Rack - Western Ave & 96th St,41.719,-87.682,member,7
start,Milwaukee Ave & Wabansia Ave,41.913,-87.681,member,1322
start,Warren Park East,42.005,-87.681,member,574
start,Leavitt St & Archer Ave,41.829,-87.681,member,510
start,Public Rack - Hoyne Ave & Walton St,41.898,-87.679,member,4
start,N Damen Ave & W Chicago Ave,41.895,-87.679,member,2
start,N Damen Ave & W Chicago Ave,41.896,-87.679,member,770
start,Damen Ave & Thomas St (Augusta Blvd),41.901,-87.678,member,105
start,Damen Ave & Lake St,41.885,-87.677,member,2564
start,Damen Ave & Grand Ave,41.892,-87.677,member,3374
start,Damen Ave & Grand Ave,41.893,-87.677,member,47
start,Damen Ave/Coulter St,41.849,-87.676,member,330
start,Seeley Ave & Garfield Blvd,41.794,-87.675,member,53
start,Damen Ave & Coulter St,41.85,-87.675,member,32
start,Ravenswood Ave & Lawrence Ave,41.968,-87.674,member,13780
start,Clark St & Lunt Ave,42.009,-87.674,member,2457
start,Malcolm X College,41.878,-87.674,member,1504
start,Ravenswood Ave & Berteau Ave,41.958,-87.674,member,3448
start,Ogden Ave & Congress Pkwy,41.875,-87.673,member,2165
start,Wood St & Beach Ave,41.908,-87.673,member,7157
start,Clark St & Schreiber Ave,41.999,-87.671,member,1990
start,Lincoln Ave & Roscoe St*,41.943,-87.671,member,6636
start,Wood St & 33rd St,41.834,-87.671,member,88
start,Ashland Ave & Belle Plaine Ave,41.954,-87.671,member,10
start,Public Rack - Walden Pkwy & 103rd St,41.706,-87.669,member,6
start,Ashland Ave & Belle Plaine Ave,41.956,-87.669,member,1426
start,Clark St & Winnemac Ave,41.973,-87.668,member,9200
start,Clark St & Leland Ave,41.967,-87.668,member,83
start,Ashland Ave & Blackhawk St,41.907,-87.667,member,4972
start,Ashland Ave & Lake St,41.886,-87.667,member,3356
start,Marshfield Ave & 44th St,41.814,-87.667,member,7
start,Greenview Ave & Diversey Pkwy,41.933,-87.666,member,2525
start,Ashland Ave & Pershing Rd,41.823,-87.666,member,237
start,Southport Ave & Belmont Ave,41.939,-87.664,member,6268
start,Ashland Ave & 66th St,41.774,-87.664,member,12
start,Southport Ave & Clybourn Ave,41.921,-87.664,member,2944
start,Ashland Ave & McDowell Ave,41.81,-87.663,member,127
start,Public Rack - Southport Ave & Webster Ave,41.922,-87.663,member,24
start,Malden St & Wilson Ave,41.965,-87.663,member,1597
start,Noble St & Ohio St,41.893,-87.662,member,14
start,Noble St & Ohio St,41.892,-87.662,member,2676
start,Loomis St & Jackson Blvd,41.878,-87.662,member,3730
start,Loomis St & Lexington St,41.872,-87.661,member,10169
start,Ada St & Washington Blvd,41.883,-87.661,member,5200
start,Eckhart Park,41.896,-87.661,member,5025
start,Lakewood Ave & Addison St,41.947,-87.661,member,88
start,Broadway & Argyle St,41.974,-87.66,member,4355
start,Broadway & Berwyn Ave,41.978,-87.66,member,5272
start,Addison/Racine Corral,41.947,-87.659,member,722
start,Elizabeth St & Randolph St,41.884,-87.659,member,6521
start,Ogden Ave & Race Ave,41.892,-87.659,member,4831
start,Racine Ave & Webster Ave,41.922,-87.659,member,1278
start,Racine Ave & Fullerton Ave,41.926,-87.658,member,6116
start,Throop St & 52nd St,41.8,-87.657,member,18
start,Racine Ave & Randolph St,41.884,-87.657,member,2720
start,Racine Ave & 15th St,41.861,-87.657,member,2048
start,Racine Ave & 18th St,41.858,-87.656,member,3544
start,Clark St & Eddy St,41.946,-87.656,member,2920
start,Seminary Ave & Belden Ave,41.923,-87.656,member,1180
start,Cherry Ave & Blackhawk St,41.907,-87.656,member,1583
start,Aberdeen St & Monroe St,41.88,-87.656,member,3116
start,Sheridan Rd & Berwyn Ave,41.978,-87.655,member,1517
start,Clark St & Newport St,41.944,-87.655,member,78
start,Sheffield Ave & Addison St,41.947,-87.654,member,6309
start,Aberdeen St & Randolph St,41.884,-87.654,member,7259
start,May St & Cullerton St,41.855,-87.654,member,2055
start,W Armitage Ave & N Sheffield Ave,41.918,-87.654,member,9
start,Carpenter St & Huron St,41.895,-87.653,member,5929
start,Sheffield Ave & Fletcher St,41.939,-87.653,member,1143
start,Carpenter St & Fulton St,41.887,-87.653,member,2259
start,Waveland/Wilton Corral,41.949,-87.653,member,93
start,Bissell St & Armitage Ave*,41.919,-87.652,member,52
start,Broadway & Cuyler Ave,41.955,-87.652,member,1092
start,Morgan Ave & 14th Pl,41.862,-87.651,member,3449
start,Morgan St & 18th St,41.858,-87.651,member,3124
start,Morgan St & Polk St,41.872,-87.651,member,9126
start,Public Rack - Kingsbury Ave & Eastman St,41.907,-87.651,member,100
start,Lincoln Ave & Montana St,41.927,-87.651,member,2119
start,Clark St & Fletcher St,41.939,-87.651,member,29
start,Marine Dr & Ainslie St,41.972,-87.65,member,4558
start,Broadway & Sheridan Rd,41.953,-87.65,member,9610
start,Peoria St & Jackson Blvd,41.878,-87.65,member,9015
start,Clarendon Ave & Junior Ter,41.961,-87.65,member,7829
start,Public Rack - Lincoln Ave & Fullteron Ave (Northwest),41.926,-87.649,member,54
start,Green St & Madison St,41.882,-87.649,member,12479
start,Major Taylor Trail & 111th St,41.692,-87.649,member,5
start,Green St & Randolph St*,41.884,-87.649,member,5183
start,Broadway & Waveland Ave,41.949,-87.649,member,13498
start,Public Rack - Webster Ave & Halsted St,41.922,-87.648,member,66
start,Milwaukee Ave & Grand Ave,41.891,-87.648,member,56
start,Halsted St & Clybourn Ave,41.909,-87.648,member,26
start,Clark St & Wellington Ave,41.937,-87.648,member,107
start,Halsted St & Court Pl,41.884,-87.647,member,541
start,Public Rack - Halsted St Metra Station,41.86,-87.647,member,17
start,Halsted St & 18th St,41.858,-87.646,member,2812
start,Halsted St & 37th St,41.827,-87.646,member,450
start,Public Rack - Clark St & Diversey Pkwy (North 2),41.933,-87.645,member,218
start,Emerald Ave & 28th St,41.844,-87.645,member,1228
start,Major Taylor Trail & 115th St,41.685,-87.645,member,14
start,Halsted St & 51st St,41.802,-87.645,member,180
start,Emerald Ave & 31st St,41.838,-87.645,member,2548
start,Halsted St & 56th St,41.793,-87.645,member,25
start,Halsted St & 63rd St,41.779,-87.645,member,89
start,Desplaines St & Jackson Blvd,41.878,-87.644,member,9029
start,Larrabee St & Webster Ave,41.922,-87.644,member,9608
start,Clark St & Wrightwood Ave,41.93,-87.643,member,11481
start,Clark St & Wrightwood Ave,41.929,-87.643,member,10
start,Lakefront Trail & Wilson Ave,41.967,-87.643,member,3152
start,Larrabee St & Kingsbury St,41.898,-87.643,member,19841
start,Hampden Ct & Diversey Pkwy,41.932,-87.642,member,5011
start,Hampden Ct & Diversey Ave,41.933,-87.642,member,787
start,Wallace St & 28th St,41.844,-87.642,member,392
start,Lincoln Ave & Dickens Ave,41.92,-87.642,member,2633
start,Clinton St & Jackson Blvd,41.878,-87.642,member,14
start,Clinton St & Madison St,41.882,-87.641,member,6035
start,Pine Grove Ave & Wellington Ave,41.937,-87.641,member,1659
start,Clinton St & Roosevelt Rd,41.867,-87.641,member,3253
start,Normal Ave & Archer Ave,41.85,-87.641,member,610
start,Canal St & Adams St,41.879,-87.64,member,15581
start,Hudson Ave & Armitage Ave,41.918,-87.64,member,2607
start,Canal St & Taylor St,41.87,-87.64,member,1772
start,Canal St & Madison St,41.882,-87.64,member,22052
start,Canal St & Taylor St,41.87,-87.639,member,3200
start,Canal St & Madison St,41.882,-87.639,member,195
start,Sedgwick St & Webster Ave,41.922,-87.639,member,8061
start,Riverside Plaza & Adams St,41.879,-87.639,member,2297
start,Sedgwick St & Schiller St,41.908,-87.639,member,2909
start,Sedgwick St & Huron St,41.895,-87.638,member,10704
start,Montrose Harbor,41.964,-87.638,member,7589
start,Orleans St & Elm St,41.903,-87.638,member,4212
start,Orleans St & Chestnut St (NEXT Apts),41.898,-87.637,member,100
start,Public Rack - Wacker Dr & Adams St,41.879,-87.637,member,54
start,DuSable Lake Shore Dr & Wellington Ave,41.937,-87.637,member,9026
start,Orleans St & Merchandise Mart Plaza,41.888,-87.636,member,13941
start,Orleans St & Hubbard St,41.89,-87.636,member,14
start,Clark St & Armitage Ave,41.919,-87.636,member,1
start,Franklin St & Jackson Blvd,41.878,-87.636,member,20
start,Eggleston Ave & 69th St,41.769,-87.636,member,18
start,Franklin St & Madison St,41.881,-87.635,member,1376
start,Franklin St & Lake St,41.886,-87.635,member,218
start,Franklin St & Monroe St,41.88,-87.635,member,13047
start,Wells St & Concord Ln,41.912,-87.635,member,18885
start,Wells St & Huron St,41.895,-87.635,member,548
start,Clark St & Lincoln Ave,41.916,-87.635,member,14403
start,Wells St & Institute Pl,41.897,-87.634,member,5496
start,Wells St & Madison St,41.882,-87.634,member,2695
start,Vincennes Ave & 79th St,41.751,-87.634,member,82
start,Stewart Ave & 83rd St,41.744,-87.634,member,82
start,Public Rack - Wells St & Wacker Dr,41.887,-87.634,member,43
start,Wells St & Polk St,41.873,-87.634,member,7745
start,Wells St & Polk St,41.873,-87.633,member,9
start,Financial Pl & Ida B Wells Dr,41.875,-87.633,member,6070
start,LaSalle Dr & Huron St,41.895,-87.633,member,14
start,LaSalle St & Washington St,41.883,-87.632,member,2756
start,LaSalle Dr & Huron St,41.895,-87.632,member,6990
start,Wentworth Ave & 24th St,41.85,-87.632,member,779
start,LaSalle St & Adams St,41.879,-87.632,member,3502
start,Wentworth Ave & 33rd St,41.835,-87.632,member,1089
start,Clark St & 9th St (AMLI),41.871,-87.631,member,2868
start,Dearborn St & Maple St,41.902,-87.63,member,5426
start,Dearborn St & Maple St,41.901,-87.63,member,10
start,Dearborn St & Adams St Corral,41.88,-87.63,member,23828
start,Wentworth Ave & 63rd St,41.78,-87.63,member,102
start,Daley Center Plaza,41.884,-87.63,member,14939
start,State St & Pearson St,41.898,-87.629,member,12
start,Rush St & Cedar St,41.902,-87.628,member,9267
start,Perry Ave & 69th St,41.769,-87.628,member,67
start,Wentworth Ave & 107th St,41.7,-87.628,member,11
start,State St & Harrison St,41.874,-87.628,member,4652
start,Wabash Ave & Grand Ave,41.891,-87.628,member,4
start,Public Rack - Rush St & Oak St,41.901,-87.628,member,155
start,State St & Kinzie St,41.89,-87.627,member,22
start,Wabash Ave & Cermak Rd,41.853,-87.626,member,1664
start,Rush St & Illinois St,41.891,-87.626,member,1955
start,Ritchie Ct & Banks St,41.907,-87.626,member,7574
start,State St & 54th St,41.797,-87.626,member,124
start,Public Rack - Rush St & Ohio St,41.893,-87.626,member,63
start,Wabash Ave & 16th St,41.861,-87.626,member,32
start,Wabash Ave & Adams St,41.88,-87.626,member,52
start,Michigan Ave & Washington St,41.884,-87.625,member,12115
start,Wabash Ave & 49th St,41.806,-87.624,member,35
start,State St & 79th St,41.751,-87.624,member,82
start,Michigan Ave & 18th St,41.858,-87.624,member,5052
start,Michigan Ave & Jackson Blvd,41.879,-87.624,member,5139
start,Michigan Ave & Jackson Blvd,41.878,-87.624,member,65
start,Michigan Ave & 8th St,41.872,-87.624,member,20
start,St. Clair St & Erie St,41.895,-87.623,member,25
start,St Clair St & Ohio St,41.892,-87.623,member,2591
start,Wabash Ave & 83rd St,41.743,-87.623,member,53
start,St Clair St & Ohio St,41.893,-87.623,member,13
start,Stetson Ave & South Water St,41.887,-87.622,member,6581
start,Mies van der Rohe Way & Chestnut St,41.898,-87.622,member,110
start,Indiana Ave & 31st St,41.839,-87.622,member,961
start,Indiana Ave & 40th St,41.822,-87.622,member,172
start,Mies van der Rohe Way & Chestnut St,41.899,-87.621,member,9
start,Columbus Dr & Randolph St,41.884,-87.619,member,55
start,Columbus Dr & Randolph St,41.885,-87.619,member,197
start,Calumet Ave & 21st St,41.854,-87.619,member,2483
start,McCormick Place,41.851,-87.619,member,1870
start,New St & Illinois St,41.891,-87.619,member,12427
start,MLK Jr Dr & 29th St,41.842,-87.617,member,3076
start,MLK Jr Dr & 63rd St,41.78,-87.616,member,73
start,Shedd Aquarium,41.867,-87.616,member,207
start,Burnham Harbor,41.857,-87.614,member,4862
start,Dusable Harbor,41.887,-87.613,member,5639
start,Eberhart Ave & 91st St,41.729,-87.611,member,8
start,Lake Park Ave & 35th St,41.831,-87.609,member,1023
start,DuSable Museum,41.792,-87.608,member,453
start,Public Rack - Evans Ave & 63rd St,41.781,-87.608,member,59
start,Cottage Grove Ave & Oakwood Blvd,41.823,-87.607,member,438
start,Cottage Grove Ave & 47th St,41.81,-87.607,member,196
start,Cottage Grove Ave & 83rd St,41.743,-87.605,member,101
start,University Ave & 59th St,41.788,-87.599,member,4973
start,Greenwood Ave & 91st St,41.728,-87.597,member,8
start,Public Rack - Woodlawn Ave & 63rd St S,41.779,-87.596,member,31
start,Woodlawn Ave & 75th St,41.759,-87.596,member,26
start,Dorchester Ave & 53rd St,41.799,-87.592,member,1750
start,Harper Ave & 59th St,41.788,-87.589,member,1
start,Harper Ave & 55th St,41.795,-87.588,member,2626
start,Harper Ave & 59th St,41.788,-87.588,member,2036
start,Lake Park Ave & 56th St,41.792,-87.588,member,29
start,Stony Island Ave & 71st St,41.766,-87.586,member,199
start,Public Rack - Stony Island & 87th St,41.737,-87.586,member,4
start,Shore Dr & 55th St,41.795,-87.581,member,6915
start,South Shore Dr & 67th St,41.774,-87.568,member,383
start,South Shore Dr & 71st St,41.766,-87.566,member,714
start,Bradley Park,41.718,-87.565,member,28
start,Commercial Ave & 97th St,41.719,-87.551,member,33
start,Public Rack - Houston Ave & 91st St,41.73,-87.55,member,49
start,Baltimore Ave & 87th St,41.737,-87.549,member,53
start,Ewing Ave & Burnham Greenway,41.71,-87.536,member,14
start,Calumet Park,41.714,-87.531,member,42
start,Burnham Greenway & 105th St,41.705,-87.528,member,34
start,Indiana Ave & 133rd St,41.654,-87.617,member,7
start,Public Rack - Calumet Ave & 103rd St,41.707,-87.615,member,1
start,Greenwood Ave & 97th St,41.719,-87.597,member,7
start,Paulina Ave & 87th St,41.736,-87.666,member,12
start,Kedzie Ave & 73rd St,41.761,-87.702,member,16
start,Public Rack - Artesian & 71st,41.765,-87.685,member,1
start,Calumet Ave & 71st St,41.766,-87.617,member,17
start,Public Rack - Chappel Ave & 71st St,41.766,-87.575,member,1
start,Western Ave & 62nd St,41.781,-87.683,member,19
start,Marshfield Ave & 59th St,41.787,-87.666,member,7
start,Kilbourn Ave & 49th St,41.804,-87.736,member,3
start,Kedzie Ave & Archer Ave,41.814,-87.704,member,65
start,Pershing Rd & Sacramento Ave,41.822,-87.7,member,21
start,State St & Pershing Rd,41.823,-87.627,member,50
start,Kildare Ave & 26th St,41.844,-87.733,member,23
start,21st St & Pulaski Rd,41.853,-87.725,member,40
start,Calumet Ave & 18th St,41.858,-87.62,member,9
start,Karlov Ave & Fillmore St,41.868,-87.728,member,7
start,Karlov Ave & Madison St,41.881,-87.728,member,29
start,Wabash Ave & Washington St,41.883,-87.626,member,6
start,Green St & Randolph St*,41.883,-87.648,member,4
start,Michigan Ave & Lake St,41.885,-87.625,member,3
start,Public Rack - Central Ave & Corcoran Pl,41.887,-87.765,member,5
start,State St & Kinzie St,41.888,-87.627,member,13
start,Public Rack - Dearborn St & Kinzie St 1,41.889,-87.63,member,14
start,McClurg Ct & Erie St,41.894,-87.619,member,14
start,St. Clair St & Erie St,41.894,-87.622,member,17
start,Public Rack - Kedzie Ave & Chicago Ave,41.896,-87.706,member,20
start,Wells St & Institute Pl,41.898,-87.634,member,32
start,Public Rack - Hoyne Ave & Walton St,41.898,-87.68,member,5
start,Public Rack - Kostner Ave & Diversey Ave,41.932,-87.737,member,5
start,Sheffield/Newport Corral,41.944,-87.654,member,16
start,Meade Ave & Addison St,41.946,-87.779,member,22
start,Public Rack - Neenah & Dakin,41.952,-87.791,member,13
start,Ravenswood Ave & Berteau Ave,41.958,-87.673,member,4
start,Public Rack - Neva & Foster,41.975,-87.806,member,3
start,Lynch Ave & Elston Ave,41.981,-87.762,member,4
start,Public Rack - Pulaski Rd & Stevens Ave,41.991,-87.729,member,3
start,Public Rack - Oketo & Northwest Hwy,42.0,-87.812,member,2
start,Public Rack - Odell & Talcott,41.987,-87.81,member,5
start,Public Rack - 63rd St and Nagle Ave,41.778,-87.782,member,2
start,Public Rack - Melvina Ave & Montrose Ave,41.959,-87.782,member,8
start,Public Rack - Menard Ave & Dakin St - midblock,41.952,-87.772,member,3
start,Public Rack - Lotus Ave & Lawrence Ave,41.968,-87.764,member,12
start,Public Rack - Tripp Ave & North Ave,41.91,-87.733,member,6
start,Kildare Ave & 47th St,41.808,-87.731,member,11
start,Public Rack - Pulaski Rd & 51st Rd,41.8,-87.724,member,1
start,Public Rack - Garfield Park Conservatory,41.887,-87.717,member,14
start,Washtenaw Ave & Ogden Ave,41.862,-87.694,member,11
start,Public Rack - Rockwell Ave & 71st St,41.765,-87.689,member,1
start,Public Rack - Bishop St & 46th St,41.81,-87.662,member,4
start,Public Rack - Loomis St & Eleanor St,41.845,-87.66,member,10
start,Southport Ave & Wellington Ave,41.93,-87.655,member,1
start,Dayton St & North Ave,41.911,-87.65,member,9
start,Broadway & Oakdale Ave,41.935,-87.644,member,3
start,Public Rack - Halsted St & 63rd St,41.78,-87.641,member,13
start,Orleans St & Merchandise Mart Plaza,41.887,-87.636,member,3
start,LaSalle St & Adams St Corral,41.879,-87.633,member,2
start,Dearborn St & Washington St,41.883,-87.63,member,32
start,Michigan Ave & Ida B Wells Dr,41.876,-87.625,member,2
start,St. Clair St & Erie St,41.893,-87.622,member,1
start,Eberhart Ave & 61st St,41.784,-87.615,member,1
start,Public Rack - Cottage Grove & 85th St,41.74,-87.605,member,1
start,Ellis Ave & 60th St,41.793,-87.599,member,1
start,Torrence Ave & 106th St,41.703,-87.56,member,2
start,Public Rack - Plainfield Ave & Irving Park Rd,41.952,-87.834,member,3
start,Public Rack - Harlem & Summerdale,41.978,-87.807,member,5
start,Public Rack - Milwaukee Ave & Catalpa Ave,41.977,-87.769,member,27
start,Public Rack - Central Ave & Pensacola Ave,41.96,-87.767,member,12
start,Keystone Ave & Fullerton Ave,41.924,-87.728,member,1
start,Public Rack - Pulaski Rd & 5th Ave,41.873,-87.725,member,1
start,Public Rack - Peterson Ave & Bernard Ave,41.99,-87.716,member,1
start,Public Rack - Kedzie Ave & Argyle St,41.972,-87.708,member,2
start,Public Rack - Western Ave & 107th St,41.699,-87.682,member,1
start,Waveland/Racine Corral,41.948,-87.659,member,3
start,S Aberdeen St & W 106th St,41.701,-87.649,member,1
start,Canal St & Madison St,41.881,-87.64,member,1
start,Clinton St & Washington Blvd,41.884,-87.64,member,1
start,Public Rack - Lowe Ave & 98th St,41.716,-87.639,member,1
start,Wells St & Walton St,41.9,-87.635,member,3
start,Rush St & Superior St,41.895,-87.63,member,1
start,Clark St & Lake St,41.886,-87.63,member,2
start,Dearborn St & Erie St,41.894,-87.63,member,3
start,Mies van der Rohe Way & Chestnut St,41.899,-87.623,member,3
start,Michigan Ave & 108th St,41.698,-87.621,member,5
start,New St & Illinois St,41.89,-87.619,member,3
start,Public Rack - Greenwood Ave & Lake Park Ave,41.817,-87.599,member,1
start,Lake Park Ave & 53rd St,41.8,-87.587,member,2
start,Public Rack - Central & Prescott,41.993,-87.766,member,4
start,Public Rack - Linder Ave & Belmont Ave,41.939,-87.763,member,1
start,Public Rack - Milwaukee Ave & Waveland Ave,41.947,-87.738,member,5
start,Public Rack - Kildare Ave & Washignton Blvd,41.882,-87.734,member,1
start,Springfield Ave & 80th St,41.748,-87.719,member,5
start,St Louis Ave & Armitage Ave,41.917,-87.713,member,6
start,Public Rack - Christiana Ave & 55th St,41.793,-87.708,member,1
start,Campbell Ave & Augusta Blvd,41.899,-87.69,member,7
start,Paulina St & Montrose Ave,41.961,-87.672,member,3
start,Paulina Ave & North Ave,41.911,-87.67,member,1
start,Loomis Blvd & 84th St,41.741,-87.658,member,17
start,Public Rack - Carpenter St & Madison St,41.882,-87.653,member,2
start,Public Rack - Clark St & Diversey Pkwy (South),41.932,-87.645,member,2
start,Desplaines St & Kinzie St,41.888,-87.645,member,1
start,Broadway & Barry Ave,41.937,-87.644,member,2
start,Clinton St & Jackson Blvd,41.879,-87.642,member,5
start,Sedgwick St & Schiller St,41.907,-87.638,member,3
start,Eggleston Ave & 111th St,41.693,-87.634,member,1
start,Michigan Ave & Pearson St,41.896,-87.624,member,1
start,McClurg Ct & Erie St,41.895,-87.617,member,2
start,Public Rack - Martin Luther King Dr & 44th St,41.814,-87.616,member,5
start,Woodlawn Ave & 58th St,41.789,-87.597,member,15
start,Cornell Ave & Hyde Park Blvd,41.803,-87.587,member,3
start,Public Rack - Exchange Ave & 73rd Pl,41.763,-87.564,member,4
start,Public Rack - Sayre Ave & 59th St,41.785,-87.796,member,1
start,Public Rack - Miami Ave & Milwaukee Ave,41.991,-87.782,member,3
start,Public Rack - Waller Ave & Chicago Ave,41.895,-87.768,member,3
start,Public Rack - Minnehaha Ave & Devon Ave,41.997,-87.762,member,1
start,Public Rack - Cicero Ave & Altgeld St,41.926,-87.746,member,2
start,Kildare Ave & 85th St (Kostner Ave & 87th St TEMPORARY),41.735,-87.731,member,2
start,Public Rack - Milwaukee Ave & Haussen Ct,41.938,-87.721,member,5
start,Public Rack - Christiana & Lincoln,41.994,-87.713,member,1
start,Public Rack - Homan Ave & 26th St,41.845,-87.71,member,1
start,Public Rack - Sawyer Ave & 111th St,41.691,-87.702,member,2
start,Public Rack - Chase Ave & Touhy Ave - NE,42.015,-87.69,member,3
start,Western Ave & Gunnison St,41.97,-87.689,member,6
start,Western Ave & Lake St,41.884,-87.686,member,1
start,Sheridan Rd & Argyle St,41.949,-87.65,member,1
start,Clinton St & Madison St,41.881,-87.641,member,5
start,Wacker Dr & Randolph St,41.884,-87.638,member,7
start,Major Taylor Trail & 124th St,41.669,-87.637,member,3
start,Wells St & Madison St,41.881,-87.633,member,2
start,Clark St & Washington St,41.884,-87.632,member,3
start,Clark St & Chicago Ave,41.897,-87.63,member,1
start,Ritchie Ct & Banks St,41.911,-87.63,member,1
start,Michigan Ave & Lake St,41.876,-87.619,member,1
start,Public Rack - Yates Ave & 100th St,41.713,-87.564,member,6
start,Public Rack - Devon Ave & Central Ave,41.997,-87.764,member,1
start,Public Rack - Laramie Ave & Grand Ave,41.917,-87.756,member,6
start,Peoria St & Jackson Blvd,41.877,-87.65,member,3
start,Halsted St & Lake St,41.885,-87.647,member,3
start,Public Rack - Desplaines St & Fulton St,41.887,-87.644,member,1
start,Franklin St & Jackson Blvd,41.877,-87.636,member,3
start,Wells St & Elm St,41.904,-87.635,member,3
start,Wentworth Ave & 33rd St,41.834,-87.632,member,1
start,Public Rack - Pratt Ave & Odell Ave,42.004,-87.811,member,4
start,Public Rack - Wilbur Wright College North,41.959,-87.79,member,1
start,Public Rack - Wilbur Wright College South,41.958,-87.787,member,2
start,Public Rack - 56th St & Mulligan Ave,41.791,-87.78,member,1
start,Public Rack - Fullerton Ave & Lavergne Ave,41.924,-87.752,member,2
start,Albany Ave & 26th St,41.844,-87.702,member,1
start,Damen Ave & Evergreen Ave,41.906,-87.677,member,1
start,Sheffield Ave & Wrightwood Ave,41.928,-87.654,member,1
start,Clark St & Wellington Ave,41.936,-87.647,member,4
start,Clinton St & Lake St,41.887,-87.64,member,1
start,Public Rack - Parnell Ave & 98th St,41.716,-87.637,member,1
start,Michigan Ave & Oak St,41.901,-87.623,member,2
start,Public Rack - Cottage Grove Ave & 98th St,41.716,-87.604,member,1
start,Dorchester Ave & 49th St,41.806,-87.593,member,1
start,Public Rack - Neva Ave & Grand Ave,41.924,-87.805,member,3
start,Public Rack - Harlem and W. 59th,41.785,-87.801,member,2
start,Public Rack - Irving Park Rd & Melvina Ave,41.953,-87.781,member,2
start,Public Rack - Mulligan Ave & 56th St,41.79,-87.78,member,3
start,Public Rack - Pulaski Rd & Flournoy St,41.872,-87.725,member,1
start,Public Rack - Pulaski Rd & 41st,41.818,-87.724,member,1
start,Public Rack - Damen Ave & 47th St,41.809,-87.675,member,1
start,Noble St & Potomac Ave,41.905,-87.663,member,6
start,Franklin St & Madison St,41.881,-87.638,member,1
start,Public Rack - Orleans St & Grand Ave,41.891,-87.637,member,2
start,Public Rack - Cicero & 64th,41.776,-87.742,member,2
start,Public Rack - Ford City Mall,41.757,-87.741,member,6
start,Public Rack - Pulaski Rd & Lake St,41.886,-87.726,member,2
start,Public Rack - Hamlin Ave & Grand Ave,41.904,-87.72,member,3
start,Kimball Ave & Wrightwood Ave,41.928,-87.713,member,2
start,Western Ave & Grace St,41.951,-87.688,member,1
start,Damen Ave & Pierce Ave,41.91,-87.678,member,1
start,Sheffield Ave & Waveland Ave,41.949,-87.658,member,1
start,Michigan Ave & 114th St,41.687,-87.621,member,1
start,Houston Ave & 92nd St,41.728,-87.549,member,1
start,Baltimore Ave & 87th St,41.737,-87.548,member,1
start,Homan Ave & Arthington Ave,41.869,-87.711,member,1
start,Homan Ave & 77th St,41.754,-87.708,member,2
start,Campbell Ave & Montrose Ave,41.961,-87.691,member,1
start,Addison/Racine Corral,41.947,-87.66,member,2
start,Public Rack - Throop St & 58th St,41.789,-87.656,member,2
start,Rush St & Hubbard St,41.889,-87.626,member,1
start,Dearborn St & Division St,41.904,-87.626,member,1
start,Public Rack - Rush St & Ohio St,41.892,-87.625,member,1
start,Altgeld Gardens,41.657,-87.599,member,1
start,Public Rack - Holbrook St & Milwaukee Ave,41.992,-87.783,member,1
start,Public Rack - Chopin Park,41.943,-87.762,member,2
start,Public Rack - Milwaukee Ave & Leland Ave,41.966,-87.759,member,4
start,Sacramento Ave & Lyndale St,41.923,-87.702,member,1
start,Elizabeth St & Randolph St,41.885,-87.659,member,1
start,Wacker Dr & Randolph St,41.885,-87.638,member,2
start,Dearborn Pkwy & Delaware Pl,41.895,-87.628,member,1
start,Stetson Ave & South Water St,41.886,-87.622,member,6
start,Public Rack - Martin Luther King Dr & 69th St,41.769,-87.615,member,1
start,Public Rack - Pulaski Rd & Grenshaw St,41.867,-87.725,member,1
start,Public Rack - Milwaukee Ave & Diversey Ave,41.932,-87.712,member,1
start,Dodge Ave & Mulford St,42.024,-87.7,member,1
start,Francisco Ave & 85th St,41.739,-87.696,member,2
start,Public Rack - Ozman & Talcott,41.993,-87.822,member,2
start,Public Rack - Devon Ave & Minnehaha Ave (east),41.997,-87.763,member,1
start,Public Rack - S Kostner Ave & W 18th Pl,41.855,-87.735,member,1
start,Public Rack - Zapata Academy,41.842,-87.734,member,1
start,Kildare Ave & North Ave,41.909,-87.734,member,2
start,Tripp Ave & 31st St,41.837,-87.73,member,1
start,Francisco Ave & Bloomingdale Ave,41.914,-87.7,member,1
start,LaSalle St & Adams St,41.879,-87.631,member,1
start,Wabash Ave & Grand Ave,41.895,-87.625,member,1
start,Public Rack - Newcastle & Archer,41.792,-87.793,member,1
start,Public Rack - Hiawatha Ave & Minnehaha Ave,42.0,-87.761,member,1
start,Milwaukee Ave & Agatite Ave,41.961,-87.755,member,1
start,Public Rack - Lamon Ave & Archer Ave,41.798,-87.745,member,1
start,Desplaines St & Randolph St,41.884,-87.645,member,2
start,Public Rack - Halsted St & 102nd St,41.708,-87.643,member,1
start,Rush St & Superior St,41.897,-87.625,member,2
start,Public Rack - Bradley Park,41.718,-87.564,member,1
start,Wabash Ave & 9th St,41.846,-87.641,member,1
start,Public Rack - Kostner Ave & 16th St,41.859,-87.734,member,1
start,Canal St & Jackson Blvd,41.921,-87.663,member,1
start,Public Rack - Nordica Ave & Addison St,41.945,-87.803,member,1
start,Public Rack - Neenah & Archer,41.792,-87.785,member,1
start,Public Rack - Milwaukee Ave & School St,41.94,-87.726,member,1
start,Public Rack - Pulaski Rd & Polk St,41.87,-87.725,member,1
start,Racine Ave & Fullerton Ave,41.925,-87.658,member,1